jobId,skill
270925006315,Azure
260925504381,Linux
260925503653,JavaScript
260925503508,GCP
260925502205,Excel
260925502203,Excel
260925502136,SQL
260925502136,Java
260925032165,Python
260925032165,Generative AI
260925027670,Docker
260925027670,Kubernetes
260925025955,Java
260925025955,React
260925022245,Excel
260925012992,Azure
260925012596,Kubernetes
260925010708,Excel
260925010681,Cybersecurity
260925009599,SQL
260925009599,Tableau
250925927597,Python
250925926444,Java
250925926444,React
250925926441,Java
250925926441,React
250925926395,Java
250925926395,React
250925926344,Machine Learning
250925926344,Deep Learning
250925926344,NLP
250925921558,Python
250925921558,Machine Learning
250925921558,NLP
250925921558,JavaScript
250925921556,SQL
250925921556,Power BI
250925921547,Azure
250925921541,Python
250925921541,Machine Learning
250925921541,NLP
250925921541,JavaScript
250925921515,Python
250925921515,Kubernetes
250925921515,Git
250925921507,SQL
250925921507,Power BI
250925921505,SQL
250925921505,Power BI
250925921158,SQL
250925921158,Power BI
250925501902,GCP
250925501169,Excel
250925500480,Python
250925500480,SQL
250925017117,Azure
250825014189,Excel
240925507685,Python
240925507685,Cybersecurity
240925507685,Linux
240925501760,SQL
240925035723,SQL
240925035723,AWS
240925035723,Docker
240925035723,Kubernetes
240925035707,SQL
240925035707,AWS
240925035707,Docker
240925035707,Kubernetes
240925026094,Excel
240925023773,Excel
240925012556,Excel
230925508147,Docker
230925508147,JavaScript
230925508147,Linux
230925501132,Java
230925500725,Linux
230925023864,Python
230925020171,Python
230925020171,Databricks
230925018146,SQL
230925010281,SQL
230925010281,AWS
230925010281,Docker
230925010281,Kubernetes
230925009381,Azure
230925009381,Kubernetes
230925008453,SQL
230925008453,Git
230925008453,Java
220825010594,Excel
200725003000,Excel
170725039756,Java
150925009376,GCP
150925009376,Docker
150925009376,Linux
110925935170,Java
100925018001,Java
60825018831,Python
50825033048,Java
31025918731,JavaScript
31025918731,React
31025503424,Machine Learning
31025502959,Excel
31025016209,Excel
31025013280,Python
31025013280,SQL
31025012787,Excel
31025006747,Python
30925017511,Azure
30925017511,Docker
30925017511,Kubernetes
30925017511,Git
11025503963,Python
11025503963,Machine Learning
11025503726,JavaScript
11025503719,Linux
11025503253,Git
11025501624,Excel
11025500475,Git
11025016923,Excel
11025014220,Excel
11025013702,Python
11025012817,Python
11025012817,Machine Learning
11025011039,Python
11025011039,Machine Learning
11025011039,NLP
11025010114,SQL
230925017943,Machine Learning
230925017943,NLP
230925017943,Generative AI
230925000088,Excel
250925033848,JavaScript
250925020779,JavaScript
250925010736,Python
250925010736,GCP
240925933409,Java
240925933409,JavaScript
240925933409,React
240925933407,Java
240925933407,JavaScript
240925933407,React
240925933405,Java
240925933405,JavaScript
240925933405,React
240925933404,Java
240925933404,JavaScript
240925933404,React
240925933403,Java
240925933403,JavaScript
240925933403,React
240925933401,Java
240925933401,JavaScript
240925933401,React
240925035518,Azure
240925933465,Git
240925933465,React
240925933444,Java
240925933431,AWS
240925933431,React
240925933428,AWS
240925933428,React
240925933425,AWS
240925933425,React
240925933423,AWS
240925933423,React
240925933419,Java
240925933419,JavaScript
240925933419,React
240925023340,Power BI
120124010473,Docker
120124010473,Kubernetes
240925000222,Java
250925035570,Azure
250925035038,Python
250925035038,Azure
250925035038,GCP
250925035038,Kubernetes
250925011153,Docker
250925011153,Kubernetes
250925010784,SQL
250925010650,Java
250925007449,SQL
240925021478,SQL
230925025368,Java
230925025368,JavaScript
230925014741,Azure
80925007826,Java
300925030972,AWS
300925030972,Java
300925030517,Java
300925028296,Spark
300925028296,Databricks
300925025997,Power BI
300925025997,Azure
300925025375,Java
300925022665,Spark
300925014307,Java
300925014307,JavaScript
300925013304,Python
300925013304,Machine Learning
300925013304,NLP
300925013304,Generative AI
300925012370,Java
300925011957,Python
290925917687,Azure
290925917687,Git
290925915390,Python
290925915390,AWS
290925914058,JavaScript
290925912359,Azure
290925912010,Java
290925911777,SQL
290925911777,Java
290925903664,SQL
290925903664,Java
290925903662,GCP
290925903515,Python
290925903515,Azure
290925903116,Python
290925903116,AWS
290925903116,Azure
290925903116,Kubernetes
290925901631,Azure
290925901631,Git
290925502225,Git
290925502225,JavaScript
290925502031,JavaScript
290925024359,Python
290925024359,SQL
290925024359,Azure
290925024359,Spark
290925024359,Databricks
290925019457,Python
290925018602,Git
290925018540,Python
290925018540,Machine Learning
290925018540,Deep Learning
290925018540,NLP
290925014836,SQL
290925014361,Python
290925014361,SQL
290925014361,Azure
290925014361,Spark
290925014361,Databricks
290925013969,SQL
290925013969,Java
290925013569,SQL
290925013569,Java
290925011964,SQL
290925005958,JavaScript
270925005490,SQL
270925005490,Azure
270925005490,Databricks
260925929352,JavaScript
260925925490,SQL
260925925490,Azure
260925925490,Git
260925925489,SQL
260925922949,Git
260925922949,Java
260925922327,SQL
260925922327,Java
260925921465,Azure
260925918524,Kubernetes
260925918524,Linux
260925918209,JavaScript
260925918020,Azure
260925918020,Databricks
260925915748,Python
260925915748,SQL
260925914230,Python
260925914230,AWS
260925914230,Kubernetes
260925911439,SQL
260925911439,Azure
260925911439,Git
260925911316,Azure
260925909355,Azure
260925909355,Git
260925031595,Python
260925031595,Azure
260925031595,Machine Learning
260925031595,Kubernetes
260925028893,Python
260925028893,AWS
260925028893,Spark
260925027081,Python
260925026471,Cybersecurity
260925025850,Tableau
260925025850,Excel
260925023116,SQL
260925023116,Power BI
200925012550,Java
200925012550,React
180925032418,Java
180925032418,Linux
180825018999,Java
170925036075,Azure
170925036075,Git
110925020736,SQL
110925020736,Azure
110925020736,Spark
110925020736,Databricks
90925011614,Azure
31025019897,Python
31025019897,Machine Learning
31025019897,NLP
31025019897,Generative AI
31025004602,Azure
31025001527,Java
11025012763,Python
300925503987,Python
300925503987,SQL
300925029464,GCP
300925013452,Java
300925012552,Linux
300925012221,Python
300925012221,Azure
300925012221,Kubernetes
300925011264,Java
300925011254,SQL
300925011254,Azure
300925011254,Kubernetes
300925011254,Git
300525037508,Power BI
290925926656,Azure
290925926656,React
290925921157,Python
290925915409,Python
290925915409,SQL
290925915409,Spark
290925915408,AWS
290925915408,Kubernetes
290925913219,Azure
290925913219,Docker
290925913219,Kubernetes
290925912944,SQL
290925903193,SQL
290925903190,Python
290925903190,Java
290925903190,JavaScript
290925902680,Java
290925902680,JavaScript
290925503619,Cybersecurity
290925500870,Cybersecurity
290925016363,SQL
290925009096,SQL
290925008744,Java
290925008044,JavaScript
290925008044,React
290925003438,Python
290925003438,SQL
290925003438,GCP
290925003156,AWS
290925003156,Azure
290925003156,GCP
280925004954,JavaScript
280925004954,React
280925004715,Python
280925004715,Deep Learning
280925004715,Generative AI
280925004505,Python
280925004505,AWS
280925004505,Generative AI
280925003929,AWS
280925003929,Docker
280925003929,Java
270925011982,AWS
270925011982,Docker
270925011982,Git
270925011982,Linux
270925010676,SQL
260925930378,Azure
260925929737,SQL
260925928082,AWS
260925928082,Kubernetes
260925928045,SQL
260925928045,Power BI
260925923129,Java
260925919951,Python
260925919951,Kubernetes
260925918523,Spark
260925915660,Spark
260925915660,Java
260925915632,Java
260925915268,SQL
260925915268,Spark
260925914251,Python
260925914251,Linux
260925912754,Python
260925912754,SQL
260925912754,Spark
260925911935,AWS
260925911935,Kubernetes
260925911297,Python
260925911297,Spark
260925910302,Python
260925910302,Git
260925910302,JavaScript
260925032304,Cybersecurity
260925030608,GCP
260925029469,AWS
260925029469,Java
260925029469,JavaScript
260925029469,React
260925028088,JavaScript
260925028088,React
260925024326,JavaScript
260925023413,Python
260925023413,SQL
260925023413,Tableau
260925016316,Python
260925016316,SQL
260925016316,GCP
260925013894,Python
260925013894,AWS
260925013894,Java
260925013236,Cybersecurity
260925012959,Python
260925012959,Docker
260925012514,Python
260925012514,SQL
260925012514,Spark
260925011482,Python
260925011482,Azure
260925008453,Java
180825018480,AWS
180825018480,Java
180825018480,React
170925027271,Azure
170925027271,Git
160925041572,Python
160925041572,SQL
160725036036,Java
120925027401,Azure
120925027401,Spark
120925027401,Databricks
120825018933,Python
120825018933,SQL
120825018933,Power BI
120825018933,Azure
120825018933,Spark
120825018933,Databricks
110825902257,Python
110825902257,SQL
11025024575,Generative AI
11025024575,React
11025021664,JavaScript
11025021664,React
11025020316,SQL
11025020316,Azure
11025020316,Git
11025020316,Java
11025016160,Java
11025016160,React
300925028491,Generative AI
300925028411,Python
300925028411,Generative AI
300925017864,Java
300925017864,JavaScript
300925017864,React
300925013860,Python
300925013860,Java
290925502033,Git
290925500637,Machine Learning
290925500633,JavaScript
290925500624,JavaScript
290925500623,Git
290925500622,Python
290925500622,Linux
290925023416,Java
290925021209,AWS
290925021209,Azure
290925021209,GCP
290925021209,Docker
290925021209,Kubernetes
290925020642,Git
290925019789,Python
290925018975,Python
290925007366,Azure
290925007366,Databricks
290925007197,Azure
290925007197,Spark
290925007197,Databricks
270925012505,Java
270925000026,AWS
270925000026,Azure
270925000026,Cybersecurity
260925912800,Python
260925912800,Linux
260925908655,Python
260925908655,Java
260925032365,Azure
260925029710,Python
250925028971,AWS
250925028971,Java
180825013073,Cybersecurity
150925026228,JavaScript
40925032650,Java
31025008442,AWS
310725018671,Python
310725018671,JavaScript
310725018671,React
300925926973,SQL
300925926973,JavaScript
300925926972,Python
300925926972,Docker
300925926972,Kubernetes
300925926972,Git
300925926972,Linux
300925926918,Python
300925926918,Java
300925925332,Python
300925925332,Git
300925925332,Java
300925925306,Python
300925925306,Java
300925925306,JavaScript
300925925284,Java
300925925284,JavaScript
300925924875,Python
300925924875,Git
300925924875,Java
300925924874,JavaScript
300925924874,React
300925924186,Python
300925924186,Kubernetes
300925924186,Java
300925923701,JavaScript
300925923696,Java
300925922333,Java
300925922321,AWS
300925922321,Kubernetes
300925922321,Java
300925922321,JavaScript
300925922321,React
300925922306,React
300925921542,Java
300925912904,SQL
300925912118,Git
300925911912,AWS
300925911912,Docker
300925504656,JavaScript
300925504433,Excel
300925504382,SQL
300925504324,GCP
300925504324,Git
300925504222,Git
300925504159,Git
300925504159,JavaScript
300925504144,Excel
300925504087,JavaScript
300925503389,Git
300925503388,AWS
300925503388,Git
300925503387,Git
300925503387,JavaScript
300925502799,JavaScript
300925502700,JavaScript
300925502621,Machine Learning
300925502510,SQL
300925502405,Git
300925502405,Linux
300925500911,Excel
300925500862,Linux
300925500813,Java
300925500588,Python
300925500588,Linux
300925500531,SQL
300925500531,JavaScript
300925500531,Linux
300925500344,Python
300925500278,JavaScript
300925500277,SQL
300925500276,Python
300925500276,SQL
300925500275,Git
300925030504,Python
300925030504,Power BI
300925030474,Python
300925030474,Azure
300925029953,Python
300925029953,SQL
300925029953,AWS
300925029903,Python
300925029903,SQL
300925029903,AWS
300925029903,Azure
300925029903,Databricks
300925029840,Python
300925029840,SQL
300925029840,Azure
300925029620,AWS
300925029620,Java
300925028425,Azure
300925028425,JavaScript
300925028308,AWS
300925028300,Docker
300925028300,Kubernetes
300925027931,SQL
300925026809,Power BI
300925026809,Excel
300925026133,SQL
300925026049,SQL
300925023721,Python
300925023721,AWS
300925023041,SQL
300925022189,Excel
300925020672,AWS
300925020672,GCP
300925020672,Generative AI
300925020633,Azure
300925020200,Python
300925020145,Python
300925020145,SQL
300925020145,AWS
300925020145,GCP
300925019374,Python
300925019374,Docker
300925019374,Java
300925019347,Java
300925019321,Python
300925019321,Docker
300925019321,Java
300925018933,Excel
300925017492,Python
300925014940,Java
300925013845,JavaScript
300925013845,React
300925013089,Azure
300925012386,Java
300925012016,Python
300925012016,Azure
300925011080,JavaScript
290925920978,Python
290925920978,Machine Learning
290925920978,Deep Learning
290925920978,NLP
290925917984,Docker
290925917984,Kubernetes
290925917648,Azure
290925917648,Docker
290925917293,SQL
290925917293,Git
290925917293,Java
290925917089,Python
290925915457,AWS
290925915457,Kubernetes
290925915452,Python
290925915452,AWS
290925915452,Azure
290925915449,Python
290925914518,SQL
290925914394,Python
290925914394,SQL
290925914394,Java
290925914389,JavaScript
290925913952,SQL
290925913952,Azure
290925913290,Java
290925913268,SQL
290925913268,Docker
290925912866,Azure
290925912866,Docker
290925911778,JavaScript
290925911242,Python
290925911230,Python
290925911230,Java
290925909346,SQL
290925903266,SQL
290925903266,JavaScript
290925903254,SQL
290925903254,Spark
290925503402,JavaScript
290925503335,Git
290925503268,Git
290925503268,JavaScript
290925503141,Linux
290925503111,JavaScript
290925503066,SQL
290925502895,Java
290925502895,JavaScript
290925502830,Python
290925502778,Linux
290925502744,JavaScript
290925502719,Git
290925502718,Excel
290925502717,Excel
290925502714,Linux
290925502412,Linux
290925502353,Linux
290925502262,JavaScript
290925502261,JavaScript
290925502227,AWS
290925502227,Machine Learning
290925502227,NLP
290925502197,JavaScript
290925502197,Linux
290925502196,Git
290925502194,SQL
290925502193,JavaScript
290925502191,Linux
290925502187,GCP
290925502187,Git
290925502186,Java
290925502181,GCP
290925502146,Linux
290925502145,Linux
290925502093,JavaScript
290925502093,Linux
290925502092,JavaScript
290925502088,SQL
290925501936,JavaScript
290925501917,Git
290925501869,Excel
290925501832,Excel
290925501786,SQL
290925501786,AWS
290925501786,Git
290925501786,React
290925501785,Cybersecurity
290925501784,Python
290925501784,AWS
290925501784,Git
290925501391,Excel
290925501250,SQL
290925501248,Python
290925501248,Machine Learning
290925501248,NLP
290925501246,SQL
290925501157,Python
290925501157,Azure
290925501156,SQL
290925500844,Excel
290925500844,Git
290925500693,Linux
290925500689,Linux
290925500477,JavaScript
290925500408,JavaScript
290925027939,AWS
290925023791,Python
290925023791,SQL
290925022998,SQL
290925021742,NLP
290925021444,Azure
290925021444,Docker
290925021444,Java
290925019488,Python
290925019488,Generative AI
290925018894,SQL
290925018513,SQL
290925018461,SQL
290925018461,Azure
290925018461,GCP
290925017532,Java
290925017361,Python
290925017361,SQL
290925017024,Python
290925017024,SQL
290925017024,Spark
290925016110,Python
290925014291,Linux
290925013316,Azure
290925013088,Python
290925013088,Docker
290925013088,Git
290925013029,Excel
290925012351,Python
290925012351,AWS
290925012351,Azure
290925012351,GCP
290925012146,Cybersecurity
290925012135,SQL
290925011470,Excel
290925009016,GCP
290925009016,Docker
290925008858,Excel
290925006539,Cybersecurity
290925006236,Spark
290925006236,Docker
290925006126,Python
290925005640,Linux
290925005568,Python
290925005071,Python
290925005071,Azure
290925004521,SQL
290925004521,Java
290925004521,Linux
290925002023,Excel
280925003995,Java
280925003544,Excel
280525035610,Python
280525035610,JavaScript
280525035610,React
270925012943,SQL
270925012926,AWS
270925012926,Spark
270925012481,Python
270925011579,AWS
270925011464,Java
270925010179,JavaScript
270925004700,AWS
270925004700,JavaScript
260925931010,AWS
260925931010,Java
260925931010,JavaScript
260925931010,React
260925930353,Python
260925930353,Java
260925929982,Java
260925929976,SQL
260925929969,Git
260925929969,React
260925928076,Python
260925928076,JavaScript
260925928049,Java
260925928049,JavaScript
260925928038,Python
260925928038,React
260925927841,Python
260925927841,AWS
260925927841,Azure
260925927840,SQL
260925927840,Docker
260925927840,Kubernetes
260925927838,SQL
260925927835,Python
260925927829,AWS
260925927829,Kubernetes
260925927828,SQL
260925927696,Python
260925927696,NLP
260925926983,Power BI
260925924288,Azure
260925924288,Spark
260925924242,Azure
260925924242,Linux
260925924216,Git
260925924216,Java
260925924199,Java
260925924121,JavaScript
260925924111,Azure
260925924111,Git
260925924111,Java
260925924101,Git
260925924040,Python
260925924040,Azure
260925924040,Databricks
260925924030,Python
260925924030,Java
260925923758,Git
260925923444,SQL
260925923444,Docker
260925923444,Java
260925922974,Java
260925922569,Cybersecurity
260925922364,SQL
260925920948,AWS
260925920948,GCP
260925920944,Azure
260925920944,GCP
260925920940,GCP
260925920940,Git
260925920564,Python
260925920564,AWS
260925920564,JavaScript
260925920563,Java
260925920506,Docker
260925920506,Kubernetes
260925920445,Azure
260925920445,Linux
260925920435,Java
260925920412,SQL
260925920298,JavaScript
260925920284,SQL
260925920221,Python
260925920221,AWS
260925920221,JavaScript
260925920039,Azure
260925920039,Spark
260925920039,Databricks
260925920006,Kubernetes
260925920000,Java
260925919898,Python
260925919898,Azure
260925919875,Azure
260925919852,SQL
260925919852,Java
260925919852,React
260925919850,Docker
260925919850,Git
260925919850,Linux
260925919846,Java
260925919846,JavaScript
260925919846,React
260925919836,Python
260925919836,AWS
260925919836,Azure
260925919836,GCP
260925919836,Docker
260925919836,Kubernetes
260925919836,Java
260925919833,Java
260925919832,Java
260925919828,Java
260925919825,React
260925919799,Python
260925919799,JavaScript
260925919787,SQL
260925919782,SQL
260925919740,Python
260925919738,Java
260925919732,Azure
260925919727,SQL
260925919727,Java
260925919594,Python
260925919591,Python
260925919591,AWS
260925919577,Java
260925919576,AWS
260925919330,Azure
260925919246,Power BI
260925919239,Python
260925919239,Azure
260925919239,Spark
260925919233,Power BI
260925919233,Azure
260925919233,Databricks
260925919088,Python
260925919088,Linux
260925919082,Git
260925919082,Java
260925918948,Java
260925918821,Azure
260925918758,SQL
260925918738,SQL
260925918605,SQL
260925918605,Power BI
260925918605,AWS
260925918605,Azure
260925918605,GCP
260925918526,JavaScript
260925918526,React
260925918497,Python
260925918497,Java
260925916597,JavaScript
260925916597,React
260925916586,Python
260925916586,Java
260925915671,Power BI
260925915671,AWS
260925915671,Azure
260925915629,Python
260925915588,AWS
260925915588,Java
260925915184,JavaScript
260925915174,SQL
260925915174,Java
260925915141,SQL
260925915114,Python
260925915114,SQL
260925914810,Git
260925914786,SQL
260925914786,Power BI
260925914300,SQL
260925914261,SQL
260925914212,Git
260925914212,Java
260925914187,SQL
260925912825,Python
260925912825,Machine Learning
260925912825,Deep Learning
260925912825,NLP
260925912748,Git
260925912216,Azure
260925912216,GCP
260925912216,Docker
260925911872,Python
260925911872,Java
260925911218,Linux
260925911209,Python
260925908783,Python
260925908783,AWS
260925908783,Spark
260925908782,Java
260925908717,Linux
260925908639,Python
260925908639,JavaScript
260925908617,Azure
260925908611,SQL
260925908605,Java
260925908580,SQL
260925504593,Java
260925504593,React
260925504589,Azure
260925504550,SQL
260925504534,JavaScript
260925504533,JavaScript
260925504521,SQL
260925504462,Linux
260925504241,Linux
260925503816,Git
260925503683,JavaScript
260925502599,Excel
260925502442,Docker
260925502442,Kubernetes
260925502442,Java
260925502170,SQL
260925502140,SQL
260925501990,Git
260925501981,SQL
260925501974,Azure
260925501974,Docker
260925501974,Kubernetes
260925501973,SQL
260925501071,Machine Learning
260925501038,SQL
260925501038,JavaScript
260925501018,Git
260925501017,Git
260925500991,JavaScript
260925500945,Git
260925500915,JavaScript
260925500907,Linux
260925500890,Git
260925500807,Python
260925500807,Linux
260925500796,GCP
260925500745,SQL
260925500684,Linux
260925500528,Git
260925032581,Excel
260925032476,Java
260925032286,Cybersecurity
260925031745,Deep Learning
260925031398,Python
260925031398,SQL
260925031398,Azure
260925030998,SQL
260925030998,Kubernetes
260925030987,Python
260925030943,Java
260925030899,Python
260925030630,SQL
260925030630,Kubernetes
260925028298,AWS
260925027646,Java
260925026692,Java
260925026290,SQL
260925026123,SQL
260925024753,Python
260925024753,Generative AI
260925024690,JavaScript
260925024690,React
260925024066,Azure
260925024066,React
260925024021,JavaScript
260925022654,Excel
260925021020,AWS
260925020923,AWS
260925017324,SQL
260925017324,Azure
260925015499,Power BI
260925014494,Machine Learning
260925014494,Deep Learning
260925014494,Generative AI
260925014311,Azure
260925014311,React
260925013134,Java
260925012698,React
260925011134,Python
260925011134,SQL
260925011134,AWS
260925011134,GCP
260925011134,Spark
260925011134,Databricks
260925010518,SQL
260925010476,Java
260925008959,Java
260925008532,Python
260625034447,Python
260625034447,SQL
260625034447,GCP
250925011189,Excel
250825009360,Java
240925507112,Excel
240925019222,JavaScript
240925019222,React
240925014676,AWS
240925014676,GCP
240925014676,Linux
240925012524,Python
240925010666,SQL
230925039028,SQL
230925039028,AWS
230925039028,Azure
230925039028,Java
230925039028,JavaScript
230925019167,Python
230925019167,SQL
230925019167,Azure
230925019167,React
230925017815,Python
230925017815,Machine Learning
230925017815,Deep Learning
230925017815,Generative AI
230725022481,Python
230725022481,Linux
210825022847,GCP
210825022847,Machine Learning
210825022847,NLP
210825022847,Generative AI
210825011621,Cybersecurity
210225018975,Excel
190925012549,JavaScript
190825019820,React
181224918512,Git
180925038811,Python
180925038811,Generative AI
180825023830,Java
180125008451,Excel
170825003964,Linux
150925015281,AWS
150925015281,Java
140825030646,Excel
140825029952,JavaScript
140825029952,React
140725009114,Python
140725009114,SQL
140725009114,AWS
140725009114,Spark
130525025048,Linux
120925013379,Python
120925013379,NLP
120925013379,Generative AI
110725020998,Java
60925015598,Python
60925015598,SQL
60925015598,Azure
60925015598,Spark
60325017468,JavaScript
50925017984,Azure
40925024141,Python
40925024141,SQL
40925024141,AWS
40925024141,Azure
40925024141,GCP
40925024141,Databricks
40925023010,Python
40925023010,SQL
40925023010,Azure
40925023010,Databricks
40825016713,Python
40825016713,Machine Learning
40825016713,NLP
31025019999,Excel
31025019572,Python
31025019572,Spark
31025019572,Machine Learning
31025012831,JavaScript
31025012102,GCP
31025012102,Java
31025011698,AWS
31025011698,JavaScript
31025011698,React
31025009005,Excel
31025004379,Python
31025004379,Kubernetes
11025918076,Excel
11025022823,Python
11025022823,SQL
11025022823,AWS
11025022823,Azure
11025022823,GCP
11025022823,Machine Learning
11025022050,Excel
11025021831,SQL
11025021831,Excel
11025014543,Python
11025014543,Java
11025010305,SQL
300925500556,Excel
290925013869,AWS
290925013869,Docker
290925013869,Git
290925013869,React
270925008016,SQL
270925008016,Spark
270925004490,Python
260925030316,Java
260925030316,React
260925026168,Java
260925025398,Excel
260925007529,AWS
260925007209,SQL
260925007209,GCP
240425019050,Excel
300925027708,GCP
250925910011,Java
250925901149,AWS
250925901149,Docker
250925901149,Kubernetes
250925901149,Git
240925500058,Python
30925034288,Python
30925034288,SQL
30925034288,Generative AI
300925026701,Azure
250925931595,Python
250925931595,SQL
250925931595,Azure
250925922964,JavaScript
250925918139,React
250925917512,Python
250925917512,AWS
250925914686,Python
250925914686,SQL
250925914686,Azure
250925914233,Python
250925914233,AWS
250925914233,Git
250925905638,Java
250925905634,React
250925904971,SQL
250925904971,Java
250925901191,Python
250925901191,SQL
250925901191,Azure
250925901191,Databricks
250925901160,Python
250925901160,Machine Learning
250925901160,Kubernetes
250925901148,Python
250925901148,SQL
250925035573,Python
250925035573,SQL
250925035573,Power BI
250925035573,AWS
250925035573,Machine Learning
250925019341,Java
240925930671,SQL
240925929663,SQL
240925929663,Azure
240925917487,Azure
240925910051,Python
240925910051,AWS
240925909993,Azure
240925909993,Git
240925909963,Git
240925503918,Linux
240925502645,Tableau
240925502311,SQL
240925501832,Linux
240925018857,Generative AI
240925018857,Java
240925009651,Python
240925009651,Azure
230925929399,Python
230925929399,AWS
230925929399,Kubernetes
230925926190,Git
230925926190,React
230925923557,JavaScript
230925923556,SQL
230925923556,Azure
230925923556,Git
230925018000,Python
200825016261,Python
200825016261,SQL
200825016261,Power BI
190925022906,Java
60825023054,Machine Learning
50925018524,Java
50825026499,Azure
290925011207,AWS
290925011207,Java
290925002402,Machine Learning
290925002402,NLP
290925002402,Generative AI
250925920834,JavaScript
250925027329,Excel
250925018863,Java
250925018863,React
250925015738,Python
250925015738,SQL
250925015738,AWS
250925014397,Java
240925907446,SQL
240925021825,JavaScript
230925036201,JavaScript
230925026706,Java
230825015706,AWS
230825015706,Azure
230825015706,Java
230125007391,Azure
190225024923,Java
190225023776,Python
190225023776,JavaScript
10925011441,Azure
310525017592,Excel
301023905853,Java
301023905853,JavaScript
300925927477,Excel
300925926404,Excel
300925029102,Excel
300925028441,Excel
300925028189,Python
300925028189,Power BI
300925028189,Tableau
300925028189,Machine Learning
300925028189,Deep Learning
300925026241,SQL
300925021153,Excel
300925018156,Java
300925018076,Excel
300925012938,Excel
300925011983,Python
300925011983,Java
300925011190,Excel
300925010784,Python
300925010784,SQL
290925025039,JavaScript
290925021593,Excel
290925014327,Python
290925006752,Spark
290925005566,Power BI
290925002592,JavaScript
290925002592,Linux
290925001798,Python
290925001798,SQL
270925010533,Java
270925010533,JavaScript
270925010474,Power BI
270925010474,Tableau
270925008856,Kubernetes
270925007141,GCP
270525020449,SQL
260925026311,Excel
260925021984,Python
260925015523,Excel
260925015451,Excel
260925013374,Python
260925011965,Excel
260925011749,JavaScript
260925009383,Excel
260925008298,JavaScript
260925008298,Linux
250925932573,Python
250925932573,Java
250925932563,Python
250925932560,GCP
250925932556,Python
250925932555,SQL
250925932551,Python
250925932551,GCP
250925932548,GCP
250925932544,SQL
250925932532,Python
250925932532,GCP
250925932531,GCP
250925932529,Python
250925932529,Power BI
250925932529,Tableau
250925932525,Python
250925932515,Python
250925932515,Tableau
250925932514,GCP
250925932503,SQL
250925932488,Python
250925932488,GCP
250925931623,SQL
250925931174,Java
250925930348,Kubernetes
250925930247,AWS
250925930247,Azure
250925930247,GCP
250925929620,AWS
250925929620,Azure
250925929620,GCP
250925929620,Kubernetes
250925929403,Git
250925927963,SQL
250925927710,Java
250925927710,JavaScript
250925927710,React
250925922982,AWS
250925922982,Azure
250925922982,Kubernetes
250925922977,AWS
250925913156,JavaScript
250925910743,Java
250925908387,Python
250925906085,SQL
250925906085,GCP
250925905975,GCP
250925905048,GCP
250925905041,Python
250925905029,Python
250925905015,Python
250925905015,SQL
250925904984,Python
250925904984,SQL
250925904984,Java
250925904976,SQL
250925904968,GCP
250925904942,Python
250925904942,Java
250925904933,GCP
250925904909,SQL
250925904907,Python
250925904900,GCP
250925904899,GCP
250925904233,GCP
250925904231,Python
250925904226,SQL
250925904225,Python
250925904225,Java
250925901957,GCP
250925901952,Python
250925901911,SQL
250925901163,Docker
250925901163,Kubernetes
250925509632,Machine Learning
250925509445,Java
250925509445,Linux
250925509339,Git
250925508986,Excel
250925508307,Machine Learning
250925508298,Power BI
250925508297,Excel
250925508008,Python
250925508008,JavaScript
250925507664,Python
250925507467,Excel
250925501922,Machine Learning
250925501775,JavaScript
250925501775,Linux
250925501774,Linux
250925501772,Linux
250925501657,Excel
250925501656,Excel
250925501539,Machine Learning
250925500790,JavaScript
250925500427,Excel
250925034625,SQL
250925029814,Python
250925029814,AWS
250925029814,GCP
250925029763,Python
250925029763,AWS
250925029763,GCP
250925026658,React
250925025529,Cybersecurity
250925023022,AWS
250925020292,SQL
250925018193,Excel
250925013810,Python
250925013810,Generative AI
250925011405,Java
250925011405,Linux
250925006182,Excel
240925934004,Tableau
240925933965,Python
240925933954,GCP
240925933916,Python
240925933908,Python
240925933908,GCP
240925932728,Linux
240925930307,Azure
240925929698,JavaScript
240925929223,Python
240925929223,Java
240925929223,Linux
240925928388,Python
240925927923,GCP
240925927920,Python
240925927920,SQL
240925927920,Power BI
240925927900,Python
240925927900,SQL
240925927900,Java
240925927900,JavaScript
240925927891,GCP
240925927885,SQL
240925927884,Python
240925927884,JavaScript
240925927880,GCP
240925927877,GCP
240925927876,Python
240925927875,GCP
240925927868,Python
240925927868,SQL
240925927868,Java
240925927868,JavaScript
240925927866,GCP
240925927851,GCP
240925927841,Excel
240925927817,SQL
240925922383,GCP
240925921162,Java
240925921146,Python
240925921146,Machine Learning
240925921146,NLP
240925920897,Python
240925920881,GCP
240925920878,Python
240925920878,Machine Learning
240925920875,GCP
240925920869,Python
240925920863,Python
240925920863,Machine Learning
240925920860,GCP
240925920833,Python
240925920827,Power BI
240925920827,Tableau
240925920794,GCP
240925920788,Python
240925920178,SQL
240925920171,GCP
240925920159,Python
240925920154,SQL
240925920150,Git
240925920147,SQL
240925920143,GCP
240925920140,SQL
240925920130,SQL
240925920121,Git
240925920119,Git
240925920115,GCP
240925920112,GCP
240925920108,SQL
240925920077,GCP
240925920075,SQL
240925919166,Python
240925919153,GCP
240925919141,GCP
240925919140,SQL
240925919138,SQL
240925919132,GCP
240925919122,GCP
240925919117,GCP
240925919115,SQL
240925919115,Tableau
240925919110,SQL
240925919110,Tableau
240925919108,JavaScript
240925919106,GCP
240925919104,GCP
240925919097,Python
240925910697,Azure
240925910697,GCP
240925910696,Azure
240925908225,Linux
240925506954,SQL
240925506954,JavaScript
240925506934,GCP
240925506934,Git
240925506882,SQL
240925506882,Excel
240925506879,Excel
240925506730,Linux
240925506707,SQL
240925506704,SQL
240925506704,Linux
240925506318,Spark
240925506318,Machine Learning
240925505012,Git
240925503727,Git
240925503727,JavaScript
240925503692,Machine Learning
240925503430,SQL
240925503423,Excel
240925503354,Linux
240925503228,Git
240925503146,Excel
240925503109,Linux
240925503079,Linux
240925502714,GCP
240925502687,Excel
240925502680,Excel
240925502613,SQL
240925502435,SQL
240925502435,Docker
240925502435,Kubernetes
240925502417,SQL
240925501830,GCP
240925501829,GCP
240925501175,Python
240925501152,SQL
240925501152,JavaScript
240925501150,SQL
240925501148,SQL
240925500714,SQL
240925500694,Java
240925500694,Linux
240925036720,Python
240925034848,Excel
240925034574,React
240925034498,Python
240925034498,SQL
240925034052,Excel
240925033731,Python
240925033731,SQL
240925033731,AWS
240925033731,Spark
240925031912,Kubernetes
240925031271,Python
240925031271,Java
240925031271,JavaScript
240925026035,Excel
240925021299,AWS
240925021299,Docker
240925021299,Java
240925021046,Cybersecurity
240925019614,AWS
240925019614,Docker
240925019614,Java
240925019507,Power BI
240925019507,Excel
240925012214,SQL
240925011032,JavaScript
240925011032,React
240824011355,Cybersecurity
240725029554,React
230925936582,Azure
230925936582,Git
230925936582,Linux
230925934862,Power BI
230925934862,Excel
230925931575,GCP
230925925982,SQL
230925925871,Java
230925925871,JavaScript
230925925650,Azure
230925925650,Git
230925925208,Excel
230925917583,Azure
230925917583,Kubernetes
230925916988,Python
230925916988,SQL
230925916988,Kubernetes
230925910339,Azure
230925910339,JavaScript
230925508285,SQL
230925508149,GCP
230925508149,JavaScript
230925508123,Python
230925508123,SQL
230925507847,JavaScript
230925507783,Docker
230925507783,Java
230925507761,Excel
230925507708,Excel
230925507147,Excel
230925506780,Excel
230925506645,Python
230925506464,Excel
230925506092,Python
230925505999,AWS
230925505999,Azure
230925505999,Linux
230925505756,AWS
230925505756,Git
230925504739,SQL
230925504739,Excel
230925504653,Java
230925504653,JavaScript
230925504540,Python
230925504540,SQL
230925504540,JavaScript
230925504539,Python
230925504486,Java
230925503737,Excel
230925501106,Excel
230925500987,GCP
230925500987,Machine Learning
230925500823,Excel
230925037459,SQL
230925037459,Azure
230925036558,Excel
230925036437,Java
230925036437,React
230925036416,Java
230925036416,React
230925036382,Java
230925036382,React
230925036118,GCP
230925036118,Kubernetes
230925036088,GCP
230925036088,Kubernetes
230925036065,GCP
230925036065,Kubernetes
230925035542,Power BI
230925035542,Azure
230925032700,Power BI
230925030479,Excel
230925030149,Cybersecurity
230925028196,Excel
230925027506,Excel
230925027304,Git
230925025598,Excel
230925019315,AWS
230925019315,Cybersecurity
230925017471,Java
230925013845,Cybersecurity
230925013838,Python
230925013838,React
230925013651,Python
230925013651,SQL
230925013651,Docker
230925013651,Kubernetes
230925013175,Python
230925013175,SQL
230925011131,Linux
220825013643,Python
220825013643,SQL
210925005032,Excel
210825023030,Cybersecurity
210525924515,JavaScript
200825037141,Python
200825037141,Power BI
200825037141,Excel
190925008557,Python
190925008557,AWS
190925008557,Azure
190425003047,SQL
190425003047,AWS
190425003047,Azure
180925026520,Excel
180925011315,Excel
180825007377,Excel
140524008387,SQL
131224015674,Excel
110825000044,Python
110825000044,AWS
110825000044,Linux
110625030242,SQL
90725001701,Excel
90323004959,SQL
80925019671,Excel
70425009433,Python
70125004866,Excel
30925022252,Python
30925022252,AWS
30325012319,JavaScript
20925927793,Python
20925927793,AWS
20725019103,Machine Learning
290925027072,JavaScript
250925910862,Git
250925910862,JavaScript
250925003507,Python
250925003507,Java
240925018125,SQL
240925018125,Java
230925936349,Python
230925936349,Azure
230925936349,Java
230925507752,Excel
230925504882,Power BI
230925504882,Excel
230925501480,Python
230925501480,Machine Learning
230925501480,NLP
230925501480,JavaScript
230925023712,Excel
230925023712,Docker
180925021075,Azure
180925021075,Kubernetes
10825018130,Power BI
10825018130,Excel
230925500907,Excel
80525004609,Power BI
80525004609,Tableau
31025019740,SQL
31025019740,React
31025013797,Java
31025013797,React
31025011843,AWS
31025011843,Java
11025502703,Machine Learning
11025502703,Git
300925025227,JavaScript
300925025227,React
300925024647,Tableau
300925021581,Python
300925021581,Java
300925021581,React
300925017581,SQL
300925017581,Git
300925016958,Python
300925016958,Java
300925016465,Python
300925014000,Java
300925013633,React
300925013487,JavaScript
290925500784,SQL
290925005148,Excel
280925004156,Excel
280825014596,Python
260925020919,Git
260925011414,Python
260925008774,Python
260925008774,AWS
260925008774,Kubernetes
260925008774,Linux
250925509140,Spark
250925031891,SQL
250925031891,Azure
250925031891,Spark
250925031891,Git
250925031891,Java
250925031331,SQL
250925031331,Azure
250925030943,SQL
250925030943,AWS
250925030943,Azure
250925021644,Azure
250925021644,Java
250925011643,Python
250925011643,Azure
250925011643,Kubernetes
240925503151,Machine Learning
240925502634,Git
240925035108,Azure
240925035108,Spark
240925027336,Python
240925027336,SQL
240925023960,React
240925009022,AWS
240925009022,Kubernetes
230925039330,SQL
230925037786,Python
230925037786,React
230925013168,SQL
230925013168,AWS
230925013168,Java
230925013168,React
230925010229,SQL
230925009397,Java
230925009397,React
230625017800,Java
230424006472,Python
230424006472,SQL
230424006472,AWS
230424006472,Spark
220925009591,Java
220925006521,JavaScript
220925006521,React
200625014374,AWS
190825023740,Java
180925021504,JavaScript
180925014873,JavaScript
160825003312,Generative AI
160824012300,AWS
160824012300,Linux
150725026149,SQL
150725026149,Excel
130925007683,Python
130925007683,Power BI
130925007683,Java
130925007637,Python
130925007637,JavaScript
110825005492,Python
110825005492,SQL
110825005492,GCP
110825005492,Spark
100925008780,AWS
100925008780,React
80925007312,Python
80925007312,SQL
80925007312,Power BI
80925007312,Tableau
50925006424,Python
50925006424,SQL
50925006424,Java
31025919410,Python
31025919410,React
31025916494,Deep Learning
31025909565,Docker
31025909565,Git
31025502470,Git
31025500731,SQL
31025500731,GCP
31025500481,Excel
31025500480,Excel
31025019778,AWS
31025019778,Java
31025019028,Python
31025017873,AWS
31025017873,Java
31025014262,Java
31025014262,React
31025013873,AWS
31025013873,Java
31025013169,SQL
31025010641,Python
31025010641,Spark
31025010531,Java
31025009234,SQL
31025009234,JavaScript
31025008643,Python
31025008558,Machine Learning
31025008545,Machine Learning
31025008215,Java
31025008174,SQL
31025007897,Cybersecurity
31025007626,SQL
31025005288,Java
31025004992,Azure
31025004992,Linux
31025004725,AWS
31025004725,GCP
31025004426,SQL
31025004217,JavaScript
31025002422,JavaScript
21025007722,Java
11025921897,Python
11025921897,SQL
11025921897,AWS
11025918627,SQL
11025918627,Tableau
11025918576,Python
11025918576,SQL
11025916461,Python
11025916461,SQL
11025916461,Tableau
11025916461,AWS
11025916461,Spark
11025913686,Python
11025913686,AWS
11025913686,Spark
11025912771,Python
11025912771,Spark
11025912487,Python
11025502569,Git
11025502569,JavaScript
11025502074,Excel
11025501363,JavaScript
11025501363,Linux
11025501027,JavaScript
11025500975,JavaScript
11025024159,SQL
11025024053,Java
11025024053,JavaScript
11025023985,Cybersecurity
11025023229,Java
11025022991,JavaScript
11025022991,React
11025022957,JavaScript
11025022957,React
11025022589,JavaScript
11025022589,React
11025022192,Python
11025021924,SQL
11025021924,Java
11025020963,Azure
11025020963,Docker
11025020944,JavaScript
11025019233,GCP
11025016073,AWS
11025016073,Java
11025016061,Java
11025016061,React
11025015057,SQL
11025015057,Azure
11025015057,Spark
11025015057,Databricks
11025013813,SQL
11025013813,Power BI
11025013813,Excel
11025013191,Python
11025012445,JavaScript
11025010336,Python
11025010336,Machine Learning
11025010336,Deep Learning
11025009900,SQL
11025009706,Python
11025009706,Machine Learning
11025009706,Git
11025009528,Power BI
11025009266,Azure
11025009243,Python
11025009243,SQL
11025009243,AWS
11025009192,SQL
11025009192,React
300925505034,Power BI
300925505033,Excel
300925502910,JavaScript
300925500166,SQL
300925030868,AWS
300925026460,Python
300925026460,SQL
300925026460,Tableau
300825013816,Java
300825013816,Cybersecurity
290925917611,Linux
290925915196,Linux
290925915098,Python
290925915098,Java
290925913303,Python
290925911818,Azure
290925911776,SQL
290925911776,Java
290925503373,Machine Learning
290925503158,Excel
290925502510,Excel
290925003524,Excel
290725028587,JavaScript
290725028587,React
270925008821,React
270925006086,Excel
270824019672,React
270625033476,React
260925924229,SQL
260925924229,AWS
260925924229,Java
260925924034,React
260925919479,Java
260925919479,JavaScript
260925919211,Excel
260925504450,Machine Learning
260925015779,React
260925014628,Excel
260925011483,JavaScript
260825917801,AWS
260825917801,JavaScript
260825030173,Java
260825028787,Git
260825028787,JavaScript
260825028787,React
250925932875,Python
250925932875,Spark
250925932828,Python
250925932828,SQL
250925932828,Excel
250925931752,AWS
250925931752,Java
250925931716,Python
250925931716,Java
250925929779,SQL
250925929779,Power BI
250925929779,React
250925921908,Python
250925921908,SQL
250925921908,NLP
250925921907,SQL
250925921020,Power BI
250925918439,Python
250925918439,AWS
250925918439,Kubernetes
250925918236,NLP
250925918236,Kubernetes
250925918236,Java
250925918234,Linux
250925917994,Docker
250925917994,Kubernetes
250925917490,Azure
250925917490,Kubernetes
250925908539,Python
250925908539,Azure
250925908539,Databricks
250925908539,Machine Learning
250925908539,Kubernetes
250925908404,Python
250925908404,SQL
250925509544,JavaScript
250925508584,SQL
250925507372,JavaScript
250925507164,AWS
250925507164,NLP
250925507164,Java
250925501622,Excel
250925501366,JavaScript
250925500806,SQL
250925500806,Machine Learning
250925038403,Python
250925038403,Generative AI
250925038403,Docker
250925035675,Git
250925035568,Azure
250925035568,Kubernetes
250925035545,Python
250925035545,Azure
250925035545,Java
250925035545,JavaScript
250925035545,React
250925035506,Tableau
250925031335,NLP
250925031335,Generative AI
250925031335,Java
250925030423,Azure
250925030423,Java
250925030414,Java
250925030414,React
250925029808,Java
250925028792,SQL
250925028792,Java
250925025695,SQL
250925025695,Power BI
250925025695,Tableau
250925023746,SQL
250925023746,Power BI
250925023746,Tableau
250925019315,SQL
250925017790,Azure
250925014999,AWS
250925014999,Java
250925014100,AWS
250925012816,Docker
250925012816,Kubernetes
250925008367,Git
250925008367,Java
250925006762,Kubernetes
250925006498,Azure
250925006498,React
250925003525,Excel
250725028558,Java
240925932863,SQL
240925932863,JavaScript
240925932863,React
240925923790,Power BI
240925923790,Spark
240925923790,Machine Learning
240925921258,Python
240925921258,Azure
240925507898,Git
240925506204,JavaScript
240925502515,Git
240925502515,JavaScript
240925502450,Docker
240925501809,Git
240925501809,Linux
240925501159,SQL
240925501159,JavaScript
240925500607,Linux
240925035744,Azure
240925035744,Kubernetes
240925035744,React
240925035569,SQL
240925035569,Power BI
240925035017,SQL
240925035017,AWS
240925034195,Linux
240925033775,SQL
240925033379,Java
240925031893,Python
240925031893,AWS
240925031893,React
240925030745,Python
240925030745,AWS
240925030745,React
240925029487,Azure
240925029487,Databricks
240925029008,Python
240925027128,Java
240925027128,React
240925026883,SQL
240925024964,SQL
240925024964,Power BI
240925024964,Tableau
240925024748,SQL
240925024748,GCP
240925023887,SQL
240925023887,Power BI
240925023887,Tableau
240925023863,Python
240925023863,SQL
240925023863,Power BI
240925023863,Azure
240925021142,SQL
240925021142,Power BI
240925021142,Tableau
240925020696,SQL
240925020696,Power BI
240925015564,JavaScript
240925015492,Python
240925015492,SQL
240925015308,SQL
240925015308,Azure
240925013794,GCP
240725030482,Python
240725030482,SQL
230925913986,Python
230925913986,NLP
230925913981,JavaScript
230925913981,React
230925913979,Java
230925913718,SQL
230925913718,Kubernetes
230925913718,Java
230925913718,JavaScript
230925913716,Tableau
230925912016,Machine Learning
230925507458,Power BI
230925505651,Machine Learning
230925505651,Git
230925504746,Docker
230925504745,Docker
230925504745,Kubernetes
230925504744,SQL
230925504744,Git
230925504742,Docker
230925504742,Kubernetes
230925504741,Docker
230925504555,Cybersecurity
230925504554,Cybersecurity
230925504526,Cybersecurity
230925504508,Docker
230925504508,Kubernetes
230925504351,Python
230925504351,Kubernetes
230925504351,Git
230925504350,Python
230925504350,Azure
230925504350,Machine Learning
230925504350,Kubernetes
230925504350,JavaScript
230925504348,GCP
230925504348,Docker
230925504348,Kubernetes
230925504347,Python
230925504294,SQL
230925504294,Git
230925504294,Java
230925504126,Machine Learning
230925038686,Java
230925038039,Spark
230925035062,Java
230925035062,React
230925035027,Azure
230925035027,Databricks
230925034581,SQL
230925034581,GCP
230925034581,Docker
230925034581,Java
230925033598,Python
230925033598,Power BI
230925033598,Azure
230925030772,SQL
230925030772,React
230925028410,AWS
230925028410,Azure
230925023574,React
230925023522,Azure
230925023522,Docker
230925023522,Kubernetes
230925022320,SQL
230925022320,Java
230925016888,Linux
230925016189,Python
230925013794,Power BI
230925013794,Excel
230925013402,Machine Learning
230925013402,Deep Learning
230925013402,NLP
230925011861,Python
230925011861,SQL
230824907435,Java
230725033079,SQL
230725033079,AWS
230725033079,Java
230725033079,React
230625005846,JavaScript
220925013208,Java
220525015549,Excel
210825021704,Power BI
210225007071,React
180625031562,Java
170925032289,JavaScript
170925032289,React
170725023041,Excel
170425010880,JavaScript
170425010880,React
170325009366,Linux
160725026716,Azure
160625001978,Docker
150925905820,Python
150925905820,Java
150925905820,JavaScript
150125916323,AWS
150125916323,Azure
130925000066,JavaScript
130925000066,React
130925000037,Python
130925000037,Machine Learning
130925000037,Generative AI
120925027051,Machine Learning
120925026345,Java
120925016689,AWS
120925016689,Azure
120925016689,Docker
120925016689,Kubernetes
120925016689,Linux
120925015973,JavaScript
120925015973,React
120724005609,Excel
110925039095,Azure
110925039080,Azure
110925039042,GCP
110925039042,Docker
110925039042,Kubernetes
110925039042,Git
110925036588,SQL
110925036588,AWS
110925029530,JavaScript
110925029530,React
100925023594,SQL
100925023594,Power BI
100925021356,AWS
100925021356,Java
100925009251,Python
100925009251,SQL
90625017336,Python
90625017336,GCP
90625017336,Machine Learning
90625017336,Deep Learning
90625017336,Git
90525005136,SQL
70825026044,Python
70825026044,JavaScript
70624011183,Python
70624011183,AWS
51224003754,Java
50925020771,AWS
50925020771,Kubernetes
40925004617,Machine Learning
40925000973,Docker
40925000973,Kubernetes
31025919408,Java
31025919408,JavaScript
31025919227,Azure
31025919227,Git
31025917919,Python
31025917919,Docker
31025917919,Kubernetes
31025917919,Linux
31025917423,Azure
31025917422,AWS
31025917422,Azure
31025917419,Python
31025917419,AWS
31025917419,Kubernetes
31025917403,SQL
31025917402,Python
31025917402,SQL
31025917401,Python
31025917401,NLP
31025917401,Java
31025917398,Python
31025917398,SQL
31025917396,Python
31025917395,Python
31025917395,AWS
31025917395,Git
31025917394,SQL
31025917216,Azure
31025916405,JavaScript
31025916198,SQL
31025916198,React
31025916190,JavaScript
31025916190,React
31025916183,GCP
31025916183,Java
31025916182,AWS
31025916182,Spark
31025916180,Java
31025916178,Java
31025916175,Machine Learning
31025915437,Python
31025915437,Linux
31025915372,Python
31025915370,AWS
31025915370,Kubernetes
31025915369,Python
31025915368,SQL
31025915368,AWS
31025915368,Kubernetes
31025915368,Git
31025915362,Python
31025915362,Kubernetes
31025915361,Python
31025915361,Linux
31025915360,Java
31025915358,Kubernetes
31025915358,Linux
31025915356,Python
31025915355,Python
31025915218,AWS
31025915218,Java
31025915218,JavaScript
31025913668,Python
31025913615,Python
31025913615,Kubernetes
31025913613,SQL
31025913613,Kubernetes
31025913612,Python
31025913611,Python
31025913611,Kubernetes
31025913611,Linux
31025913608,SQL
31025913608,Kubernetes
31025913567,Machine Learning
31025913567,Deep Learning
31025913088,Python
31025913086,Kubernetes
31025913083,SQL
31025913083,Kubernetes
31025913081,Python
31025913081,Kubernetes
31025913081,Java
31025913079,Python
31025913079,Kubernetes
31025913077,SQL
31025913077,Kubernetes
31025913077,Git
31025912562,Generative AI
31025912533,Generative AI
31025912205,SQL
31025912205,Git
31025910147,Python
31025910147,SQL
31025910147,AWS
31025910147,Spark
31025910104,Python
31025910104,Kubernetes
31025910066,Python
31025910033,Python
31025909564,SQL
31025909086,Git
31025904068,Power BI
31025503269,Machine Learning
31025503253,JavaScript
31025503251,GCP
31025503219,Python
31025503219,Machine Learning
31025503219,NLP
31025503125,Machine Learning
31025502980,Linux
31025502964,Excel
31025502955,Git
31025502943,GCP
31025502811,Python
31025502811,NLP
31025502810,Python
31025502801,Python
31025502801,Power BI
31025502755,Python
31025502755,Azure
31025502755,Kubernetes
31025502734,AWS
31025502734,Git
31025502726,JavaScript
31025502701,Linux
31025502699,Java
31025502685,SQL
31025502685,Machine Learning
31025502675,Linux
31025502673,JavaScript
31025502671,JavaScript
31025502661,GCP
31025502661,Machine Learning
31025502659,JavaScript
31025502645,JavaScript
31025502579,Linux
31025502577,Linux
31025502501,SQL
31025502501,JavaScript
31025502475,Linux
31025502431,JavaScript
31025502431,Cybersecurity
31025502418,JavaScript
31025502414,Git
31025502414,JavaScript
31025502413,JavaScript
31025502390,JavaScript
31025502388,JavaScript
31025502369,SQL
31025502369,Machine Learning
31025502369,Git
31025502357,Excel
31025502357,GCP
31025502313,Python
31025502313,Machine Learning
31025502292,Python
31025502292,SQL
31025502285,Linux
31025502282,SQL
31025502230,GCP
31025502230,Machine Learning
31025502218,SQL
31025502214,Excel
31025502205,Linux
31025502189,JavaScript
31025502161,Linux
31025502149,Git
31025502149,JavaScript
31025502133,JavaScript
31025502102,Azure
31025502072,SQL
31025502072,Azure
31025502071,Cybersecurity
31025502070,Python
31025502052,SQL
31025502052,Docker
31025502051,Python
31025502050,Python
31025502049,Java
31025501867,SQL
31025501664,Docker
31025501664,React
31025501653,JavaScript
31025501652,JavaScript
31025501561,Kubernetes
31025501561,Git
31025501555,Java
31025501554,Java
31025501550,Python
31025501550,Kubernetes
31025501549,Python
31025501549,SQL
31025501547,Docker
31025501547,Kubernetes
31025501547,Linux
31025501546,Python
31025501546,Azure
31025501546,Kubernetes
31025501546,Linux
31025501544,Docker
31025501544,React
31025501540,Docker
31025501540,Kubernetes
31025501540,Java
31025501533,SQL
31025501533,Java
31025501532,SQL
31025501532,Kubernetes
31025501463,Python
31025501463,Azure
31025501164,Power BI
31025501157,GCP
31025501049,Linux
31025501029,Excel
31025501025,SQL
31025500957,Git
31025500949,JavaScript
31025500948,Machine Learning
31025500936,Git
31025500882,SQL
31025500882,Power BI
31025500874,Git
31025500874,JavaScript
31025500819,JavaScript
31025500813,Machine Learning
31025500813,JavaScript
31025500813,Linux
31025500806,Machine Learning
31025500806,JavaScript
31025500806,Linux
31025500801,GCP
31025500795,GCP
31025500795,Machine Learning
31025500794,GCP
31025500792,AWS
31025500792,GCP
31025500785,Excel
31025500754,Linux
31025500697,Excel
31025500687,JavaScript
31025500499,JavaScript
31025500497,JavaScript
31025500459,Linux
31025500458,JavaScript
31025500457,Git
31025500457,JavaScript
31025500452,Excel
31025500388,Linux
31025500083,JavaScript
31025020436,Python
31025020436,SQL
31025020239,AWS
31025019843,React
31025019756,Linux
31025019271,SQL
31025019093,SQL
31025018901,Excel
31025018638,SQL
31025018626,AWS
31025018505,Python
31025018505,SQL
31025018505,Spark
31025018060,Python
31025018060,Machine Learning
31025017947,GCP
31025017465,Python
31025017465,Java
31025017424,Python
31025017424,Spark
31025017424,Generative AI
31025016287,Python
31025015210,AWS
31025015210,Azure
31025015143,Power BI
31025015143,Azure
31025015143,Databricks
31025014699,Excel
31025014089,AWS
31025014089,Java
31025013564,JavaScript
31025013564,React
31025012983,AWS
31025012983,Java
31025012983,React
31025012743,Python
31025012743,Kubernetes
31025012743,Linux
31025012559,Power BI
31025012559,Excel
31025011720,Linux
31025011560,Azure
31025011197,SQL
31025011117,Python
31025011117,SQL
31025011117,Tableau
31025010803,Azure
31025010171,SQL
31025009468,SQL
31025009468,JavaScript
31025009331,SQL
31025009331,Power BI
31025009330,Python
31025009330,AWS
31025008666,JavaScript
31025008232,Excel
31025007866,SQL
31025007750,SQL
31025007750,React
31025007747,NLP
31025007486,Azure
31025007486,Java
31025007486,React
31025006926,JavaScript
31025006926,React
31025006907,Docker
31025006712,Java
31025006712,React
31025006642,JavaScript
31025006642,React
31025006641,Python
31025006641,SQL
31025006641,Azure
31025006612,Linux
31025006420,Python
31025006420,AWS
31025006420,Java
31025006159,AWS
31025006159,Java
31025006114,AWS
31025006114,Java
31025006104,Excel
31025006058,AWS
31025006058,Java
31025005996,Java
31025005757,Python
31025005725,Python
31025005725,JavaScript
31025005485,SQL
31025005298,Java
31025005074,Python
31025005074,AWS
31025005074,React
31025004916,Generative AI
31025004916,Linux
31025003819,Java
31025003819,React
31025003817,AWS
31025003632,AWS
31025003632,Git
31025003632,Linux
31025003618,Power BI
31025003561,Excel
31025003397,Python
31025003397,Java
31025003383,Python
31025003383,Machine Learning
31025003383,NLP
31025003250,Git
31025003250,React
31025003220,Excel
31025003192,Linux
31025003105,Python
31025003105,AWS
31025003105,Spark
31025003105,Machine Learning
31025003105,Generative AI
31025003105,Kubernetes
31025002840,GCP
31025002840,Kubernetes
31025002840,Java
31025002627,Python
31025002627,SQL
31025002627,Spark
31025002459,AWS
31025002459,Java
31025002351,Python
31025002351,SQL
31025002351,Power BI
31025002300,Java
31025002223,AWS
31025002169,SQL
31025001952,AWS
31025001952,Java
31025001714,SQL
31025001714,Azure
31025001714,Kubernetes
31025001714,Git
31025001702,Python
31025001702,Java
31025001690,AWS
31025001690,React
31025001679,Python
31025001679,AWS
31025001679,React
31025001653,React
31025001554,Python
31025001554,Machine Learning
31025001554,Generative AI
31025001413,Azure
31025001413,Docker
31025001413,Kubernetes
31025001402,SQL
31025001390,Azure
31025001390,Docker
31025001390,Kubernetes
31025001385,Python
31025001385,AWS
31025001385,Azure
31025001385,Kubernetes
30925034566,JavaScript
30925034566,React
30725911739,Cybersecurity
30225016146,Machine Learning
30225016146,Deep Learning
30225016146,NLP
30225016146,Generative AI
21025008962,Python
21025007884,Java
21025007884,React
21025007366,SQL
21025007366,Azure
21025007366,GCP
21025006832,Python
21025006832,Machine Learning
21025006832,Generative AI
21025006831,Python
21025006831,Machine Learning
21025006831,Generative AI
21025006829,Python
21025006829,Machine Learning
21025006829,Generative AI
21025006825,Python
21025006825,Machine Learning
21025006825,Generative AI
21025006819,Python
21025006819,Machine Learning
21025006819,Generative AI
21025006733,JavaScript
21025006733,React
21025006708,JavaScript
21025006708,React
21025006707,JavaScript
21025006707,React
21025006647,JavaScript
21025006647,React
21025006644,JavaScript
21025006644,React
21025006513,Python
21025006513,Machine Learning
21025000082,Power BI
21025000082,Azure
20925014703,Java
11025923239,Python
11025923239,Machine Learning
11025923239,NLP
11025922260,Spark
11025922255,SQL
11025921902,Python
11025921902,SQL
11025921902,AWS
11025921902,Spark
11025921900,Java
11025921586,Python
11025921406,Power BI
11025921406,Tableau
11025920933,AWS
11025920933,JavaScript
11025920932,Java
11025920931,SQL
11025920931,Spark
11025920931,Java
11025920931,Linux
11025919354,Python
11025919354,SQL
11025919354,AWS
11025919354,Spark
11025918661,SQL
11025918661,Power BI
11025917622,Python
11025917622,Machine Learning
11025917622,NLP
11025917352,Python
11025916458,Python
11025916458,Java
11025916448,Python
11025916448,Java
11025915243,Python
11025915243,Git
11025915225,Python
11025915225,Linux
11025915223,Java
11025914650,SQL
11025914650,AWS
11025914650,Java
11025914649,Java
11025914646,Linux
11025914201,Python
11025914201,AWS
11025914201,Azure
11025914201,GCP
11025914201,Kubernetes
11025914200,Azure
11025914200,Linux
11025913724,Azure
11025913719,Python
11025913719,SQL
11025913717,Docker
11025913717,Java
11025913685,Python
11025913685,Kubernetes
11025913635,Java
11025913367,Excel
11025913166,Kubernetes
11025913078,Generative AI
11025913007,Docker
11025913007,Kubernetes
11025913007,Linux
11025912742,AWS
11025912742,Azure
11025912739,SQL
11025912034,Java
11025912034,Cybersecurity
11025911709,Python
11025911709,Spark
11025503931,Python
11025503931,Power BI
11025503929,Cybersecurity
11025503848,Python
11025503848,SQL
11025503848,Linux
11025503843,Git
11025503829,JavaScript
11025503814,Python
11025503814,SQL
11025503810,Linux
11025503800,JavaScript
11025503787,AWS
11025503787,GCP
11025503787,Git
11025503779,Linux
11025503776,SQL
11025503776,JavaScript
11025503772,Git
11025503763,Git
11025503763,Linux
11025503754,Linux
11025503752,SQL
11025503746,Excel
11025503711,Python
11025503607,Excel
11025503578,Linux
11025503565,Excel
11025503552,GCP
11025503546,GCP
11025503546,JavaScript
11025503538,SQL
11025503530,Excel
11025503513,Machine Learning
11025503513,Linux
11025503079,JavaScript
11025502997,AWS
11025502913,Linux
11025502827,Power BI
11025502734,Power BI
11025502614,Git
11025502614,JavaScript
11025502571,Machine Learning
11025502512,Power BI
11025502511,Python
11025502506,React
11025502505,AWS
11025502505,Azure
11025502499,Python
11025502499,Docker
11025502499,Git
11025502499,JavaScript
11025502489,Linux
11025502458,Azure
11025502449,JavaScript
11025502418,SQL
11025502405,SQL
11025502320,SQL
11025502320,Java
11025502318,Azure
11025502291,Python
11025502291,Kubernetes
11025502291,Git
11025502283,Python
11025502275,Python
11025502273,Python
11025502273,NLP
11025502272,Python
11025502272,Kubernetes
11025502270,Python
11025502270,Kubernetes
11025502249,Python
11025502249,Azure
11025502224,Python
11025502224,Kubernetes
11025502211,Azure
11025502211,Docker
11025502211,Kubernetes
11025502202,Python
11025502202,Power BI
11025502188,SQL
11025502188,Power BI
11025502186,Python
11025502186,Power BI
11025502167,Excel
11025502124,Python
11025502124,SQL
11025502052,Python
11025501885,Python
11025501885,Kubernetes
11025501885,Git
11025501849,Python
11025501849,Excel
11025501812,SQL
11025501810,GCP
11025501802,Git
11025501801,Java
11025501674,SQL
11025501628,Machine Learning
11025501594,Python
11025501594,AWS
11025501594,Git
11025501594,JavaScript
11025501583,SQL
11025501583,Machine Learning
11025501580,Machine Learning
11025501559,Azure
11025501551,Linux
11025501550,Linux
11025501529,SQL
11025501526,Java
11025501526,JavaScript
11025501479,JavaScript
11025501468,SQL
11025501450,Excel
11025501435,Git
11025501435,JavaScript
11025501433,JavaScript
11025501408,Machine Learning
11025501406,Excel
11025501397,JavaScript
11025501374,JavaScript
11025501367,Linux
11025501357,Machine Learning
11025501296,Git
11025501296,JavaScript
11025501296,Linux
11025501291,Git
11025501284,SQL
11025501280,Linux
11025501237,Linux
11025501231,Python
11025501227,JavaScript
11025501220,AWS
11025501219,JavaScript
11025501215,JavaScript
11025501214,Machine Learning
11025501214,Cybersecurity
11025501191,Power BI
11025501190,Power BI
11025501185,Git
11025501185,JavaScript
11025501184,JavaScript
11025501179,GCP
11025501177,SQL
11025501177,Power BI
11025501177,Azure
11025501177,Spark
11025501174,JavaScript
11025501171,JavaScript
11025501164,Linux
11025501121,GCP
11025501083,GCP
11025501060,Git
11025501012,JavaScript
11025501011,Machine Learning
11025501010,SQL
11025500998,JavaScript
11025500995,Power BI
11025500989,SQL
11025500989,JavaScript
11025500968,JavaScript
11025500948,Machine Learning
11025500944,Excel
11025500939,Machine Learning
11025500939,Git
11025500936,Java
11025500936,JavaScript
11025500925,JavaScript
11025500924,SQL
11025500885,JavaScript
11025500881,Linux
11025500875,Machine Learning
11025500850,Linux
11025500838,JavaScript
11025500837,GCP
11025500837,Machine Learning
11025500822,SQL
11025500822,Machine Learning
11025500765,Tableau
11025500765,JavaScript
11025500755,SQL
11025500741,JavaScript
11025500729,JavaScript
11025500725,JavaScript
11025500639,JavaScript
11025500638,JavaScript
11025500633,GCP
11025500630,Machine Learning
11025500630,JavaScript
11025500614,Linux
11025500597,Linux
11025500596,JavaScript
11025500593,Machine Learning
11025500591,SQL
11025500590,SQL
11025500576,Linux
11025500540,Machine Learning
11025500540,Git
11025500531,Machine Learning
11025500528,JavaScript
11025500516,GCP
11025500508,SQL
11025500506,SQL
11025500497,AWS
11025500459,JavaScript
11025500454,Python
11025500427,Machine Learning
11025500402,Excel
11025500342,JavaScript
11025500301,Machine Learning
11025500296,Machine Learning
11025500258,JavaScript
11025500213,Java
11025500213,JavaScript
11025500181,JavaScript
11025500176,JavaScript
11025500018,Linux
11025500001,JavaScript
11025024504,Python
11025024504,GCP
11025024504,NLP
11025024257,Python
11025024257,AWS
11025024257,Spark
11025024246,JavaScript
11025024246,React
11025024193,Azure
11025023831,JavaScript
11025023831,React
11025023757,Python
11025023757,Generative AI
11025023752,Python
11025023752,Generative AI
11025023481,Azure
11025023452,Azure
11025023304,Python
11025023249,JavaScript
11025023249,React
11025022702,Azure
11025022109,SQL
11025022109,JavaScript
11025022051,AWS
11025022051,Java
11025022051,React
11025021759,Linux
11025021689,AWS
11025021689,Java
11025021602,Git
11025021602,JavaScript
11025021602,React
11025021206,AWS
11025021206,Java
11025021053,Python
11025021053,JavaScript
11025021044,Java
11025021027,Python
11025020992,Python
11025020832,Power BI
11025020832,Git
11025020049,Python
11025020049,AWS
11025020049,Git
11025019903,AWS
11025019903,Java
11025019759,Linux
11025019243,Cybersecurity
11025018988,SQL
11025018855,Docker
11025018855,Git
11025018833,Docker
11025018807,Docker
11025018123,Java
11025017474,Kubernetes
11025016991,Python
11025016619,JavaScript
11025016596,JavaScript
11025016554,SQL
11025016554,Java
11025016554,JavaScript
11025016554,React
11025016534,Java
11025016534,React
11025016506,AWS
11025016506,Azure
11025016506,GCP
11025016480,AWS
11025016480,Azure
11025016480,GCP
11025015624,React
11025015470,Python
11025015470,Machine Learning
11025015470,Deep Learning
11025015237,SQL
11025014629,Machine Learning
11025014629,Generative AI
11025014058,AWS
11025014058,Azure
11025014058,GCP
11025014026,SQL
11025014006,SQL
11025014006,AWS
11025013886,Java
11025013670,Excel
11025013663,React
11025013652,Docker
11025013652,Kubernetes
11025013630,JavaScript
11025013630,React
11025013624,Linux
11025013604,JavaScript
11025013415,Java
11025012940,Python
11025012940,Databricks
11025012940,Generative AI
11025012634,SQL
11025012634,Java
11025012519,Java
11025012480,Azure
11025012480,Java
11025012402,Azure
11025012402,Java
11025012339,Azure
11025012339,Java
11025012336,SQL
11025012336,AWS
11025012024,SQL
11025012024,JavaScript
11025010963,Java
11025010546,Azure
11025010546,React
11025010374,Java
11025010303,Excel
11025009872,React
11025009747,JavaScript
11025009689,AWS
11025009689,Docker
11025009689,Java
11025009372,AWS
11025009328,SQL
11025009328,Java
11025009205,Python
11025009205,Spark
11025009205,Databricks
11025009189,Python
11025009189,Spark
11025009189,Generative AI
11025000178,Python
11025000178,Java
11025000077,Java
300925915658,Python
300925915658,GCP
300925915658,Spark
300925505037,Machine Learning
300925500830,Excel
300925023998,Azure
300925014764,Python
300925014764,SQL
300925014764,Power BI
300925014764,Excel
300925014764,AWS
300925012202,Excel
290925919790,Linux
290925917257,Azure
290925911772,SQL
290925906363,Python
290925502452,JavaScript
290925502219,Excel
290925502049,Git
290925502049,JavaScript
290925502049,Linux
290925500778,SQL
290925500778,Linux
290925500492,SQL
290925500492,Linux
290925017365,Excel
290925014439,Excel
290925014132,Linux
290925007780,Python
290925007780,SQL
290925007780,Git
290925006665,Excel
290925002633,Excel
281024005296,Python
281024005296,Machine Learning
280925003812,Excel
280825012130,JavaScript
280725024260,Python
280725024260,Git
270925004918,Python
270925004918,SQL
270825004003,Python
260925502143,SQL
260925501509,JavaScript
260925501414,AWS
260925501414,Linux
260925030875,JavaScript
260925027019,Linux
260925025341,Python
260925025341,Machine Learning
260925025341,Deep Learning
260925025341,NLP
260925025341,Generative AI
260925015798,Excel
260925011086,Linux
260825028356,SQL
260825028356,Tableau
260625027774,Excel
250925933495,Python
250925917993,JavaScript
250925914694,Python
250925914689,Python
250925914689,Machine Learning
250925914689,NLP
250925914689,Kubernetes
250925908549,Python
250925908549,AWS
250925908549,Azure
250925908549,GCP
250925908549,Git
250925509801,Excel
250925509775,Machine Learning
250925509775,Git
250925508981,JavaScript
250925507496,SQL
250925501322,Machine Learning
250925037826,React
250925037005,Excel
250925035423,SQL
250925032056,JavaScript
250925029853,AWS
250925022549,SQL
250925019951,Python
250925019951,Machine Learning
250925018433,JavaScript
250925018433,React
250925017626,Java
250925017452,Java
250925016496,Azure
250925015920,Power BI
250925015920,Tableau
250925012875,SQL
250925012875,Azure
250925011818,Python
250925011818,Java
250925009188,Java
250925005786,Linux
240925506055,SQL
240925503972,Git
240925502548,Git
240925502548,JavaScript
240925502505,JavaScript
240925502437,Python
240925502437,Azure
240925502437,Machine Learning
240925502437,Deep Learning
240925502437,NLP
240925036221,AWS
240925029971,Java
240925029735,SQL
240925026851,SQL
240925026851,Azure
240925026851,Databricks
240925025234,Excel
240925023539,GCP
240925022506,SQL
240925017396,React
240925016880,Java
240925016880,JavaScript
240925012390,SQL
240925007530,SQL
240725021827,Power BI
240725021827,Azure
240725016296,Azure
240725016296,Kubernetes
240625033546,Java
240625013587,Java
230925916273,Python
230925914055,SQL
230925914055,Power BI
230925914054,Kubernetes
230925912024,Git
230925910325,Java
230925507997,Azure
230925506671,Excel
230925506151,Excel
230925506118,Excel
230925506015,Excel
230925504926,Python
230925504841,Python
230925504841,Cybersecurity
230925504575,Python
230925504478,Python
230925504478,Kubernetes
230925504478,Git
230925504319,SQL
230925504319,Docker
230925504319,Kubernetes
230925039236,Azure
230925039236,Docker
230925039236,Kubernetes
230925026964,Python
230925026964,SQL
230925026845,Excel
230925026263,Python
230925026263,SQL
230925024989,SQL
230925023894,Git
230925023894,JavaScript
230925023894,React
230925021993,Azure
230925021993,Linux
230925021640,Generative AI
230925018652,SQL
230925018652,Spark
230925017984,Java
230925017984,React
230925015219,Azure
230925013215,JavaScript
230925013215,React
230925010626,Azure
230825012552,Excel
230725028527,Machine Learning
220725015791,Generative AI
210825041395,Excel
200925008721,Excel
200825913510,JavaScript
170925022215,SQL
170925022215,JavaScript
170925022215,React
170925020403,Java
170725042521,JavaScript
150125916247,GCP
141224003369,SQL
120925000039,SQL
120925000039,Java
120925000039,JavaScript
120625034587,Git
120625034587,JavaScript
120625034587,React
120625015267,Azure
120625015267,GCP
110725017167,Excel
110425014149,Excel
90925014724,Azure
80725006000,JavaScript
80725001068,SQL
70825025996,Java
50925008483,React
50925008360,SQL
40925012987,Linux
40925012498,Azure
40925012498,Kubernetes
40725017640,Cybersecurity
40625032356,SQL
40625032356,Azure
40625032356,Databricks
40625017027,Python
31025917416,SQL
31025913579,AWS
31025913579,Azure
31025913579,Docker
31025913579,Git
31025913579,Java
31025911301,Azure
31025910128,AWS
31025503293,Python
31025503201,Docker
31025503200,SQL
31025503200,Azure
31025503009,Git
31025503009,JavaScript
31025502991,JavaScript
31025502984,Git
31025502984,Java
31025502984,JavaScript
31025502983,GCP
31025502983,Machine Learning
31025502983,Git
31025502969,JavaScript
31025502958,JavaScript
31025502952,Git
31025502952,JavaScript
31025502746,JavaScript
31025502688,Excel
31025502436,JavaScript
31025502353,SQL
31025502304,Linux
31025502057,Docker
31025502057,Kubernetes
31025501889,Azure
31025501667,React
31025501650,SQL
31025501650,Excel
31025501553,Java
31025501548,Python
31025501548,SQL
31025501545,Docker
31025501545,React
31025501535,Python
31025501535,Machine Learning
31025501104,JavaScript
31025501009,SQL
31025501000,Excel
31025500988,SQL
31025500937,Excel
31025500906,SQL
31025500906,Java
31025500904,Git
31025500904,JavaScript
31025500766,Excel
31025500406,JavaScript
31025500377,Excel
31025020406,Python
31025020406,Generative AI
31025020346,Python
31025020346,Generative AI
31025020346,React
31025020322,Java
31025020322,JavaScript
31025020322,React
31025020284,SQL
31025020284,Java
31025020065,GCP
31025020001,React
31025019858,Azure
31025019858,Spark
31025019858,Databricks
31025019741,Excel
31025019673,SQL
31025019673,Azure
31025019673,Spark
31025019673,Databricks
31025019598,Python
31025019506,Python
31025019316,Azure
31025019309,Python
31025019309,AWS
31025019309,Azure
31025019230,Cybersecurity
31025018958,AWS
31025018958,Azure
31025018958,GCP
31025018958,Java
31025018582,JavaScript
31025018109,AWS
31025018109,Git
31025018085,AWS
31025018085,Java
31025018065,Git
31025018037,Azure
31025017982,AWS
31025017982,Java
31025017927,Python
31025017927,Java
31025017737,JavaScript
31025015955,Excel
31025014042,Python
31025014042,Machine Learning
31025014042,NLP
31025013744,Azure
31025013744,GCP
31025013744,Generative AI
31025012989,Python
31025012860,Spark
31025012860,Databricks
31025012727,SQL
31025012727,Tableau
31025012096,Excel
31025012087,Python
31025012087,AWS
31025012087,Azure
31025012087,Spark
31025012024,Java
31025012024,React
31025011827,Azure
31025011827,Java
31025011601,Git
31025011601,Java
31025011385,Java
31025011385,JavaScript
31025011374,JavaScript
31025010600,JavaScript
31025010600,React
31025010405,SQL
31025010405,Java
31025010405,React
31025010356,SQL
31025009999,Python
31025009999,React
31025009544,Excel
31025009426,Python
31025009426,SQL
31025009426,GCP
31025009270,AWS
31025009200,Excel
31025009200,Java
31025009001,Python
31025009001,JavaScript
31025008957,Excel
31025008938,React
31025008573,Excel
31025008263,AWS
31025008263,Azure
31025008263,GCP
31025008263,Docker
31025008263,Kubernetes
31025008244,Python
31025008244,Kubernetes
31025008222,AWS
31025008222,Java
31025007753,Azure
31025007753,Java
31025007753,React
31025006658,Azure
31025006658,Generative AI
31025006530,Python
31025006530,SQL
31025006530,GCP
31025006530,Spark
31025006465,Excel
31025006373,Java
31025005302,Docker
31025005302,Kubernetes
31025005302,Java
31025005181,Linux
31025005163,Azure
31025005163,Java
31025004420,Java
31025004316,Azure
31025004316,Java
31025003475,SQL
31025003475,Docker
31025003475,Kubernetes
31025003403,Python
31025002925,AWS
31025002346,Excel
31025002323,Azure
31025002323,Machine Learning
31025002323,NLP
31025001875,SQL
31025001875,Azure
31025001503,AWS
31025001503,Azure
31025001503,GCP
30925011846,AWS
30225004635,SQL
30225004635,Tableau
21025009268,Java
21025009268,React
21025000083,Excel
20925029641,Python
20925029564,Python
20925024015,JavaScript
20925024015,React
20925012553,Python
20925012553,SQL
20925012553,Power BI
20925012553,Excel
11025921898,AWS
11025921898,Kubernetes
11025921051,JavaScript
11025921051,React
11025918909,Python
11025918909,SQL
11025918909,Java
11025918907,Java
11025918899,SQL
11025918825,Python
11025918825,Azure
11025918825,Spark
11025918825,Databricks
11025918763,Python
11025918763,SQL
11025918763,Azure
11025918763,Spark
11025918591,Java
11025918591,React
11025918579,Python
11025918579,SQL
11025918579,Spark
11025918559,Python
11025916469,AWS
11025916469,Spark
11025916447,Python
11025915246,Java
11025914205,AWS
11025914205,Kubernetes
11025911566,SQL
11025503784,JavaScript
11025503740,Excel
11025503739,Excel
11025503729,Excel
11025503714,Excel
11025503633,Linux
11025503630,Excel
11025503594,Excel
11025503505,AWS
11025503213,Linux
11025503140,Linux
11025502989,JavaScript
11025502938,Machine Learning
11025502808,Linux
11025502730,SQL
11025502730,JavaScript
11025502562,Linux
11025502543,GCP
11025502500,Python
11025502500,SQL
11025502500,Machine Learning
11025502421,Cybersecurity
11025502322,Azure
11025502322,Kubernetes
11025502227,Python
11025502227,Power BI
11025502227,Machine Learning
11025502209,Azure
11025502166,Power BI
11025502164,Power BI
11025502119,Python
11025501995,Azure
11025501937,Python
11025501937,Kubernetes
11025501937,Git
11025501915,React
11025501891,Python
11025501891,SQL
11025501731,Java
11025501731,Linux
11025501694,Linux
11025501665,Excel
11025501573,Git
11025501505,Java
11025501426,Git
11025501426,Java
11025501425,AWS
11025501425,Git
11025501425,Java
11025501359,Git
11025501359,JavaScript
11025501276,Java
11025501274,Java
11025501272,Java
11025501259,Java
11025501172,Git
11025501139,Linux
11025501100,Machine Learning
11025501093,Excel
11025501074,Git
11025501074,JavaScript
11025501069,Linux
11025501041,Linux
11025501036,SQL
11025501035,SQL
11025500994,SQL
11025500992,Java
11025500907,Excel
11025500817,JavaScript
11025500794,SQL
11025500785,Cybersecurity
11025500746,Excel
11025500573,GCP
11025500573,Linux
11025500560,JavaScript
11025500519,Git
11025500494,AWS
11025500494,Java
11025500494,JavaScript
11025500182,Excel
11025024036,Excel
11025023422,Cybersecurity
11025022049,Java
11025021931,AWS
11025021931,Azure
11025021931,Docker
11025021931,Linux
11025021881,Linux
11025020698,Python
11025020698,SQL
11025020603,Excel
11025020128,JavaScript
11025019895,Git
11025018625,Java
11025018596,Python
11025018596,Java
11025018406,JavaScript
11025018143,React
11025017566,Python
11025017566,AWS
11025017566,Docker
11025017566,Git
11025017124,Linux
11025016537,Excel
11025016328,AWS
11025016328,Azure
11025016328,GCP
11025016186,AWS
11025016186,Docker
11025016186,Kubernetes
11025016186,Git
11025015989,SQL
11025015757,Excel
11025015718,Excel
11025015592,Git
11025015592,JavaScript
11025014822,Excel
11025014815,Azure
11025014481,SQL
11025014481,Java
11025014267,Java
11025014117,Excel
11025014074,React
11025013843,SQL
11025013758,AWS
11025013691,Python
11025013691,SQL
11025013440,JavaScript
11025012081,Java
11025011864,Cybersecurity
11025011618,Power BI
11025000073,GCP
11025000073,Docker
11025000073,Java
11025000073,React
10323000063,Java
10323000063,JavaScript
260925027654,Excel
250925507710,Excel
230925505208,Excel
230925014016,SQL
230925014016,Azure
230925014016,Docker
230925014016,Kubernetes
230925014016,Linux
230925000065,Java
230925000021,SQL
110725014637,Cybersecurity
11025501242,Cybersecurity
11025501242,Linux
260925016997,Machine Learning
260925016997,Deep Learning
260925016997,NLP
260925016997,Java
230425003124,SQL
230425003124,Azure
70525012653,SQL
260925028909,Python
260925028909,SQL
260925028909,Azure
260925028909,Spark
290925018628,SQL
290925013874,Cybersecurity
290925013741,Cybersecurity
290925012535,Cybersecurity
290725022782,AWS
290725022782,Azure
290725022782,Java
270925008376,NLP
260925031338,AWS
260925031338,Docker
250925932392,Java
250925930377,Azure
250925928453,SQL
250925928453,Java
250925922975,SQL
250925922975,Azure
250925922975,Git
250925918355,Azure
250925918355,Generative AI
250925917753,SQL
250925910224,SQL
250925909575,Java
250925909280,Python
250925909280,Kubernetes
250925035429,Docker
250925035242,Machine Learning
250925034532,AWS
250925034532,Java
250925033597,Azure
250925033597,Java
250925033597,React
250925018180,JavaScript
250925017648,SQL
250925017648,Power BI
250925016566,SQL
250925011087,Python
250925011087,SQL
250925004836,SQL
250725029364,Machine Learning
240925932617,Power BI
240925932617,Azure
240925930727,Azure
240925502824,GCP
240925036989,Generative AI
240925030166,GCP
240925030166,Machine Learning
240925017873,Python
240925015813,Docker
240925015813,Java
240925012688,SQL
240925012688,Azure
240925010856,Azure
240925010856,Spark
240925010856,Databricks
230925933789,Azure
230925933789,GCP
230925932361,AWS
230925932361,Azure
230925932361,GCP
230925932218,Azure
230925932218,React
230925921836,SQL
230925501012,SQL
230925500456,Git
230925038329,Azure
230925038329,Databricks
230925027508,Python
230925027508,Azure
230925027508,Spark
230925027508,Databricks
160523005099,Java
130825010174,SQL
130825010174,Azure
130825010174,Databricks
120825035854,Azure
120825035854,Spark
30925033384,Python
30625033057,Python
30625033057,AWS
30625033057,Spark
30625033057,Databricks
20625019198,Python
20625019198,SQL
10925020274,SQL
300925023748,Python
300925023748,Spark
290125012114,Cybersecurity
290125012114,Linux
250925932179,SQL
250925932164,Spark
250925932069,SQL
250925932069,Java
250925932069,React
250925931696,Java
250925931696,JavaScript
250925931627,Python
250925931627,Spark
250925931559,Python
250925931559,SQL
250925931559,Git
250925931090,Python
250925931090,Docker
250925931090,Kubernetes
250925930433,Python
250925930433,SQL
250925930433,AWS
250925930340,Python
250925930212,Python
250925930212,AWS
250925930212,Kubernetes
250925930212,Linux
250925930093,Python
250925930093,SQL
250925930093,Java
250925929496,JavaScript
250925928478,GCP
250925928478,Kubernetes
250925928478,Linux
250925928013,Java
250925927975,SQL
250925927784,Java
250925914221,Python
250925914221,Java
250925914098,Python
250925914098,SQL
250925910223,Java
250925910092,Azure
250925910033,Python
250925910033,AWS
250925910033,Git
250925909551,AWS
250925904960,Python
250925904960,Machine Learning
250925901167,Python
250925501724,Machine Learning
250925035515,Java
250925029765,Azure
250925029765,Java
250925028605,Python
250925028605,Machine Learning
250925027663,Azure
250925027663,Java
250925026019,SQL
250925025820,Spark
250925025820,Java
250925018771,Java
250925018117,SQL
250925018117,Java
250925017440,Java
250925013374,Python
250925013374,AWS
250925013374,Java
250925012517,Cybersecurity
250925011301,Generative AI
250925011301,Docker
250925011301,Git
250925010262,GCP
250925010262,Docker
250925010262,Git
250925008112,SQL
250925008112,Azure
250925001093,Azure
250925001093,Java
250925000044,Python
250925000044,Java
250825024770,Python
250825024770,AWS
250825024770,Generative AI
240925929529,SQL
240925929422,Python
240925929422,SQL
240925928864,Linux
240925928280,Python
240925928280,Spark
240925928280,Java
240925033875,Java
240925033875,JavaScript
240925033875,React
240925032781,Java
240925030689,Python
240925030689,Generative AI
240925026858,Python
240925026858,Java
240925016683,AWS
240925016683,Java
240925016156,Linux
240925015931,Python
240925015931,AWS
240925015931,Java
240925011157,Python
240925010902,Python
230925915280,SQL
230925501084,JavaScript
230925501084,Linux
230925500890,SQL
230925500890,GCP
230925500890,Machine Learning
230925038382,Java
230925038382,JavaScript
230925038235,Java
230925038235,React
230925038196,SQL
230925038196,Spark
230925035517,SQL
230925035517,AWS
230925035517,Spark
230925035517,Databricks
230925035137,SQL
230925035137,Tableau
230925027469,Java
230925027469,JavaScript
230925026107,SQL
230925025388,SQL
230925020716,AWS
230925020716,React
230925017694,Git
230925015762,GCP
230925015762,Spark
230925010513,AWS
230925010513,Java
160925936145,SQL
160925936145,Kubernetes
160925936145,JavaScript
160925023198,SQL
160925002862,JavaScript
160925002862,React
150925016598,Python
150925016598,Machine Learning
150925016598,Deep Learning
150925016598,NLP
150925015805,Python
140825012513,SQL
140825012513,Java
120925012771,SQL
100925010153,Java
100725039110,SQL
300925018611,Python
300925018611,SQL
300925018115,Java
300925000136,JavaScript
300925000136,React
290925026772,Java
290925018222,Java
260925027196,Python
260925027196,Spark
260925026977,GCP
260925026977,Java
250925932072,Kubernetes
250925932072,JavaScript
250925931918,Java
250925931556,Python
250925930282,Python
250925930282,SQL
250925930282,AWS
250925914230,Python
250925032104,SQL
250925032104,Power BI
250925032104,AWS
250925029978,Java
250925029978,JavaScript
250925029978,React
250925026742,Power BI
250925026742,Azure
250925026742,Java
250925012093,AWS
250925006356,Java
240925037029,AWS
240925037029,Azure
240925037029,GCP
240925037029,Java
240925018763,Python
240925018763,JavaScript
240925018763,React
240925013433,Java
240925009769,Python
240925009769,Azure
230925930829,SQL
230925930829,Java
230925028321,Python
230925028321,Generative AI
230925021189,Java
230925020536,Python
230925020536,Azure
230925019717,Azure
230925019717,Kubernetes
230925019506,Docker
230925019506,Kubernetes
230925019506,Java
230925011938,Python
230925011938,SQL
230925011640,Python
230925009803,AWS
230925009803,Java
190925024464,Python
190925024464,AWS
190925024464,Azure
190925024464,GCP
190925024464,Docker
190925024464,Kubernetes
160925029152,JavaScript
110625021992,Azure
100725036426,Python
100725036426,AWS
100725036426,Azure
100725036426,Spark
10925004634,Java
300925927473,Excel
300925926401,Excel
300925028618,Java
300925028507,AWS
300925028507,React
300925028494,SQL
300925028494,Power BI
300925028494,Tableau
300925026944,Excel
300925026181,Python
300925026181,SQL
300925026181,AWS
300925025933,Java
300925025449,Java
300925024835,SQL
300925022623,AWS
300925022623,Java
300925022355,Excel
300925019574,Java
300925019006,Java
290925022309,Python
290925022309,SQL
290925021514,SQL
290925021514,Java
290925017057,SQL
290925017057,Linux
290925015149,AWS
290925012408,SQL
290925012408,AWS
290925012408,Azure
290925012408,React
290925011451,Azure
290925011263,Python
290925008919,SQL
290925008919,AWS
290925008919,Azure
290925008919,Java
290825017695,Excel
290725016975,Python
290725016975,SQL
290725016975,AWS
290725016975,Azure
280725024409,SQL
280725024409,Tableau
280725024409,Git
270925012612,Power BI
270925012571,Power BI
270925012394,Power BI
270925012272,Python
270925012272,React
270925011769,Java
270925011049,JavaScript
270925011049,React
260925032392,Cybersecurity
260925032378,Cybersecurity
260925027956,Azure
260925027956,React
260925015061,Excel
260925014560,SQL
260925009550,Excel
250925932598,GCP
250925932542,GCP
250925932312,SQL
250925932312,JavaScript
250925932310,Python
250925932310,AWS
250925932310,Azure
250925932310,GCP
250925932303,AWS
250925932303,Azure
250925932303,GCP
250925932303,Docker
250925932204,Git
250925932122,Kubernetes
250925932122,Java
250925932070,AWS
250925932070,Cybersecurity
250925932044,Python
250925932044,Linux
250925931951,Docker
250925931951,Linux
250925931946,Python
250925931946,Machine Learning
250925931946,Deep Learning
250925931946,NLP
250925931937,Python
250925931937,SQL
250925931937,Java
250925931764,Kubernetes
250925931764,Java
250925931712,Cybersecurity
250925931706,Kubernetes
250925931706,Java
250925931706,JavaScript
250925931567,Python
250925931567,Machine Learning
250925931069,JavaScript
250925931063,SQL
250925931063,Java
250925931058,SQL
250925931045,Python
250925930441,Python
250925930383,Java
250925930122,Python
250925930122,JavaScript
250925929537,Python
250925929513,AWS
250925929513,Kubernetes
250925929484,Power BI
250925929484,Azure
250925929468,Linux
250925929453,SQL
250925929453,Java
250925929410,Python
250925929410,Kubernetes
250925929358,JavaScript
250925928776,Python
250925928776,Linux
250925928766,Python
250925928766,Git
250925928505,Python
250925928501,JavaScript
250925928501,React
250925928469,Java
250925927805,Linux
250925927188,Python
250925927187,Java
250925927187,JavaScript
250925927187,React
250925927172,Java
250925927172,JavaScript
250925927172,React
250925927041,Python
250925927041,SQL
250925927041,Spark
250925926988,SQL
250925926985,SQL
250925926980,SQL
250925926979,SQL
250925926979,Power BI
250925926977,SQL
250925926939,Python
250925926937,Python
250925926937,AWS
250925926937,NLP
250925926936,SQL
250925926932,Python
250925926928,Deep Learning
250925926928,NLP
250925926927,SQL
250925926927,Azure
250925926927,Spark
250925926926,Python
250925926926,Machine Learning
250925926926,Deep Learning
250925926926,NLP
250925926925,Python
250925926925,Deep Learning
250925926925,NLP
250925926923,Python
250925926923,GCP
250925926923,Linux
250925926921,Java
250925926921,JavaScript
250925926921,React
250925926913,AWS
250925926913,Docker
250925926913,Java
250925926912,SQL
250925926911,Java
250925926911,React
250925926909,Python
250925926908,Python
250925926906,Azure
250925926905,Java
250925926812,Python
250925926812,GCP
250925926812,Linux
250925926811,Python
250925926811,GCP
250925926811,Linux
250925926810,Python
250925926810,GCP
250925926810,Linux
250925926808,Python
250925926808,GCP
250925926808,Linux
250925926807,Python
250925926807,GCP
250925926807,Linux
250925926787,SQL
250925926787,Azure
250925926787,Databricks
250925926301,SQL
250925915498,Python
250925915498,Java
250925914205,Python
250925914205,AWS
250925914205,Machine Learning
250925914096,JavaScript
250925913766,Python
250925913766,Azure
250925913766,Databricks
250925913160,SQL
250925913160,JavaScript
250925911028,SQL
250925909542,JavaScript
250925909542,React
250925908439,Python
250925908439,Machine Learning
250925908439,NLP
250925908439,Git
250925906087,GCP
250925901938,GCP
250925901142,Linux
250925509876,JavaScript
250925509758,JavaScript
250925509750,Excel
250925509747,SQL
250925509747,JavaScript
250925509564,Machine Learning
250925509442,Java
250925509442,JavaScript
250925509272,Python
250925509263,JavaScript
250925509130,SQL
250925509130,Azure
250925509025,Git
250925508464,Machine Learning
250925508401,Excel
250925507379,SQL
250925507246,AWS
250925507246,GCP
250925501798,GCP
250925501798,Git
250925501798,JavaScript
250925501610,JavaScript
250925501606,Machine Learning
250925501606,Deep Learning
250925501576,Git
250925501576,JavaScript
250925501567,Machine Learning
250925501567,Deep Learning
250925501471,JavaScript
250925501400,AWS
250925501160,Excel
250925501120,Excel
250925500944,JavaScript
250925500870,JavaScript
250925500844,AWS
250925500813,JavaScript
250925500795,Excel
250925500693,JavaScript
250925500614,SQL
250925038675,Excel
250925038635,React
250925036634,Azure
250925036634,Kubernetes
250925036634,Java
250925035910,Python
250925033784,Excel
250925032692,Python
250925032692,SQL
250925032692,AWS
250925032692,Azure
250925032692,Machine Learning
250925030445,Java
250925027897,Python
250925027897,AWS
250925023908,Python
250925023908,SQL
250925023908,AWS
250925017960,SQL
250925017960,Docker
250925017960,Kubernetes
250925017533,React
250925017346,Python
250925017346,Linux
250925016387,SQL
250925016280,SQL
250925015813,Docker
250925015813,Kubernetes
250925015813,Java
250925015813,React
250925015642,Docker
250925015642,Kubernetes
250925015642,Java
250925015642,React
250925015555,Docker
250925015555,Kubernetes
250925015555,Java
250925015555,React
250925015483,Python
250925015483,SQL
250925015483,AWS
250925015483,Azure
250925015483,Spark
250925015483,Generative AI
250925015104,Python
250925015104,Java
250925014453,Python
250925014453,AWS
250925014453,Spark
250925012746,Python
250925012746,Power BI
250925012632,Python
250925012632,SQL
250925012632,Azure
250925012632,Databricks
250925012577,Python
250925012577,SQL
250925012577,Azure
250925012577,Databricks
250925011903,Python
250925011903,SQL
250925011903,Azure
250925011142,AWS
250925011142,Azure
250925011142,GCP
250925009759,Python
250925009759,Java
250925009524,SQL
250925009451,Python
250925009451,AWS
250925008686,Java
250925006641,Azure
250925006641,Kubernetes
250925006641,Java
250925005510,Python
250925001105,Excel
250425027108,SQL
250425027108,Azure
240925932735,SQL
240925932735,Power BI
240925929449,SQL
240925929305,JavaScript
240925927904,GCP
240925927833,Python
240925927833,Linux
240925923686,Docker
240925922397,GCP
240925921218,Python
240925921218,Machine Learning
240925921218,Kubernetes
240925921121,Python
240925921121,SQL
240925921121,Spark
240925921121,Git
240925920912,Python
240925920845,GCP
240925920838,Python
240925920838,Java
240925920811,GCP
240925919171,SQL
240925507624,Python
240925507624,Docker
240925507624,Git
240925507624,Linux
240925506803,Excel
240925506147,Git
240925506147,Java
240925506040,JavaScript
240925505054,Linux
240925503911,Linux
240925503387,JavaScript
240925503369,Git
240925503366,SQL
240925503359,JavaScript
240925502746,JavaScript
240925502742,Git
240925502686,JavaScript
240925502682,Excel
240925502682,GCP
240925502669,AWS
240925502669,Git
240925502669,JavaScript
240925502593,Python
240925502590,Git
240925502590,JavaScript
240925502580,JavaScript
240925502572,Python
240925502558,Git
240925502536,JavaScript
240925502396,JavaScript
240925502374,JavaScript
240925502372,JavaScript
240925502368,SQL
240925502368,GCP
240925502368,NLP
240925502363,Machine Learning
240925502361,Java
240925502361,JavaScript
240925502339,Machine Learning
240925502273,Linux
240925501854,GCP
240925501854,JavaScript
240925500722,SQL
240925500657,Machine Learning
240925500657,Git
240925500657,JavaScript
240925036411,Python
240925036411,SQL
240925036411,GCP
240925036386,Python
240925036386,Spark
240925036147,Python
240925036147,SQL
240925036147,Power BI
240925036147,Machine Learning
240925035779,Excel
240925035694,Excel
240925034891,Linux
240925034439,Git
240925034439,Linux
240925033303,Python
240925033303,Machine Learning
240925033303,NLP
240925033303,Generative AI
240925030583,Azure
240925030583,Kubernetes
240925029955,SQL
240925029955,Java
240925029955,JavaScript
240925029706,Java
240925029584,AWS
240925029584,Java
240925028936,Excel
240925028730,AWS
240925028421,Java
240925027578,Azure
240925027578,React
240925026405,Python
240925026405,Docker
240925025289,SQL
240925025289,AWS
240925025289,React
240925025211,SQL
240925025211,AWS
240925025211,Docker
240925025211,Kubernetes
240925025162,Git
240925025162,Java
240925024990,Cybersecurity
240925024895,Java
240925023987,Azure
240925023589,Excel
240925023521,Java
240925021829,Python
240925021829,Azure
240925021829,Databricks
240925019963,Python
240925018566,SQL
240925018266,Azure
240925018266,Kubernetes
240925018266,Git
240925016804,JavaScript
240925016804,React
240925016645,Kubernetes
240925016275,Java
240925015462,Python
240925015462,Generative AI
240925014987,JavaScript
240925014987,React
240925014907,Python
240925014907,AWS
240925014907,Azure
240925014907,GCP
240925014600,Cybersecurity
240925014130,SQL
240925007099,Python
240925007099,SQL
240925007099,Azure
240925007099,Databricks
230925936554,Azure
230925936554,JavaScript
230925934002,Python
230925934002,SQL
230925934000,Docker
230925934000,Linux
230925930762,Python
230925930762,SQL
230925930762,AWS
230925930762,Databricks
230925930762,Docker
230925930691,Python
230925930691,Linux
230925930633,Linux
230925930614,Linux
230925930595,GCP
230925930595,Docker
230925930595,Kubernetes
230925930595,Git
230925930399,Java
230925930306,Git
230925930306,Java
230925930276,Java
230925930276,React
230925930257,SQL
230925930257,Java
230925930257,React
230925930180,Git
230925930180,Java
230925930180,React
230925930160,Python
230925930160,AWS
230925930160,GCP
230925930160,Java
230925930119,Python
230925930119,Spark
230925930119,Git
230925930077,Python
230925930077,Spark
230925930077,Linux
230925930027,Python
230925930027,Spark
230925929987,Python
230925929987,Spark
230925929987,Git
230925929962,SQL
230925929962,GCP
230925929962,Java
230925929945,GCP
230925929945,Spark
230925929927,Spark
230925929911,Python
230925929911,SQL
230925929911,Spark
230925929911,Git
230925929911,Java
230925929911,Linux
230925929887,Python
230925929887,SQL
230925929787,JavaScript
230925929764,AWS
230925929764,Spark
230925929743,Python
230925929743,GCP
230925929743,Spark
230925929725,Python
230925929725,GCP
230925929725,Spark
230925929669,JavaScript
230925929669,React
230925929644,Python
230925929644,Machine Learning
230925929644,Generative AI
230925929639,SQL
230925929639,Linux
230925927979,JavaScript
230925927974,Python
230925927974,Machine Learning
230925927974,Kubernetes
230925926477,Linux
230925926109,Azure
230925921053,Git
230925921053,Java
230925921053,JavaScript
230925917922,Kubernetes
230925917197,Python
230925917195,Azure
230925910312,Java
230925508319,AWS
230925508222,Excel
230925508219,SQL
230925508219,Linux
230925508184,Python
230925508184,SQL
230925508184,Azure
230925508107,React
230925508087,AWS
230925508087,Java
230925508087,JavaScript
230925507755,SQL
230925507755,Power BI
230925507755,Tableau
230925507707,Python
230925507707,AWS
230925507707,Spark
230925507699,AWS
230925507628,AWS
230925507628,Docker
230925507628,Java
230925507622,SQL
230925507622,Linux
230925507546,Git
230925507546,Linux
230925507541,SQL
230925507500,Excel
230925507455,AWS
230925507455,Java
230925507455,JavaScript
230925507436,AWS
230925507436,Java
230925507230,Python
230925507230,SQL
230925507230,AWS
230925507230,Git
230925507108,Azure
230925506986,Java
230925506986,React
230925506980,SQL
230925506980,Git
230925506848,SQL
230925506848,AWS
230925506846,SQL
230925506846,Azure
230925506810,SQL
230925506514,SQL
230925506514,Java
230925506488,Python
230925506488,Azure
230925506488,Kubernetes
230925506488,Linux
230925506145,SQL
230925506145,Docker
230925506145,Git
230925506124,Linux
230925506011,SQL
230925506011,Docker
230925506011,Git
230925505965,SQL
230925505965,Java
230925505754,Machine Learning
230925505725,Excel
230925505457,Excel
230925505317,Excel
230925505255,JavaScript
230925504979,Python
230925504956,Python
230925504956,SQL
230925504956,Azure
230925504956,Machine Learning
230925504956,Deep Learning
230925504956,NLP
230925504949,Python
230925504949,SQL
230925504949,Azure
230925504949,Machine Learning
230925504949,Deep Learning
230925504949,NLP
230925504929,Excel
230925504925,Kubernetes
230925504578,Python
230925504578,Azure
230925504578,Spark
230925504419,SQL
230925504419,Java
230925504360,SQL
230925504360,Java
230925504315,Excel
230925503689,Git
230925503618,Git
230925501026,SQL
230925500736,SQL
230925500686,Git
230925500542,Git
230925500486,JavaScript
230925500479,SQL
230925500466,Linux
230925500450,SQL
230925500450,Linux
230925500386,Deep Learning
230925500385,SQL
230925500385,JavaScript
230925500260,AWS
230925500217,Linux
230925500197,SQL
230925500196,SQL
230925500091,JavaScript
230925500091,Linux
230925500090,JavaScript
230925500090,Linux
230925500039,Linux
230925038953,Java
230925038573,Docker
230925038463,Excel
230925037674,Java
230925037170,Python
230925036193,GCP
230925036193,Kubernetes
230925036171,GCP
230925036171,Kubernetes
230925036154,GCP
230925036154,Kubernetes
230925036105,Docker
230925036105,Kubernetes
230925036105,Git
230925032483,Python
230925032483,AWS
230925032483,Azure
230925031388,Java
230925029577,Python
230925029577,SQL
230925029577,AWS
230925029577,Spark
230925029020,Python
230925029020,AWS
230925028372,Python
230925028372,AWS
230925027804,AWS
230925027804,Azure
230925027648,Python
230925027648,JavaScript
230925027648,React
230925026860,Python
230925026860,SQL
230925026860,Machine Learning
230925023725,Cybersecurity
230925023190,AWS
230925023190,Azure
230925022808,AWS
230925022808,Java
230925022508,Java
230925022508,React
230925022344,Python
230925022344,GCP
230925022344,Machine Learning
230925022344,Deep Learning
230925022344,NLP
230925022344,Generative AI
230925021991,AWS
230925021991,React
230925021921,Python
230925021921,Deep Learning
230925021921,NLP
230925021875,SQL
230925021875,Spark
230925021676,AWS
230925021214,Python
230925021214,SQL
230925021214,Azure
230925021214,React
230925021195,Python
230925019552,SQL
230925019552,Linux
230925019015,Python
230925019015,Generative AI
230925019001,Java
230925018229,Excel
230925016074,Python
230925016074,SQL
230925015957,SQL
230925015957,Java
230925015364,Java
230925015364,JavaScript
230925013662,Java
230925013662,JavaScript
230925013406,Cybersecurity
230925000153,Java
230725036143,JavaScript
230725036143,React
230523007726,GCP
230523007726,Spark
220925010793,Python
220925010793,AWS
220925010793,Linux
220925005738,Python
220925005738,SQL
220925005738,GCP
220925005738,Spark
210323007751,JavaScript
210323007751,React
200825018262,Python
200825018262,SQL
200825018262,GCP
200525035199,Java
191223005634,Java
180925035268,SQL
180925035137,Azure
180925035137,GCP
180925035137,Docker
180925035137,Java
180925034256,SQL
180925033590,AWS
180925033590,Docker
180925033590,Kubernetes
180925033590,Java
180925018378,SQL
180925018378,Java
180725030028,Python
180725030028,NLP
180725030028,Generative AI
180725018407,Cybersecurity
171220004646,AWS
171220004646,Java
171220004646,JavaScript
171220004646,React
171220003291,JavaScript
171220003291,React
170925004672,Machine Learning
170925004672,NLP
170825003189,AWS
170825003189,Java
160925936150,Power BI
160425012912,Azure
150925015729,AWS
150925015729,Azure
150925015729,Kubernetes
140825032471,Python
140825032471,Azure
140825032471,React
120925015308,Java
120525016205,Excel
110925038482,AWS
110925020343,JavaScript
110522010130,Java
110522010130,JavaScript
110325024775,Java
110325024775,JavaScript
100725015336,Cybersecurity
90925031450,AWS
90925031450,Linux
80825014577,Python
80825014577,AWS
80825014577,Azure
80825014577,Linux
70825018243,Excel
70819005449,Java
60925015604,Python
60925015604,SQL
60925015604,Machine Learning
60925015604,Generative AI
60825028301,Python
50925026439,Python
50925026439,AWS
50925026439,Azure
50925026439,GCP
50925026439,Docker
50925023775,JavaScript
50925023775,React
50925023571,JavaScript
50925023571,React
50925013154,Python
50925013154,AWS
50925013154,Azure
50925013154,Docker
50925013154,React
50925012184,Python
50925012184,Azure
50825021868,React
40725018701,Java
40725018701,Linux
30925028606,JavaScript
30624001340,AWS
30624001340,Java
30624001340,JavaScript
30624001340,React
30524005968,AWS
30524005968,Azure
30524005968,React
20825007522,Excel
20825007385,Excel
10425004190,SQL
10224005873,Java
10125001764,Excel
300925025087,Python
300925025087,SQL
290925013023,Excel
260925032507,Azure
260925020380,Python
260925020380,Azure
260925019565,Python
260925019565,Azure
260925019565,Spark
260925019565,JavaScript
250925929990,Python
250925925363,Excel
250925508715,Git
250925508602,Git
250925508599,Git
250925507219,Excel
250925501892,JavaScript
250925007855,Power BI
250925007855,Azure
250925007855,Spark
250925007855,Databricks
250825014924,Python
250825014924,SQL
250825014924,AWS
240925929695,Kubernetes
240925929695,Linux
240925503292,Git
240925502775,Python
240925026414,Azure
240925026414,Generative AI
240925013888,SQL
230925505219,Git
230925504953,Azure
230925504953,Kubernetes
230925504657,Python
230925501153,Linux
230925501021,JavaScript
230925021845,AWS
230925021845,Java
140525009294,SQL
230925019774,Machine Learning
230925019774,Deep Learning
230925019774,NLP
230925019774,Generative AI
30625014952,React
280325022816,Python
220825021371,Java
290825007521,SQL
250925033490,Linux
250925031381,SQL
250925031253,AWS
250925031253,GCP
250925031253,React
250925029944,SQL
250925029944,Azure
250925029944,Git
250925029944,Java
250925026558,SQL
250925026558,Linux
250925024165,JavaScript
250925022932,Cybersecurity
250925022715,Excel
250925017736,Java
250925013800,Excel
250925011258,SQL
250925003299,React
250425022987,Excel
240925913727,JavaScript
240925030151,Excel
240925030030,Excel
240925028970,Excel
240925028349,Power BI
240925028349,Tableau
240925028264,Power BI
240925028264,Tableau
240925025965,Python
240925025965,Machine Learning
240925025910,Linux
240925021288,React
240925020974,Excel
240925019956,SQL
240925009421,Java
240925009042,Excel
230925036914,Java
230925030713,Power BI
230925030713,Excel
230925025669,Excel
230925020869,Linux
230925009440,Python
230925009440,Azure
230925009440,Spark
230925009440,Databricks
230925009440,Machine Learning
221123011003,Java
190925025569,Excel
180925027633,Python
180925027633,SQL
180925027633,AWS
160125015403,Python
160125015403,SQL
160125015403,Power BI
160125015403,Tableau
160125015403,Machine Learning
130525019531,Cybersecurity
40825004035,AWS
250925007715,Excel
230925037104,Excel
230925033228,SQL
230925033228,Azure
230925029708,Power BI
230925029708,Azure
230925029708,Spark
230925029708,Databricks
290925027730,SQL
290925027730,AWS
270925007511,JavaScript
270925006934,Java
270925006934,React
260925928084,Python
260925928084,SQL
260925928084,Java
260925928000,Docker
260925928000,Git
260925919800,AWS
260925915601,JavaScript
260925914981,Java
260925914981,JavaScript
260925912755,Python
260925912755,SQL
260925912755,Spark
260925910886,Python
260925910886,AWS
260925910886,Kubernetes
260925910350,Azure
260925030192,GCP
260925030192,Generative AI
260925029828,Azure
260925029828,Java
260925017930,Java
260925011503,Python
260925011503,Machine Learning
260925011503,NLP
260925011503,Generative AI
260925010844,SQL
260925009612,SQL
260925007226,Git
10825030657,Cybersecurity
300925912445,AWS
300925912445,Machine Learning
300925912445,Generative AI
300925912445,Java
300925504225,AWS
300925028623,Python
300925028623,AWS
300925028436,Git
300925027595,SQL
300925027595,AWS
300925027595,Java
300925026343,AWS
300925026343,Azure
300925026343,Java
300925026343,React
300925025190,SQL
300925025190,AWS
300925025190,Java
300925025008,Python
300925024789,Tableau
300925022690,SQL
300925022690,Power BI
300925022690,Excel
300925022281,Python
300925022281,Generative AI
300925022196,Generative AI
300925021626,Excel
300925021480,Python
300925021480,Machine Learning
300925021480,Deep Learning
300925021334,Java
300925021306,NLP
300925021154,Java
300925021027,GCP
300925021027,Git
300925021027,Linux
300925020755,Cybersecurity
300925020657,Azure
300925018158,Linux
300925016525,SQL
300925016525,Git
300925016457,Azure
300925014425,Java
300925013807,Python
300925013807,SQL
300925013807,Git
300925013498,JavaScript
300925013498,React
300925013460,SQL
300925012297,Java
300925012253,Git
300925011490,Python
300925011490,AWS
300925011490,React
300925011277,Git
300925011277,JavaScript
300925011198,JavaScript
300925010807,JavaScript
300925010366,Java
300925010347,Java
290925914789,Python
290925914789,AWS
290925914789,Azure
290925914789,GCP
290925914789,Kubernetes
290925913903,Azure
290925913209,SQL
290925912373,Azure
290925903136,JavaScript
290925903135,SQL
290925902167,SQL
290925503171,GCP
290925503076,JavaScript
290925501259,AWS
290925501259,Docker
290925501259,Java
290925500950,Python
290925500950,SQL
290925500950,Git
290925500950,Linux
290925500949,Python
290925500948,JavaScript
290925500947,Python
290925500947,SQL
290925500947,Git
290925500947,Linux
290925500946,Python
290925500945,JavaScript
290925500944,JavaScript
290925500942,SQL
290925500942,GCP
290925500940,GCP
290925500939,SQL
290925500939,GCP
290925027897,JavaScript
290925024298,SQL
290925024298,Java
290925023753,Kubernetes
290925023753,Java
290925021843,JavaScript
290925021394,AWS
290925020512,Azure
290925019100,Git
290925019100,Java
290925018910,SQL
290925018390,JavaScript
290925018390,React
290925016120,JavaScript
290925013621,SQL
290925012112,Java
290925011407,SQL
290925008713,Java
290925008413,Java
290925006241,Cybersecurity
290925005977,Generative AI
290925005685,Spark
290925004876,Spark
290925004592,Java
290925003853,Python
290925003561,Python
290925003561,Linux
290925003121,Azure
290925002055,Kubernetes
290925002055,Java
290925001610,JavaScript
290925001537,Azure
290925000957,Spark
290925000957,Git
290925000957,Java
290925000957,Linux
290825010853,Python
290825010853,AWS
290825010853,Spark
290825010853,Generative AI
290525037252,Python
290525037252,AWS
280925004910,SQL
280925003290,Python
280925003290,Azure
280825021212,SQL
280825021115,React
280825021027,Git
280825021027,React
280825017653,Java
270925009854,Python
270925009854,AWS
270925009854,Java
270925009764,AWS
270925009764,Java
270925008774,AWS
270925008774,Java
270925006565,SQL
270925006565,AWS
270925006565,Java
270925006333,Azure
270925006333,Docker
270925006181,JavaScript
270925000100,Azure
270925000100,GCP
270925000100,Kubernetes
270925000100,Java
270625014672,Python
260925930359,Azure
260925923127,Python
260925923127,Git
260925923127,Java
260925923125,Azure
260925919853,Kubernetes
260925919853,Git
260925919845,JavaScript
260925918735,SQL
260925918253,JavaScript
260925918244,SQL
260925918216,JavaScript
260925918213,AWS
260925918213,Azure
260925918213,GCP
260925918210,JavaScript
260925918017,SQL
260925916911,Git
260925916911,Java
260925916110,SQL
260925916110,Power BI
260925915752,Python
260925915698,Python
260925915698,Java
260925915698,Linux
260925915657,Azure
260925915118,Spark
260925915118,Kubernetes
260925914264,Azure
260925914254,Python
260925914220,Cybersecurity
260925914211,Python
260925914211,Tableau
260925914211,Java
260925914185,SQL
260925911938,Power BI
260925911938,JavaScript
260925911310,Python
260925911310,AWS
260925911310,GCP
260925911310,Kubernetes
260925911310,Java
260925911273,Java
260925911273,Linux
260925908659,Python
260925908608,SQL
260925908608,Java
260925907398,Python
260925907387,Java
260925502465,SQL
260925031230,Azure
260925030799,SQL
260925026898,Python
260925025692,Java
260925025692,JavaScript
260925025692,React
260925025532,React
260925025026,SQL
260925024341,AWS
260925022866,SQL
260925022866,Git
260925018846,SQL
260925018846,Java
260925018846,JavaScript
260925018375,Git
260925017394,Python
260925017394,SQL
260925014576,Python
260925014576,Azure
260925014576,NLP
260925014576,Generative AI
260925008534,Git
260925008534,JavaScript
260925006318,AWS
260925006318,Azure
260925006318,Kubernetes
260925006293,AWS
260925006293,Git
260925006172,Azure
260925006172,Java
260925006172,React
250925931586,Python
250925931586,AWS
250925931586,GCP
250925931586,Machine Learning
250925931586,Deep Learning
250925931586,NLP
250925032304,Machine Learning
250925032304,JavaScript
250925014038,Python
250925014038,Java
250925014038,Linux
250825024896,Git
250625035378,AWS
240925507162,Git
240925507162,JavaScript
230925037207,Excel
230825013963,Azure
230825013963,Git
220825027935,Java
210825015619,Java
200825021347,GCP
200825021347,Java
200525002222,Azure
200525002222,Docker
200525002222,React
190825011299,SQL
190825011299,React
190625027695,Java
180625028063,Cybersecurity
170925021062,AWS
150925004371,Python
150925004371,AWS
150925004371,Java
120525025178,Power BI
120525025178,Tableau
110825017899,AWS
110825017899,Java
110825017899,React
110825017464,Java
110825001920,SQL
100424007740,Python
100424007740,Spark
100424007740,Docker
90925020901,Git
90925020901,JavaScript
90925020901,React
90725009155,AWS
90625023645,Python
90625023645,AWS
80825020659,Cybersecurity
80125017977,Python
70825020544,SQL
50925006300,Python
50925006300,SQL
50825016550,AWS
50825016550,Azure
50825016550,GCP
40624007537,Docker
40624007537,Java
31025020466,JavaScript
30925027955,SQL
30925027955,Git
21025007404,SQL
21025000004,Python
20925022054,AWS
11025023356,AWS
11025009323,Java
11025000037,Java
11025000037,JavaScript
310725913533,GCP
310725912614,SQL
310725912614,Power BI
300925930330,Python
300925930330,Java
300925930330,JavaScript
300925930328,Power BI
300925930327,SQL
300925930327,Java
300925930320,Excel
300925930318,Excel
300925930310,SQL
300925930307,Excel
300925930297,Azure
300925930296,Linux
300925930282,SQL
300925930269,SQL
300925930269,Power BI
300925930262,SQL
300925930249,Cybersecurity
300925930237,Azure
300925930237,Machine Learning
300925930237,Linux
300925930225,JavaScript
300925926914,Python
300925926914,Java
300925925809,Java
300925925558,Cybersecurity
300925925360,Git
300925924283,Python
300925924283,JavaScript
300925924283,React
300925924214,Python
300925924111,Linux
300925924074,GCP
300925924045,JavaScript
300925924045,React
300925922329,SQL
300925922329,Java
300925922328,Docker
300925922328,Java
300925922324,Spark
300925922324,Java
300925922316,SQL
300925922316,Docker
300925922316,Kubernetes
300925922316,JavaScript
300925922316,React
300925922315,Java
300925922314,Azure
300925922314,JavaScript
300925922313,JavaScript
300925922312,Python
300925922312,Java
300925922311,Java
300925922305,SQL
300925922305,Java
300925922302,JavaScript
300925922302,React
300925922299,SQL
300925922299,JavaScript
300925922293,SQL
300925922293,Azure
300925922292,Python
300925922292,SQL
300925922287,Java
300925922240,SQL
300925922209,Cybersecurity
300925921701,AWS
300925921701,Azure
300925921701,Docker
300925921701,Kubernetes
300925920439,Python
300925920439,SQL
300925920439,Git
300925920300,Python
300925920300,SQL
300925920300,Azure
300925917622,Azure
300925917618,Power BI
300925916269,Python
300925916269,Azure
300925916269,JavaScript
300925915704,Azure
300925915704,Docker
300925914003,SQL
300925914003,Spark
300925912914,AWS
300925912914,Azure
300925912914,GCP
300925912259,AWS
300925912259,Azure
300925912259,Git
300925912090,Git
300925911779,JavaScript
300925911779,React
300925911631,Docker
300925911631,Git
300925504917,Machine Learning
300925504917,Deep Learning
300925504868,JavaScript
300925504855,JavaScript
300925504850,JavaScript
300925504797,JavaScript
300925504797,Linux
300925504781,Python
300925504773,JavaScript
300925504696,Linux
300925504659,SQL
300925504648,JavaScript
300925504642,JavaScript
300925504627,Excel
300925504597,Excel
300925504583,Machine Learning
300925504555,Machine Learning
300925504542,Machine Learning
300925504509,React
300925504458,JavaScript
300925504455,Java
300925504455,JavaScript
300925504453,SQL
300925504453,Linux
300925504386,Linux
300925504383,GCP
300925504383,Git
300925504383,JavaScript
300925504334,SQL
300925504323,Git
300925504321,Git
300925504287,Git
300925504272,Python
300925504271,Python
300925504251,JavaScript
300925504251,Linux
300925504247,GCP
300925504247,Machine Learning
300925504232,JavaScript
300925504128,Excel
300925504091,GCP
300925504070,Git
300925504047,SQL
300925504047,JavaScript
300925504023,Python
300925504023,Java
300925504022,Git
300925503989,Excel
300925503988,Excel
300925503415,GCP
300925503411,JavaScript
300925503401,JavaScript
300925503345,JavaScript
300925503287,Excel
300925503084,GCP
300925503083,JavaScript
300925503065,Machine Learning
300925503038,SQL
300925503019,Machine Learning
300925503009,AWS
300925503000,GCP
300925502991,AWS
300925502990,Git
300925502986,SQL
300925502984,SQL
300925502984,JavaScript
300925502983,SQL
300925502982,Linux
300925502981,Git
300925502873,Python
300925502873,SQL
300925502745,Machine Learning
300925502684,Linux
300925502683,JavaScript
300925502659,Machine Learning
300925502651,GCP
300925502478,Linux
300925502471,Excel
300925502469,Excel
300925502465,Machine Learning
300925501004,JavaScript
300925501001,JavaScript
300925500930,JavaScript
300925500857,JavaScript
300925500856,Git
300925500841,Python
300925500826,Excel
300925500603,Excel
300925500543,JavaScript
300925500536,Python
300925500436,Linux
300925500293,JavaScript
300925500262,SQL
300925500259,GCP
300925500259,Machine Learning
300925500254,Linux
300925500247,Machine Learning
300925500246,SQL
300925500239,Git
300925500239,JavaScript
300925500238,Linux
300925500237,Git
300925500237,JavaScript
300925030871,AWS
300925030830,JavaScript
300925030830,React
300925030713,Excel
300925030427,Python
300925030417,Excel
300925030417,Azure
300925029933,Java
300925029894,SQL
300925029894,Azure
300925029894,GCP
300925029865,SQL
300925029865,Power BI
300925029865,Tableau
300925029803,Azure
300925029731,Azure
300925029476,SQL
300925029476,Kubernetes
300925029476,Java
300925029243,SQL
300925029243,Power BI
300925029226,Generative AI
300925029112,Docker
300925029112,Kubernetes
300925029112,Java
300925029042,Kubernetes
300925029042,Java
300925028917,Kubernetes
260925924073,Azure
260925924073,Kubernetes
260925504012,Machine Learning
260925503528,AWS
250925001404,SQL
230925017322,AWS
230925017322,Azure
230925017322,GCP
230725023815,Machine Learning
230725023815,Generative AI
230725023815,Docker
190825021520,Excel
170825003972,Python
170825003972,Machine Learning
170825003972,NLP
170825003972,Generative AI
110925935369,SQL
110925935369,Git
90925017341,Kubernetes
31025917904,Python
31025917904,Java
31025917889,Java
31025917889,JavaScript
31025917847,Python
31025917847,Java
31025917837,Kubernetes
31025917837,Java
31025917826,Java
31025917826,JavaScript
31025917692,Python
31025917692,Cybersecurity
31025917671,Java
31025917276,Python
31025917276,Git
31025917254,Python
31025917254,SQL
31025917254,Azure
31025917232,Python
31025917232,Tableau
31025917232,Machine Learning
31025917200,Power BI
31025917194,Azure
31025917123,Python
31025917102,Git
31025917073,Python
31025917066,Tableau
31025917066,Machine Learning
31025916970,Python
31025916970,SQL
31025916970,Tableau
31025916955,JavaScript
31025916953,Git
31025916953,JavaScript
31025916875,Python
31025916792,SQL
31025916792,Linux
31025916709,Power BI
31025916686,Python
31025916648,Python
31025916593,Python
31025916560,SQL
31025916560,Spark
31025916560,Docker
31025916560,Kubernetes
31025916554,Python
31025916549,SQL
31025916518,Cybersecurity
31025916451,Python
31025916451,SQL
31025916444,Python
31025916443,Python
31025916443,SQL
31025916424,Cybersecurity
31025916422,Python
31025916342,SQL
31025916342,Java
31025915093,JavaScript
31025915068,SQL
31025915060,Java
31025914973,Python
31025914973,SQL
31025914973,AWS
31025914973,Azure
31025914837,Azure
31025914837,Cybersecurity
31025914574,Java
31025914540,Azure
31025914341,Python
31025914341,Java
31025914303,Python
31025914287,AWS
31025914239,SQL
31025914239,Azure
31025914175,Python
31025914153,Python
31025914151,Python
31025914151,Azure
31025913986,Python
31025913986,Azure
31025913982,AWS
31025913982,Azure
31025913982,Kubernetes
31025913928,Python
31025913924,Python
31025913924,Kubernetes
31025913904,Python
31025913856,Python
31025913856,AWS
31025913856,Kubernetes
31025913856,Linux
31025913852,Python
31025913852,SQL
31025913852,Machine Learning
31025913829,Python
31025913829,Linux
31025911002,Java
31025911002,Linux
31025911001,Spark
31025911001,Databricks
31025502120,JavaScript
31025502104,Python
31025502104,SQL
31025502104,Machine Learning
31025502104,NLP
31025502090,Git
31025502085,Power BI
31025502084,Power BI
31025502077,SQL
31025502077,Azure
31025502076,SQL
31025502076,Azure
31025501888,Java
31025501885,SQL
31025501885,React
31025501822,Excel
31025501450,Kubernetes
31025501450,JavaScript
31025501447,Python
31025501447,Machine Learning
31025501446,Python
31025501446,Linux
31025501445,Linux
31025501444,SQL
31025501209,SQL
31025501163,GCP
31025500851,Linux
31025500850,Excel
31025500689,Excel
31025500508,Excel
31025500505,Excel
31025500472,GCP
31025500472,Git
31025500106,GCP
31025500106,Machine Learning
31025500106,Git
31025500011,GCP
31025500011,Git
31025500011,JavaScript
31025018249,SQL
31025018249,Power BI
31025018116,Excel
31025012161,SQL
31025010624,Excel
31025010414,SQL
31025010414,Excel
31025009774,Python
31025009774,AWS
31025009687,Excel
31025008763,AWS
31025008763,Java
31025008041,Python
31025008041,AWS
31025008041,Docker
31025008041,Kubernetes
31025008041,Git
31025007321,Docker
31025006662,Python
31025006662,AWS
31025006662,Azure
31025006662,Machine Learning
31025006662,NLP
31025006662,Kubernetes
31025006379,Python
31025006379,Azure
31025006379,Machine Learning
31025006379,NLP
31025006379,Kubernetes
31025006094,Azure
31025006094,Spark
31025005480,Azure
31025005480,Spark
31025003239,AWS
31025003239,Java
31025002320,Python
31025002320,Power BI
31025002320,AWS
31025002320,Azure
31025002320,Machine Learning
31025002320,NLP
31025001823,GCP
31025001823,Java
21025007288,JavaScript
11025918816,Python
11025918816,Java
11025918816,JavaScript
11025918749,Git
11025918290,Python
11025918290,Kubernetes
11025917849,Python
11025917849,SQL
11025917585,SQL
11025917576,Kubernetes
11025917576,JavaScript
11025917562,Python
11025917562,Machine Learning
11025917562,Deep Learning
11025917562,NLP
11025917552,Python
11025917490,Power BI
11025917490,Tableau
11025917488,Java
11025917488,JavaScript
11025917481,JavaScript
11025917465,Python
11025917465,Java
11025917442,Python
11025917442,Machine Learning
11025917442,Deep Learning
11025917442,NLP
11025917416,Python
11025917416,SQL
11025917416,Power BI
11025917384,Python
11025917384,Java
11025917384,JavaScript
11025917359,Python
11025917357,Python
11025917357,Machine Learning
11025917357,Deep Learning
11025917357,NLP
11025917348,Java
11025917344,SQL
11025917344,Power BI
11025917344,Tableau
11025917336,SQL
11025917328,Python
11025917293,Python
11025917293,Kubernetes
11025917293,Linux
11025917236,Python
11025917206,Power BI
11025917188,Python
11025917188,Kubernetes
11025917188,Java
11025917187,SQL
11025917154,Python
11025917154,SQL
11025917154,Power BI
11025917149,Python
11025917149,SQL
11025917149,Power BI
11025917149,Tableau
11025917119,JavaScript
11025917107,Power BI
11025917107,Tableau
11025917056,Python
11025917056,AWS
11025917056,Docker
11025917056,Kubernetes
11025917007,Python
11025917007,SQL
11025917007,Power BI
11025916413,Kubernetes
11025916268,Python
11025916268,SQL
11025915823,Cybersecurity
11025913373,Python
11025913360,Python
11025913360,Linux
11025503550,Excel
11025502836,Linux
11025502831,Linux
11025502575,Java
11025502400,Python
11025502333,Python
11025502333,NLP
11025502324,Python
11025501955,Excel
11025501871,SQL
11025501862,SQL
11025501855,SQL
11025501855,Docker
11025501855,Git
11025501855,React
11025501853,Java
11025501853,React
11025501852,Excel
11025501852,React
11025501846,Python
11025501696,Power BI
11025501663,Linux
11025501644,Excel
11025501553,Excel
11025501478,SQL
11025501046,JavaScript
11025501042,Excel
11025501021,GCP
11025501021,Git
11025500985,Excel
11025500849,SQL
11025500830,Linux
11025500726,SQL
11025500262,JavaScript
11025500196,JavaScript
11025022363,Python
11025022363,Power BI
11025021363,Power BI
11025020457,Python
11025020457,SQL
11025020457,Power BI
11025018934,AWS
11025018934,JavaScript
11025018332,SQL
11025018332,Power BI
11025013174,SQL
11025011798,Power BI
10825020923,SQL
270925005500,AWS
270925005500,Java
270925005500,JavaScript
250925930333,Python
250925930333,Java
250925929449,AWS
250925929449,JavaScript
250925929449,React
250925005536,GCP
250825024745,Azure
250825006033,Azure
230925936748,SQL
230925032531,Java
230925010521,AWS
180925016236,AWS
180925016236,GCP
280925004860,Docker
280925004860,Java
240925930311,AWS
240925930311,GCP
240925930311,Docker
240925930311,Kubernetes
240925930311,Linux
230925010475,SQL
230925010475,Azure
230925010400,Java
11025020130,Excel
300925011563,SQL
260925030433,SQL
260925030433,Java
260925030433,JavaScript
230925500853,GCP
300925029378,Python
300925029378,SQL
300925029378,AWS
300925029378,Spark
300925029337,SQL
300925022840,Machine Learning
300925022840,NLP
300925022840,Generative AI
300525025023,Java
300425013710,Java
290925008877,SQL
290925008877,React
290825020367,GCP
290725021583,AWS
290725021583,Java
260925011340,SQL
250925034505,AWS
250925034505,Kubernetes
250925034493,Python
250925034192,Java
250925026759,SQL
250925006643,Python
250925006643,Machine Learning
250925006643,Generative AI
240925025137,AWS
240925025137,Java
240925024658,Java
240925000232,JavaScript
240325013624,Java
240325004561,Java
240125019702,Java
230925931437,Java
230925931437,JavaScript
230925038377,React
230925023422,Azure
230925018870,GCP
230925018870,Spark
230925013188,SQL
230925012109,SQL
220925002526,Java
220825028380,Java
190825026593,Python
190825026593,SQL
190825026593,Spark
190525019656,Java
190525009488,Java
181024019181,Java
180625029648,Java
140425012917,Java
140425010881,Java
140225017273,Java
111224020799,Java
50925009973,Java
50625009230,Java
31025905297,SQL
31025905297,Git
31025905297,Java
31025013477,Python
20725029218,Java
20625016546,Java
11025918553,SQL
11025918553,Tableau
11025913722,AWS
11025913722,Azure
11025913722,Java
11025013165,Python
11025013165,Generative AI
10825026997,SQL
300925023410,AWS
300925014145,Java
290925026911,Python
290925026911,Spark
290925014566,Generative AI
290825020499,Spark
290125010128,Java
290125008091,AWS
290125008091,Azure
290125008091,GCP
290125007916,AWS
290125007916,Azure
290125007916,GCP
290125007916,Java
280925004794,Python
280925004794,Spark
280925004794,Databricks
280524011160,Java
280524011145,Java
280524011145,JavaScript
280325020780,Java
280225019929,Java
270925000027,Excel
250925501251,JavaScript
250925037778,Python
250925037778,SQL
250925028492,Python
250925028492,SQL
250925028492,Generative AI
250925024421,Machine Learning
250925024421,Generative AI
250925015099,Java
250925000814,SQL
240925506160,Python
240925036441,Python
240925036441,Machine Learning
240925036441,NLP
240925028408,Python
240925028408,SQL
240925025333,Java
240925024635,Python
240925023607,Azure
240925023607,Generative AI
240925023141,Python
240925023141,Machine Learning
240925023141,Generative AI
240925018839,Azure
230925930875,AWS
230925930875,Azure
230925930875,Git
230925039181,Azure
230925039181,Kubernetes
230925038453,SQL
230925026365,Python
230925025591,JavaScript
230925017243,Java
230925015738,Azure
230925015738,React
230625003762,Spark
230625003762,Java
220925012011,Python
220925012011,SQL
220925012011,Azure
220925012011,Spark
220925012011,Databricks
220925002363,Java
190825025099,SQL
190825015742,JavaScript
180925023907,Java
180725012212,SQL
160925035568,JavaScript
150925010789,Linux
140325007831,Java
131224013804,Java
120825011432,Python
120325015216,Java
120325015216,JavaScript
120325015216,React
100925045222,Java
90925034774,AWS
90925034774,Java
90925034774,React
90725020631,Java
90625016193,Java
90424009904,Python
90424009904,Machine Learning
90424009904,Deep Learning
90424009904,NLP
60625026247,Java
31025018461,Azure
31025018461,JavaScript
31025012913,Excel
31025007352,Python
31025007352,GCP
31025007352,Java
31025001308,Python
31025001308,SQL
11025023389,SQL
11025023389,Java
11025022615,Git
11025014022,Azure
11025010101,SQL
11025010101,Java
300925923960,Python
300925923960,SQL
300925923960,Azure
300925923960,Databricks
300925923960,Kubernetes
300925923960,JavaScript
300925912797,SQL
300925912797,Azure
300925016411,SQL
300925016411,Java
300925015654,Git
300925015654,Java
290925919445,Python
290925919445,Azure
290925919445,Databricks
290925919444,Python
290925917841,Java
290925917841,JavaScript
290925026086,Python
290925026086,Generative AI
260925500550,Git
260925026937,Python
260925026937,Azure
260925010760,AWS
260925010760,Java
260925010760,React
250925501912,Git
240925919999,Azure
240925919999,Cybersecurity
240925501147,JavaScript
240925036044,Azure
240925036044,Java
240925017854,Python
240925017854,SQL
240925017854,AWS
240925017854,Spark
240925010867,Java
230925014738,SQL
230925011980,Java
230925007181,Python
230925007181,SQL
220525035807,Python
200825023624,SQL
200825023624,Power BI
200825023624,Azure
300925930238,Java
300925918069,Python
300925918069,SQL
300925918063,SQL
300925918055,Python
300925918041,Python
300925918041,AWS
300925918041,Azure
300925918041,Databricks
300925504622,Linux
300925504113,Machine Learning
300925504050,Linux
300925503972,Linux
300925503483,Java
300925503031,Java
300925502898,Python
300925502593,Git
300925502544,Machine Learning
300925502539,JavaScript
300925502537,GCP
300925500808,SQL
300925500808,Git
300925500804,JavaScript
300925500804,Linux
300925500800,Git
300925500799,JavaScript
300925500785,AWS
300925500785,Spark
300925500782,Linux
300925025285,AWS
300925025285,Spark
300925025285,Databricks
300925023624,AWS
300925023624,GCP
300925023120,SQL
300925023001,SQL
300925023001,React
300925021498,Java
300925021498,React
300925014787,Azure
300925014481,Python
300925014481,Azure
290925920253,Java
290925920253,JavaScript
290925920252,SQL
290925920252,Java
290925920252,JavaScript
290925920250,Azure
290925920250,GCP
290925920250,Java
290925920247,Java
290925920246,Machine Learning
290925920246,Java
290925502889,Python
290925502337,SQL
290925502337,AWS
290925501937,SQL
290925501937,JavaScript
290925501513,Kubernetes
290925500916,Linux
290925027556,SQL
290925027461,Azure
290925027047,AWS
290925010374,SQL
290825022827,Python
280925002850,JavaScript
260925503958,Python
260925503958,AWS
260925503563,AWS
260925503563,Java
260925502579,Power BI
260925502579,Tableau
260925502579,Azure
260925026658,AWS
260925021239,Azure
260925012506,Power BI
260925012506,Excel
250925929746,JavaScript
250925929376,Cybersecurity
250925929359,Azure
250925929354,Java
250925929304,Azure
250925929302,Cybersecurity
250925929231,Azure
250925929187,SQL
250925924728,SQL
250925924644,Python
250925924585,SQL
250925924414,Python
250925924414,SQL
250925924397,Python
250925924299,Docker
250925924299,Kubernetes
250925924259,SQL
250925924259,Git
250925924243,Python
250925924184,Cybersecurity
250925924142,Python
250925924076,Python
250925924076,SQL
250925924074,Python
250925924074,SQL
250925924074,Git
250925924060,SQL
250925924031,Python
250925924031,SQL
250925924000,SQL
250925923993,Python
250925923988,Python
250925923988,Docker
250925923988,Kubernetes
250925923783,Python
250925923758,Python
250925923537,Git
250925923537,JavaScript
250925923537,React
250925923525,Python
250925923491,JavaScript
250925923364,SQL
250925923358,Python
250925923269,Git
250925923269,Java
250925923177,Python
250925923169,SQL
250925923137,JavaScript
250925923137,React
250925923131,Python
250925923131,GCP
250925923131,Kubernetes
250925923076,AWS
250925923076,Docker
250925923076,Kubernetes
250925923056,Java
250925923056,JavaScript
250925923008,Python
250925923008,Java
250925922910,Azure
250925922882,Java
250925922881,Python
250925922874,React
250925922824,Python
250925922824,Java
250925922805,Python
250925922789,Python
250925922789,Docker
250925922789,Kubernetes
250925922737,SQL
250925922725,Python
250925922655,React
250925922613,Python
250925922613,AWS
250925922613,Docker
250925922613,Kubernetes
250925922520,Java
250925922490,Java
250925922490,JavaScript
250925922454,Python
250925922408,Python
250925922398,Java
250925922293,SQL
250925922269,JavaScript
250925922265,Java
250925922253,Azure
250925922253,JavaScript
250925922167,Python
250925922159,Git
250925922159,JavaScript
250925922158,AWS
250925922158,Docker
250925922158,Kubernetes
250925921811,AWS
250925921811,Kubernetes
250925921772,GCP
250925921772,Kubernetes
250925921636,Java
250925921527,Python
250925921527,Azure
250925921337,Java
250925921334,Python
250925921334,SQL
250925921306,Python
250925921306,JavaScript
250925921280,Power BI
250925921280,Azure
250925921204,Python
250925921200,AWS
250925921164,JavaScript
250925921144,Python
250925921095,Kubernetes
250925921013,Git
250925921013,Java
250925920967,Python
250925920927,SQL
250925920927,Git
250925920908,Python
250925920871,SQL
250925920729,Python
250925920642,JavaScript
250925920631,JavaScript
250925920581,Java
250925920531,Python
250925920529,Python
250925920529,Java
250925920494,Python
250925920493,Python
250925920493,Kubernetes
250925920490,Java
250925920444,Python
250925920416,JavaScript
250925920408,Python
250925920408,Git
250925920408,JavaScript
250925920403,Git
250925920252,SQL
250925920252,JavaScript
250925920230,Python
250925920230,SQL
250925920146,Java
250925920015,Python
250925920015,Kubernetes
250925919953,Python
250925919953,JavaScript
250925919773,Python
250925914970,Python
250925914970,SQL
250925914970,AWS
250925914970,GCP
250925906188,SQL
250925906187,Python
250925906183,SQL
250925906183,Azure
250925903209,Azure
250925508470,Git
250925508470,Linux
250925508268,Python
250925507700,Linux
250925507143,NLP
250925500866,AWS
250925033628,SQL
250925027035,Python
250925027035,Machine Learning
250925023731,Power BI
250925011716,Azure
250925009772,SQL
250925009772,Java
250925009008,Python
240925930229,SQL
240925922678,SQL
240925922678,AWS
240925922678,Azure
240925922678,JavaScript
240925922659,AWS
240925920009,Python
240925920009,SQL
240925920009,Linux
240925919982,JavaScript
240925919935,Python
240925919935,SQL
240925919935,JavaScript
240925919616,Kubernetes
240925919612,Python
240925919612,Kubernetes
240925919612,Git
240925919612,Java
240925919612,Linux
240925919610,Python
240925919610,Kubernetes
240925919610,Java
240925919609,Python
240925919609,Docker
240925919609,Kubernetes
240925919609,Linux
240925916639,Java
240925916445,Azure
240925916053,AWS
240925916052,SQL
240925916052,Java
240925916049,SQL
240925916049,Java
240925915986,Kubernetes
240925915986,Linux
240925915979,AWS
240925915979,Kubernetes
240925914982,JavaScript
240925914981,Azure
240925910343,Linux
240925910335,Python
240925910335,Azure
240925910335,Spark
240925910335,Databricks
240925910327,Kubernetes
240925910315,Python
240925910315,Kubernetes
240925910315,Git
240925910284,SQL
240925910277,Azure
240925910251,Cybersecurity
240925910239,Python
240925910239,Kubernetes
240925910239,Git
240925910227,AWS
240925910222,Azure
240925910193,Python
240925910193,Kubernetes
240925910188,Kubernetes
240925910188,Git
240925910188,Java
240925910156,Cybersecurity
240925910124,Python
240925910096,Linux
240925910046,Python
240925910046,Machine Learning
240925910046,NLP
240925909995,SQL
240925909979,JavaScript
240925909974,Azure
240925909939,AWS
240925909915,Python
240925909915,Azure
240925909894,Cybersecurity
240925909811,Cybersecurity
240925909800,Azure
240925909800,Kubernetes
240925909800,Git
240925909762,Python
240925909755,SQL
240925909534,JavaScript
240925909517,SQL
240925909396,Azure
240925507656,Excel
240925507656,GCP
240925507656,React
240925507589,SQL
240925502551,SQL
240925502551,GCP
240925502551,Machine Learning
240925502427,Java
240925502427,React
240925500263,JavaScript
240925022717,Power BI
240925022717,Excel
240925022375,Python
240925022375,Docker
240925022375,Kubernetes
240925016447,SQL
240925016063,SQL
240925014154,React
240925011728,Python
240925011728,Azure
240925009101,SQL
240925009101,GCP
240925008810,SQL
240925008810,Docker
240925008810,Kubernetes
240925008785,SQL
240925008785,GCP
240925008785,Docker
240925008785,Kubernetes
230925936521,SQL
230925936521,Java
230925935475,Java
230925935464,Java
230925935394,JavaScript
230925935341,Git
230925935341,JavaScript
230925935341,React
230925935328,Python
230925935328,SQL
230925935328,Spark
230925935245,JavaScript
230925935214,NLP
230925935214,Kubernetes
230925935097,Python
230925935097,Azure
230925935093,AWS
230925935093,GCP
230925935085,Python
230925935021,React
230925935011,Python
230925934914,React
230925934892,React
230925934767,JavaScript
230925934596,React
230925934504,Git
230925934148,React
230925934143,Git
230925934116,Python
230925934116,Java
230925934066,Python
230925934066,Git
230925933900,Azure
230925933900,Kubernetes
230925933900,Java
230925933897,Azure
230925933897,Kubernetes
230925933897,Java
230925933808,Azure
230925933808,JavaScript
230925933804,Python
230925933800,SQL
230925933723,Python
230925933717,JavaScript
230925933717,React
230925933706,Python
230925933706,SQL
230925933706,Power BI
230925933706,Machine Learning
230925933659,Python
230925933659,Java
230925933657,JavaScript
230925933638,Java
230925933638,JavaScript
230925933576,Cybersecurity
230925933556,SQL
230925933482,Azure
230925933476,SQL
230925933476,Azure
230925933433,Azure
230925933373,Git
230925933373,JavaScript
230925933373,React
230925933353,Java
230925933333,Python
230925933333,SQL
230925933333,Git
230925933318,Python
230925933245,AWS
230925933245,Docker
230925933245,JavaScript
230925933245,React
230925933224,Java
230925933214,JavaScript
230925933212,JavaScript
230925933191,Python
230925933191,Java
230925933190,Java
230925933190,JavaScript
230925933169,Java
230925933013,Java
230925932955,Java
230925932934,JavaScript
230925932934,React
230925932901,Java
230925932868,Cybersecurity
230925932868,Linux
230925932820,Java
230925932820,JavaScript
230925932655,Java
230925932651,Python
230925932595,Python
230925932499,React
230925932430,Git
230925932430,JavaScript
230925932430,React
230925932350,Python
230925932350,JavaScript
230925932316,Java
230925932305,Git
230925932303,Git
230925932302,Git
230925932265,Python
230925932163,SQL
230925932052,Java
230925931993,Python
230925931993,Machine Learning
230925931993,NLP
230925931917,Java
230925931807,Python
230925931807,SQL
230925931807,AWS
230925931805,Python
230925931805,Machine Learning
230925931805,NLP
230925931804,Python
230925931804,AWS
230925931804,Machine Learning
230925931803,Python
230925931803,Machine Learning
230925931803,NLP
230925931802,Python
230925931802,Machine Learning
230925931802,NLP
230925931801,Python
230925931801,Machine Learning
230925931801,NLP
230925931799,Python
230925931799,Machine Learning
230925931799,NLP
230925931797,NLP
230925931797,Kubernetes
230925931796,Python
230925931796,Machine Learning
230925931796,NLP
230925931795,NLP
230925931795,Kubernetes
230925931793,Python
230925931793,AWS
230925931793,Machine Learning
230925931792,NLP
230925931792,Kubernetes
230925931791,NLP
230925931791,Kubernetes
230925931788,NLP
230925931788,Kubernetes
230925931787,NLP
230925931787,Kubernetes
230925931785,Python
230925931785,NLP
230925931785,Kubernetes
230925931784,NLP
230925931784,Kubernetes
230925931783,NLP
230925931783,Kubernetes
230925931780,NLP
230925931780,Kubernetes
230925931737,Python
230925931737,AWS
230925931737,GCP
230925931737,Deep Learning
230925931732,Java
230925931696,Python
230925931696,AWS
230925931696,GCP
230925931696,Deep Learning
230925931689,Python
230925931689,Machine Learning
230925931689,Deep Learning
230925931687,Python
230925931687,NLP
230925931687,Kubernetes
230925931683,SQL
230925931683,AWS
230925931681,Python
230925931681,Docker
230925931681,Kubernetes
230925931679,Docker
230925931679,Kubernetes
230925931678,Python
230925931678,SQL
230925931678,AWS
230925931669,Java
230925931669,React
230925931520,Python
230925931520,JavaScript
230925931434,Python
230925931434,Java
230925931160,Java
230925931152,Java
230925931101,Azure
230925931076,Java
230925931072,Azure
230925931070,Cybersecurity
230925931069,Cybersecurity
230925931062,Cybersecurity
230925931058,Java
230925931054,Python
230925931037,Cybersecurity
230925931007,Python
230925931005,Java
230925931003,Java
230925930990,Java
230925930967,Python
230925930967,SQL
230925930963,Java
230925930935,AWS
230925930921,Java
230925930916,Python
230925930905,Linux
230925930897,Python
230925924315,Tableau
230925924298,SQL
230925924280,Python
230925924280,Machine Learning
230925924083,Python
230925924083,Power BI
230925924083,Machine Learning
230925920429,Kubernetes
230925918567,Docker
230925918567,Kubernetes
230925918560,SQL
230925918560,Java
230925918551,Python
230925918546,Java
230925918536,Python
230925918536,SQL
230925918536,Kubernetes
230925918535,Kubernetes
230925918535,Java
230925918529,Python
230925918529,Docker
230925918529,Git
230925918529,Java
230925918528,Java
230925918523,Cybersecurity
230925918521,Python
230925918521,Excel
230925918513,SQL
230925918513,Java
230925918510,SQL
230925918510,Kubernetes
230925918510,Java
230925918500,SQL
230925918500,Tableau
230925918491,AWS
230925918491,Docker
230925918491,Kubernetes
230925918490,SQL
230925918490,Java
230925918490,Linux
230925918485,Python
230925918485,SQL
230925918485,Kubernetes
230925918485,Java
230925918485,Linux
230925918478,Python
230925918478,Cybersecurity
230925918475,Cybersecurity
230925918474,Python
230925918474,Spark
230925918474,Java
230925918471,Python
230925918471,SQL
230925918471,Git
230925918470,Kubernetes
230925918470,Java
230925918460,Kubernetes
230925918460,Java
230925918458,SQL
230925918453,Python
230925918453,SQL
230925918450,Python
230925918450,GCP
230925918450,Java
230925918449,Python
230925918449,Kubernetes
230925918448,SQL
230925918448,Kubernetes
230925918448,Java
230925918440,SQL
230925918440,Kubernetes
230925918440,Java
230925918437,Python
230925918437,Excel
230925918432,SQL
230925918432,Java
230925918429,GCP
230925918423,Python
230925918423,Tableau
230925918420,Python
230925918417,Python
230925918417,Spark
230925918390,Cybersecurity
230925918389,Java
230925918386,Kubernetes
230925918383,SQL
230925918383,Kubernetes
230925918383,Java
230925917526,SQL
230925917526,Java
230925917473,Azure
230925917473,Machine Learning
230925917460,Python
230925917460,AWS
230925917460,Kubernetes
230925917460,Git
230925917435,Python
230925917435,Azure
230925917297,Python
230925917297,Java
230925917290,JavaScript
230925917261,SQL
230925917151,Python
230925917151,Azure
230925917151,JavaScript
230925916859,Cybersecurity
230925916853,Python
230925916853,Azure
230925916821,SQL
230925916769,Python
230925916769,SQL
230925916735,Python
230925916735,Azure
230925916735,Databricks
230925916722,JavaScript
230925916492,Azure
230925916459,Python
230925916459,Java
230925916402,Python
230925916402,Azure
230925916402,Machine Learning
230925916396,SQL
230925916361,Azure
230925916361,Java
230925916328,Python
230925916312,SQL
230925916296,SQL
230925916257,Azure
230925916243,SQL
230925916185,Python
230925916185,AWS
230925916185,Kubernetes
230925915084,SQL
230925913098,Python
230925913098,AWS
230925913098,Docker
230925913098,Kubernetes
230925913098,Git
230925508268,SQL
230925508146,Azure
230925508146,Java
230925507798,Java
230925507479,Power BI
230925507479,Tableau
230925507479,Docker
230925507479,Linux
230925507360,Python
230925507360,Machine Learning
230925507041,Python
230925507041,Azure
230925507041,GCP
230925507041,Java
230925506716,Python
230925506716,Azure
230925506716,Spark
230925506142,Java
230925505859,Python
230925505859,SQL
230925505859,Java
230925505859,JavaScript
230925504947,Python
230925504947,SQL
230925504947,Azure
230925504947,Machine Learning
230925504947,Deep Learning
230925504947,NLP
230925504267,SQL
230925500239,Python
230925500195,SQL
230925500089,JavaScript
230925500089,Linux
230925025743,Python
230925025743,AWS
230925025743,Kubernetes
230925023381,Java
230925023381,React
230925019539,Java
220925012401,Azure
161024023185,Java
161024023170,SQL
161024023157,Kubernetes
161024023157,Git
161024023146,Java
161024023140,Python
161024023138,React
161024023134,Docker
161024023134,Kubernetes
161024023123,SQL
161024023123,Java
161024023120,SQL
161024023087,SQL
161024016708,SQL
161024016686,Python
161024016686,SQL
161024016686,Git
161024016632,SQL
161024016619,Azure
161024016619,Java
161024016357,SQL
161024016255,Kubernetes
160725030450,Python
160725030450,AWS
160725030450,Spark
160725030450,Machine Learning
160725030450,Generative AI
140324008843,SQL
130825015435,Docker
120325012327,AWS
120325012327,JavaScript
120325012327,React
100925026879,SQL
100925026879,Power BI
90625019441,Java
80925035469,Git
80925035469,Java
80925034864,SQL
80925034864,AWS
80925034864,Azure
80925027334,Java
80925007158,Python
80925007158,GCP
80925007158,Spark
80925007158,Java
40925020157,Java
40925020157,React
40925012716,AWS
40925012716,Java
40925011778,Java
31025006599,Azure
31025006599,React
31025004716,React
20925025399,SQL
11025503274,Excel
11025500779,Python
11025500778,Python
260925501117,Power BI
240925919959,Power BI
240925919617,Kubernetes
240925919617,JavaScript
240925919617,React
240925919615,Python
240925919615,AWS
240925919615,Kubernetes
240925919607,Python
240925919607,Machine Learning
240925919607,Deep Learning
240925919607,Kubernetes
240925919607,Git
240925503710,Linux
240925027797,Excel
230925931548,Azure
230925931538,Kubernetes
230925931538,Java
230925931524,Java
230925931524,JavaScript
230925920414,Python
230925920414,AWS
230925920414,Docker
230925920414,Kubernetes
230925920329,Java
230925920282,Python
230925920282,AWS
230925917556,Python
230925917556,Machine Learning
230925917556,NLP
230925917556,Kubernetes
230925917556,Linux
230925917506,Power BI
230925917506,Azure
230925917472,Power BI
230925917472,Azure
230925917455,React
230925917424,SQL
230925917379,Docker
230925917379,Kubernetes
230925917358,Python
230925917358,Spark
230925917358,NLP
230925917330,Python
230925917330,SQL
230925917330,Tableau
230925917291,Kubernetes
230925917291,Java
230925917099,SQL
230925917099,Docker
230925917099,Java
230925917094,SQL
230925917026,Python
230925917025,Docker
230925917025,Kubernetes
230925508162,SQL
230925508162,Java
230925506695,Excel
170725020804,Java
60325015761,Cybersecurity
300925924941,Deep Learning
300925924941,Git
300925912470,SQL
300925030355,Azure
300925030355,Spark
300925025115,React
290925917762,Java
260925930504,SQL
260925911440,JavaScript
260925911326,Git
260925911326,React
260925909512,AWS
260925909512,Azure
260925909512,GCP
260925024672,SQL
260925024672,Azure
260925008421,AWS
260925008421,Java
230925019114,Excel
140825012781,Excel
70825010432,Azure
70525012029,Azure
20625015661,Azure
20625015661,Machine Learning
20625015661,Deep Learning
20625015661,NLP
10825031959,Azure
10825031959,Kubernetes
290925001488,Python
290925001488,AWS
290925001488,Machine Learning
260925031627,AWS
260925031627,Azure
260925031627,Git
260925030698,AWS
11025010347,React
300925021676,Excel
300925019027,Excel
300925010101,Python
300925010101,GCP
300925010101,Machine Learning
300625018610,Java
290925024730,Python
290925024730,SQL
290925024730,AWS
290925024730,Machine Learning
260925920236,JavaScript
260925920218,JavaScript
260925919692,AWS
260925919692,Java
260925919692,React
260925919342,Python
260925919342,Machine Learning
260925919279,Java
260925919279,React
260925919272,Python
260925919272,Git
260925010141,Excel
250925921314,Excel
250925921312,Excel
250925921307,Excel
250925508624,JavaScript
250925508369,Git
250925501773,Linux
250925500963,Excel
250925035703,AWS
250925035703,Azure
250925015473,Excel
240925918813,AWS
240925918813,Java
240925503235,Excel
240925028695,Cybersecurity
240925015534,GCP
240925015534,Git
240925013957,Azure
240925013957,GCP
230925935959,AWS
230925931599,Linux
230925506640,Excel
230925504468,Linux
230925503803,Excel
230925503177,SQL
230925503016,Excel
230925502954,Excel
230925501204,Excel
230925500630,Power BI
230925500630,Spark
230925500630,Git
230925039200,Excel
230925019918,Excel
200325023281,Python
200325023281,SQL
200325023281,Power BI
200325023281,Excel
200325023281,Linux
160925019343,Excel
140825032992,Excel
120825035104,Java
110825009884,SQL
110825009884,Azure
40825015897,Excel
31025910516,Python
31025910515,Python
31025910515,Java
31025910515,JavaScript
31025910514,SQL
31025910041,Linux
31025502530,Linux
31025502493,Power BI
31025501150,Excel
31025501032,Excel
31025500048,Excel
31025018243,Power BI
31025017478,SQL
31025017478,Power BI
31025017478,Tableau
31025015770,Excel
11025921946,Azure
11025916191,AWS
11025914698,Docker
11025914698,Linux
11025503593,SQL
11025501816,Docker
11025501816,Java
11025501815,Python
11025501815,SQL
11025501815,Power BI
11025501814,Python
11025501814,Kubernetes
11025501234,Excel
11025500872,Excel
11025022763,Cybersecurity
11025022539,SQL
11025022400,Excel
11025014362,Azure
260925503469,Excel
240925502638,Azure
230925504881,SQL
230925504881,Power BI
230925504881,Tableau
230925504881,Excel
230925503718,Excel
230925014156,SQL
170925038060,Excel
260925500078,Machine Learning
300925502431,Machine Learning
300925500187,Machine Learning
300925500187,Git
300925500183,Machine Learning
290925501615,Machine Learning
290925501615,JavaScript
290925501603,Python
290925501603,SQL
290925501603,Git
290925501044,JavaScript
290925501032,Python
290925500105,Machine Learning
290925500105,JavaScript
290925018155,SQL
280525019889,Python
280525019889,Azure
280525019889,Spark
280525015905,Python
280525015905,SQL
280525015905,AWS
280525015905,Spark
270525041000,Python
270525041000,SQL
270525041000,AWS
270525041000,Azure
270525041000,GCP
270525041000,Generative AI
270525040955,Python
270525040955,Azure
270525040955,Generative AI
260925500044,Tableau
260925019722,Python
260925019722,SQL
260925019722,Azure
260925019722,Spark
240925927385,SQL
240925927385,Power BI
240925503824,Machine Learning
190525020689,AWS
190525020689,Machine Learning
11025920187,Python
11025920187,AWS
11025920187,Java
300925504626,Power BI
300925029548,JavaScript
300925029125,SQL
300925028836,Java
300925028588,Python
300925028355,Python
300925028098,Python
300925028049,Linux
300925028007,Java
300925026565,Python
300925026565,AWS
300925025824,Python
300925025824,SQL
300925025824,AWS
300925025824,Git
300925025543,Java
300925025518,Java
300925019386,Python
300925019386,Spark
300925019386,Databricks
300925011870,AWS
300925011870,Azure
300925011870,GCP
300925011870,Generative AI
300925011870,Java
290925919831,SQL
290925919831,Power BI
290925501472,Python
290925501472,Azure
290925501224,Excel
290925024947,Kubernetes
290925024947,Java
290925024947,React
290925016092,Linux
290925015564,GCP
290925001596,SQL
290925001596,AWS
290925001596,React
290925001532,Python
290925001532,AWS
290925001532,React
280925004267,Power BI
270925006150,React
260925929616,SQL
260925500530,Power BI
260925032091,Azure
260925032091,Spark
260925032091,Java
260925032091,React
260925031420,Python
260925031420,Machine Learning
260925031420,Deep Learning
260925029921,Azure
260925029921,Java
260925029921,React
260925029638,Python
260925029638,GCP
260925029638,Java
260925020925,JavaScript
260925020925,React
260925020727,AWS
260925016567,Generative AI
260925012854,Azure
260925012854,Databricks
260625025394,Java
250825015682,Python
250825015583,AWS
250825015583,Kubernetes
250825015429,Java
250825015171,Java
250425015652,Java
230925036738,Python
220925011330,Azure
220925011330,Java
210825014326,Python
210825013669,Java
210825013530,Java
200925014033,AWS
200925014033,Java
190925034726,NLP
180925036421,Java
180925018343,Python
140325007780,Java
120925027366,Linux
120925026404,JavaScript
120925026404,React
120925026363,JavaScript
120925026363,React
120925019498,Java
120925019498,React
110725026536,GCP
110325017353,Java
90925027925,Java
90625019772,Java
90625014879,Java
90625014663,Java
60625028133,Java
60625026321,Java
40925032915,Docker
40925032915,Kubernetes
40925032915,Java
40325019794,Java
31025915438,Python
31025915438,Machine Learning
31025910448,SQL
31025910448,AWS
31025910448,Azure
31025909724,Git
31025007857,AWS
31025007857,Docker
31025007857,Kubernetes
31025007857,Java
11025919085,SQL
11025919085,AWS
11025919085,Azure
10825030441,JavaScript
10825030441,React
10825030197,SQL
300925930233,JavaScript
300925930232,AWS
300925930223,Linux
300925930221,Python
300925930212,Power BI
300925930212,Tableau
300925930208,Python
300925930205,JavaScript
300925930199,SQL
300925930193,Python
300925930193,Azure
300925930177,Azure
300925930174,Python
300925930174,React
300925930167,Python
300925930167,JavaScript
300925930161,SQL
300925930151,Azure
300925930140,Java
300925930137,Cybersecurity
300925930135,Python
300925930134,Python
300925930127,SQL
300925930127,JavaScript
300925930126,SQL
300925930126,AWS
300925930090,Python
300925930090,Power BI
300925930090,Tableau
300925930090,Machine Learning
300925930090,NLP
300925930087,Java
300925930087,JavaScript
300925930084,Python
300925930084,Git
300925930083,Python
300925930083,Git
300925930082,JavaScript
300925930081,React
300925930080,SQL
300925930080,JavaScript
300925930079,JavaScript
300925930078,Python
300925930078,SQL
300925930078,Git
300925930077,Python
300925930077,SQL
300925930077,Spark
300925930076,Java
300925930071,Azure
300925930062,Python
300925930056,Python
300925930056,Kubernetes
300925930054,JavaScript
300925930053,Python
300925930053,AWS
300925930053,Kubernetes
300925930053,Java
300925930045,Python
300925930045,Docker
300925930045,Kubernetes
300925930042,Python
300925930042,GCP
300925930037,Kubernetes
300925930037,Linux
300925930031,Azure
300925930029,Java
300925930028,SQL
300925930016,AWS
300925930016,GCP
300925930016,Kubernetes
300925930013,Azure
300925930012,Java
300925930010,Cybersecurity
300925930005,Databricks
300925923958,Python
300925916267,JavaScript
300925916244,SQL
300925916228,Machine Learning
300925916228,Deep Learning
300925916222,JavaScript
300925916222,React
300925916211,Python
300925916211,SQL
300925916186,Deep Learning
300925916186,NLP
300925916183,SQL
300925916162,JavaScript
300925916160,JavaScript
300925916149,JavaScript
300925916145,SQL
300925916145,AWS
300925916133,Git
300925916130,Java
300925916130,JavaScript
300925916120,AWS
300925916120,Azure
300925916120,GCP
300925916116,React
300925916112,SQL
300925916112,Java
300925916105,SQL
300925916105,Git
300925916105,Java
300925916100,Java
300925916099,Tableau
300925916099,Machine Learning
300925916098,AWS
300925916094,Machine Learning
300925916092,Azure
300925916087,JavaScript
300925916087,React
300925916084,Java
300925916080,Azure
300925916066,Azure
300925916055,SQL
300925916024,Java
300925916024,JavaScript
300925916012,NLP
300925916010,SQL
300925916002,SQL
300925915998,Java
300925915981,Machine Learning
300925915981,Deep Learning
300925915958,Java
300925915948,NLP
300925915940,AWS
300925915940,Docker
300925915940,Kubernetes
300925915939,Java
300925915932,Java
300925915930,Spark
300925915915,Git
300925915915,Java
300925915897,Java
300925915847,Java
300925915835,SQL
300925915835,GCP
300925915811,SQL
300925915810,Deep Learning
300925915810,NLP
300925915786,SQL
300925915779,AWS
300925915779,Java
300925915776,SQL
300925915768,AWS
300925915768,GCP
300925915768,Deep Learning
300925915641,AWS
300925915638,SQL
300925915523,Python
300925915523,Docker
300925915447,Azure
300925915382,Git
300925915382,JavaScript
300925915382,React
300925915328,Python
300925915322,Java
300925915322,React
300925915260,SQL
300925915260,JavaScript
300925915218,Azure
300925915218,Linux
300925915162,Docker
300925915100,Git
300925915100,JavaScript
300925915100,React
300925915042,SQL
300925915042,Java
300925915031,JavaScript
300925915015,JavaScript
300925914981,Python
300925914968,Python
300925504965,Machine Learning
300925504965,Linux
300925504857,Linux
300925504806,Linux
300925504672,Excel
300925504657,Linux
300925504599,SQL
300925504595,Java
300925504511,Linux
300925504508,Machine Learning
300925504508,NLP
300925504494,GCP
300925504441,SQL
300925504441,Java
300925504441,Linux
300925504261,Machine Learning
300925504174,SQL
300925504171,JavaScript
300925504167,Java
300925504025,JavaScript
300925503947,SQL
300925503939,Machine Learning
300925503895,SQL
300925503895,Cybersecurity
300925503894,Excel
300925503868,JavaScript
300925503837,Linux
300925503820,SQL
300925503820,JavaScript
300925503394,Deep Learning
300925503350,Machine Learning
300925503143,Excel
300925503111,Machine Learning
300925503109,JavaScript
300925503102,Power BI
300925503057,Git
300925502996,Power BI
300925502820,SQL
300925502820,GCP
300925502760,Excel
300925502676,Linux
300925501112,JavaScript
300925500951,SQL
300925500951,Excel
300925500948,Excel
300925500926,Python
300925500617,Excel
300925500444,GCP
300925500292,JavaScript
300925500289,Linux
300925500271,Excel
300925500270,Git
300925500267,Git
300925500263,Linux
300925500195,Machine Learning
300925500193,JavaScript
300925500185,Machine Learning
300925500067,SQL
300925500052,SQL
300925500012,JavaScript
300925029454,JavaScript
300925029454,React
300925029363,Java
300925028422,Databricks
300925028037,Azure
300925028037,Docker
300925028037,Kubernetes
300925027224,SQL
300925027224,AWS
300925027224,Java
300925027027,SQL
300925027027,AWS
300925027027,Azure
300925027027,Docker
300925027027,Java
300925025953,AWS
300925025953,Cybersecurity
300925025840,Python
300925023754,AWS
300925023754,Spark
300925023633,Python
300925022434,React
300925021109,SQL
300925020555,SQL
300925020555,Docker
300925019998,Azure
300925019998,Docker
300925019459,Azure
300925018849,JavaScript
300925018849,React
300925018677,Azure
300925017672,Excel
300925016523,AWS
300925016436,JavaScript
300925016436,React
300925016416,Git
300925016335,Java
300925016335,React
300925014669,SQL
300925014669,Azure
300925014669,Spark
300925014238,Linux
300925013959,Azure
300925013917,AWS
300925013917,Java
300925013842,SQL
300925013842,Azure
300925013810,Python
300925013810,SQL
300925013810,Power BI
300925013810,Tableau
300925013207,JavaScript
300925013062,Java
300925012913,Java
300925012416,Python
300925012416,Azure
300925012416,Generative AI
300925010972,SQL
300925010972,Power BI
300925010121,Java
300925010121,React
300925009499,Python
300925009499,Azure
300925009499,Machine Learning
300625013942,Java
290925926667,Java
290925926657,Python
290925926538,Java
290925926538,JavaScript
290925926534,SQL
290925926534,Java
290925926512,React
290925926511,Python
290925926511,AWS
290925926511,Kubernetes
290925926503,Azure
290925926503,Kubernetes
290925926502,AWS
290925926502,Kubernetes
290925926501,Java
290925926495,JavaScript
290925926493,AWS
290925926493,JavaScript
290925926491,Java
290925926489,Python
290925926489,Azure
290925926476,Java
290925926474,Java
290925926468,Python
290925926468,Azure
290925926468,Kubernetes
290925926468,Java
290925926467,Python
290925926467,Kubernetes
290925926465,Python
290925926465,Kubernetes
290925926464,Java
290925926462,Java
290925926460,Python
290925926460,AWS
290925926460,Docker
290925926460,Kubernetes
290925926459,Linux
290925926437,AWS
290925926431,Python
290925926431,AWS
290925926431,Azure
290925926431,GCP
290925926431,Kubernetes
290925926417,Kubernetes
290925926416,Azure
290925926415,Python
290925926415,Azure
290925926415,Databricks
290925926413,AWS
290925926412,Python
290925926412,SQL
290925926376,JavaScript
290925926348,SQL
290925926348,Java
290925926325,Python
290925926325,GCP
290925926325,Kubernetes
290925926323,Python
290925926321,Python
290925926321,SQL
290925926320,Python
290925926320,Azure
290925926320,Databricks
290925926315,Python
290925926315,SQL
290925926309,Python
290925926309,Linux
290925926305,React
290925926304,Kubernetes
290925926304,Java
290925926302,Python
290925926302,SQL
290925926302,NLP
290925926301,Python
290925926301,Git
290925926300,Python
290925926300,Azure
290925926300,Machine Learning
290925926298,AWS
290925926298,Kubernetes
290925926288,Python
290925926288,AWS
290925926288,Azure
290925926288,Spark
290925926288,Databricks
290925926287,Python
290925926287,Machine Learning
290925926285,Python
290925926285,Kubernetes
290925926284,SQL
290925926284,Docker
290925926284,Kubernetes
290925926283,SQL
290925926281,Python
290925926281,Java
290925926281,React
290925926279,Java
290925926270,SQL
290925926270,Java
290925926268,SQL
290925926267,Java
290925926262,Java
290925926239,Java
290925926238,Java
290925926237,Python
290925926237,Machine Learning
290925926237,Deep Learning
290925926237,NLP
290925926236,Git
290925926233,Java
290925926231,SQL
290925926155,SQL
290925926155,Linux
290925926152,Python
290925926152,Generative AI
290925926150,Python
290925926149,Python
290925926149,Linux
290925926148,Python
290925926143,Python
290925926143,AWS
290925926143,Machine Learning
290925926143,Kubernetes
290925926143,Java
290925926138,Linux
290925926136,Java
290925926135,Python
290925926134,Java
290925926133,Kubernetes
290925926127,Python
290925926127,Machine Learning
290925926126,SQL
290925926122,Python
290925926122,SQL
290925926117,Power BI
290925926117,Tableau
290925926116,Python
290925926116,Machine Learning
290925926115,Python
290925926115,NLP
290925926114,SQL
290925926108,Python
290925926098,GCP
290925926096,SQL
290925926096,React
290925926094,Python
290925926093,SQL
290925926088,JavaScript
290925926082,SQL
290925926081,Python
290925926081,SQL
290925926076,Java
290925926071,Java
290925926060,Python
290925926059,Python
290925926058,Power BI
290925926058,Azure
290925926040,Python
290925926033,SQL
290925926004,Python
290925926004,SQL
290925926002,Python
290925925990,Cybersecurity
290925925989,Cybersecurity
290925925986,Python
290925925986,NLP
290925925985,Python
290925925984,Python
290925925977,Python
290925925977,Deep Learning
290925925976,JavaScript
290925925976,React
290925925969,Azure
290925925968,JavaScript
290925925958,Python
290925925948,Python
290925925948,Machine Learning
290925925947,Python
290925925947,Spark
290925925947,Machine Learning
290925925945,Git
290925925945,React
290925925935,Python
290925925901,Python
290925925901,AWS
290925925901,Kubernetes
290925925899,Python
290925925894,Git
290925925894,Java
290925925893,NLP
290925925891,Python
290925925891,AWS
290925925884,Git
290925925883,JavaScript
290925925869,Python
290925925869,Git
290925925847,Python
290925925844,Python
290925925844,SQL
290925925844,AWS
290925925844,GCP
290925925844,Spark
290925925841,SQL
290925925797,Python
290925925795,SQL
290925925795,Java
290925925789,Cybersecurity
290925925787,Python
290925925786,JavaScript
290925925784,Java
290925925783,Python
290925925781,Power BI
290925925781,Azure
290925925758,JavaScript
290925925757,JavaScript
290925925757,React
290925925753,Python
290925925753,SQL
290925925753,Git
290925925749,Python
290925925749,SQL
290925925748,Python
290925925748,Spark
290925925746,Python
290925925746,SQL
290925925746,Spark
290925925745,Python
290925925745,SQL
290925925745,Azure
290925925739,Python
290925925739,Machine Learning
290925925739,Kubernetes
290925925738,Python
290925925738,SQL
290925925737,SQL
290925925731,Python
290925925718,SQL
290925925717,SQL
290925925714,AWS
290925925714,Kubernetes
290925925688,Python
290925925687,Python
290925925684,Python
290925925684,SQL
290925925683,Python
290925925683,Azure
290925925679,Git
290925925676,Python
290925925676,SQL
290925925674,Python
290925925674,Machine Learning
290925925673,Machine Learning
290925925672,Python
290925925672,SQL
290925925672,Azure
290925925672,Databricks
290925925672,JavaScript
290925925666,Python
290925925666,Java
290925925665,Python
290925925665,SQL
290925925665,Spark
290925925665,Kubernetes
290925925656,NLP
290925925652,Python
290925925652,NLP
290925925641,Python
290925925641,AWS
290925925640,Python
290925925640,Machine Learning
290925925640,Git
290925925638,Python
290925925638,Machine Learning
290925925638,Deep Learning
290925925632,Python
290925925630,Java
290925925630,JavaScript
290925925626,SQL
290925925626,Azure
290925925621,Python
290925925621,SQL
290925925621,JavaScript
290925925620,SQL
290925925619,Python
290925925619,SQL
290925925618,Python
290925925618,SQL
290925925618,JavaScript
290925925617,SQL
290925925617,Azure
290925925615,JavaScript
290925925610,Python
290925925606,Python
290925925606,Java
290925925603,React
290925925602,Python
290925925600,Python
290925925599,JavaScript
290925925599,React
290925925593,Python
290925925593,Java
290925925593,JavaScript
290925925591,Python
290925925591,Java
290925925591,JavaScript
290925925588,Git
290925925588,React
290925925587,Python
290925925581,JavaScript
290925925578,Python
290925925578,SQL
290925925575,GCP
290925925562,SQL
290925925545,SQL
290925925544,Python
290925925544,Spark
290925925538,GCP
290925925538,Spark
290925925535,JavaScript
290925925534,JavaScript
290925925533,Python
290925925532,Tableau
290925925532,Machine Learning
290925925530,SQL
290925925526,Python
290925925506,Python
290925925506,JavaScript
290925925505,Python
290925925505,SQL
290925925505,Tableau
290925925504,Azure
290925925502,AWS
290925925502,Azure
290925925502,Spark
290925925502,Kubernetes
290925925501,Python
290925925498,Python
290925925488,JavaScript
290925925474,JavaScript
290925925461,Java
290925925447,React
290925925435,JavaScript
290925925424,SQL
290925925414,Python
290925925410,Python
290925925410,Machine Learning
290925925410,Git
290925925409,Java
290925925409,JavaScript
290925925402,Python
290925925402,SQL
290925925402,Azure
290925925395,Python
290925925395,Machine Learning
290925925394,SQL
290925925393,SQL
290925925391,Azure
290925925390,SQL
290925925389,Python
290925925386,SQL
290925925375,Python
290925925319,Python
290925925318,SQL
290925925318,Azure
290925925315,Azure
290925925262,AWS
290925925262,Azure
290925925262,Spark
290925925262,Kubernetes
290925925246,Python
290925925245,Python
290925925172,Java
290925925169,JavaScript
290925925168,React
290925925160,Azure
290925925157,Python
290925925157,JavaScript
290925925154,Tableau
290925925153,Python
290925925148,Git
290925925122,NLP
290925925117,Python
290925925112,SQL
290925925081,Python
290925925081,AWS
290925925081,Azure
290925925081,Docker
290925925081,Kubernetes
290925925079,Python
290925925079,Machine Learning
290925925078,Python
290925925078,Machine Learning
290925925077,Python
290925925077,Machine Learning
290925925075,Python
290925925075,SQL
290925925075,AWS
290925925075,Machine Learning
290925925075,Docker
290925925074,Power BI
290925925074,Machine Learning
290925925073,NLP
290925925073,Kubernetes
290925925068,Linux
290925925067,Python
290925925067,SQL
290925925060,Kubernetes
290925925058,AWS
290925925058,Azure
290925925057,Power BI
290925925054,JavaScript
290925925054,React
290925925031,Java
290925925030,AWS
290925925029,Python
290925924996,JavaScript
290925924984,Python
290925924984,Azure
290925924980,Python
290925924980,AWS
290925924980,Kubernetes
290925924979,Python
290925924976,Python
290925924976,Java
290925924975,Java
290925924927,Python
290925924927,SQL
290925924923,Cybersecurity
290925924916,Git
290925924908,JavaScript
290925924908,React
290925924896,Python
290925924896,AWS
290925924896,Azure
290925924896,Kubernetes
290925924894,Java
290925924883,Python
290925924883,Machine Learning
290925924883,Deep Learning
290925924843,Cybersecurity
290925924842,Docker
290925924842,Kubernetes
290925924835,JavaScript
290925924834,Cybersecurity
290925924830,Python
290925924828,Python
290925924828,AWS
290925924828,Azure
290925924828,GCP
290925924828,Kubernetes
290925924827,Python
290925924827,AWS
290925924827,Azure
290925924827,GCP
290925924827,Kubernetes
290925924822,SQL
290925924812,Azure
290925924812,JavaScript
290925924809,Python
290925924808,Python
290925924808,SQL
290925924780,Python
290925924768,Python
290925924768,Machine Learning
290925924743,JavaScript
290925924725,JavaScript
290925924703,Python
290925924703,Machine Learning
290925924701,Python
290925924701,Machine Learning
290925924690,Python
290925924690,SQL
290925924677,Python
290925924677,AWS
290925924677,Azure
290925924677,Kubernetes
290925924673,SQL
290925924672,JavaScript
290925924672,React
290925924669,Java
290925924669,JavaScript
290925924668,Azure
290925924655,JavaScript
290925924649,JavaScript
290925924625,SQL
290925924622,JavaScript
290925924619,SQL
290925924618,Python
290925924618,Machine Learning
290925924618,Git
290925924605,JavaScript
290925924602,Python
290925924600,AWS
290925924593,SQL
290925924586,JavaScript
290925924575,SQL
290925924563,Git
290925924563,JavaScript
290925924548,Python
290925924544,AWS
290925924544,Azure
290925924544,Docker
290925924544,Kubernetes
290925924531,Python
290925924529,Python
290925924519,SQL
290925924504,SQL
290925924504,Java
290925924504,Linux
290925924502,Python
290925924502,Deep Learning
290925924496,Java
290925924488,JavaScript
290925924469,Azure
290925924465,Java
290925924461,JavaScript
290925924459,Azure
290925924454,Python
290925924454,SQL
290925924447,Java
290925924447,JavaScript
290925924446,Java
290925924418,AWS
290925924418,Azure
290925924418,Kubernetes
290925924400,Azure
290925924399,Cybersecurity
290925924393,SQL
290925924393,Power BI
290925924385,Python
290925924385,Git
290925924384,AWS
290925924383,Python
290925924383,AWS
290925924383,Java
290925924377,Python
290925924377,Kubernetes
290925924377,Git
290925924376,SQL
290925924375,SQL
290925924375,Azure
290925924372,SQL
290925924372,Azure
290925924350,Python
290925924335,Java
290925924322,Python
290925924278,Python
290925924278,Spark
290925924269,AWS
290925924269,Azure
290925924267,Python
290925924265,AWS
290925924265,Azure
290925924265,GCP
290925924265,Kubernetes
290925924237,Python
290925924198,Python
290925924197,Python
290925924197,SQL
290925924197,Spark
290925924196,Python
290925924196,SQL
290925924196,Spark
290925924195,Python
290925924195,SQL
290925924194,JavaScript
290925924191,SQL
290925924191,Azure
290925924181,Python
290925924181,Java
290925924181,JavaScript
290925924180,AWS
290925924180,Azure
290925924176,Spark
290925924173,Python
290925924172,Azure
290925924154,SQL
290925924154,Java
290925924153,SQL
290925924153,Java
290925924150,Python
290925924150,Git
290925924147,Python
290925924147,SQL
290925924147,Spark
290925924146,Python
290925924146,SQL
290925924138,Python
290925924138,AWS
290925924138,Git
290925924137,JavaScript
290925924133,SQL
290925924129,Python
290925924129,SQL
290925924129,Git
290925924127,Python
290925924127,Azure
290925924125,Python
290925924118,JavaScript
290925924117,SQL
290925924117,Azure
290925924111,JavaScript
290925924110,React
290925924108,Python
290925924108,GCP
290925924107,Python
290925924107,Machine Learning
290925924100,SQL
290925924095,SQL
290925924078,SQL
290925924078,Java
290925924052,Python
290925924003,NLP
290925924001,Tableau
290925924001,Machine Learning
290925923992,SQL
290925923990,Azure
290925923990,Java
290925923988,Python
290925923988,Git
290925923988,JavaScript
290925923988,React
290925923985,Python
290925923976,Python
290925923976,AWS
290925923976,Spark
290925923961,Python
290925923961,Azure
290925923958,Python
290925923958,Azure
290925923954,Python
290925923954,Azure
290925923954,GCP
290925923954,Kubernetes
290925923947,SQL
290925923947,Java
290925923943,Python
290925923927,Java
290925923904,JavaScript
290925923886,Python
290925923886,SQL
290925923868,Python
290925923868,GCP
290925923868,Kubernetes
290925923867,Python
290925923867,Cybersecurity
290925923845,Python
290925923842,Python
290925923842,JavaScript
290925923826,JavaScript
290925923824,AWS
290925923824,Azure
290925923821,Java
290925923818,Python
290925923818,SQL
290925923811,Python
290925923798,Power BI
290925923798,Excel
290925923794,Python
290925923794,SQL
290925923794,Machine Learning
290925923793,Python
290925923793,SQL
290925923793,Power BI
290925923783,Python
290925923782,Java
290925923772,SQL
290925923765,SQL
290925923761,SQL
290925923760,SQL
290925923759,Azure
290925923757,Python
290925923757,Git
290925923754,Python
290925923754,SQL
290925923748,Power BI
290925923748,Tableau
290925923746,Python
290925923738,Python
290925923738,SQL
290925923734,JavaScript
290925923726,Tableau
290925923726,Machine Learning
290925923724,Python
290925923724,NLP
290925923723,SQL
290925923722,Python
290925923720,Python
290925923720,Machine Learning
290925923720,NLP
290925923718,Python
290925923718,Spark
290925923717,Python
290925923715,SQL
290925923714,Python
290925923714,Azure
290925923713,Python
290925923707,Azure
290925923655,Azure
290925923655,Git
290925923654,Azure
290925923654,Git
290925923652,Python
290925923652,SQL
290925923649,SQL
290925923646,Python
290925923646,SQL
290925923646,Spark
290925923641,Python
290925923641,SQL
290925923640,Python
290925923640,SQL
290925923633,Azure
290925923632,SQL
290925923627,Python
290925923623,SQL
290925923623,Power BI
290925923610,Python
290925923606,Java
290925923598,Cybersecurity
290925923595,Cybersecurity
290925923592,Cybersecurity
290925923585,Azure
290925923584,Azure
290925923560,JavaScript
290925923559,JavaScript
290925923558,JavaScript
290925923549,Python
290925923549,Java
290925923547,Azure
290925923546,SQL
290925923545,SQL
290925923543,SQL
290925923538,Linux
290925923525,SQL
290925923515,Java
290925923515,JavaScript
290925923512,Python
290925923512,Java
290925923510,Python
290925923510,Java
290925923506,Java
290925923506,JavaScript
290925923504,Cybersecurity
290925923503,Python
290925923503,Docker
290925923503,Kubernetes
290925923501,JavaScript
290925923497,NLP
290925923496,Cybersecurity
290925923494,Python
290925923494,Machine Learning
290925923494,NLP
290925923483,Azure
290925923474,SQL
290925923474,Git
290925923449,JavaScript
290925923436,Python
290925923436,SQL
290925923436,Spark
290925923434,Python
290925923434,SQL
290925923434,Spark
290925923433,Java
290925923431,Java
290925923421,Python
290925923421,SQL
290925923419,Python
290925923419,SQL
290925923418,Python
290925923408,Python
290925923408,Java
290925923408,JavaScript
290925923406,Python
290925923405,Java
290925923394,JavaScript
290925923380,Java
290925923365,Python
290925923365,SQL
290925923365,AWS
290925923365,GCP
290925923362,Java
290925923357,Python
290925923328,Python
290925923328,SQL
290925923314,Python
290925923314,SQL
290925923310,Python
290925923301,Java
290925923274,Azure
290925923274,JavaScript
290925923264,Python
290925923244,JavaScript
290925923241,Kubernetes
290925923227,Java
290925923224,Python
290925923224,Machine Learning
290925923222,Python
290925923222,SQL
290925923192,Azure
290925923180,Python
290925923180,Spark
290925923175,Python
290925923175,SQL
290925923154,Java
290925923154,JavaScript
290925923147,Python
290925923143,Python
290925923136,Java
290925923131,AWS
290925923131,Kubernetes
290925923087,SQL
290925923086,SQL
290925923086,JavaScript
290925923062,SQL
290925923052,Cybersecurity
290925923051,Python
290925923026,Git
290925923026,JavaScript
290925923026,React
290925923025,Git
290925923025,JavaScript
290925923025,React
290925923012,Python
290925923012,Git
290925923012,Java
290925922989,Java
290925922989,JavaScript
290925922955,SQL
290925922954,Azure
290925922944,Azure
290925922944,JavaScript
290925922941,JavaScript
290925922938,Python
290925922934,JavaScript
290925922922,Azure
290925922903,Git
290925922868,Python
290925922868,Java
290925922855,SQL
290925922855,Java
290925922839,Azure
290925922839,Linux
290925922838,Python
290925922838,SQL
290925922836,Python
290925922834,Python
290925922817,Python
290925922777,Python
290925922686,Python
290925922672,JavaScript
290925922669,Java
290925922669,JavaScript
290925922667,Java
290925922624,NLP
290925922613,Java
290925922548,Power BI
290925922540,Java
290925922527,JavaScript
290925922525,Python
290925922505,Python
290925922502,SQL
290925922498,SQL
290925922486,Python
290925922480,Python
290925922480,Java
290925922467,Python
290925922466,Python
290925922454,Java
290925922453,Python
290925922451,Python
290925922425,JavaScript
290925922419,Python
290925922417,Python
290925922406,SQL
290925922404,Python
290925922396,Python
290925922396,Kubernetes
290925922391,Python
290925922391,Kubernetes
290925922391,Git
290925922386,Python
290925922385,SQL
290925922384,SQL
290925922369,Python
290925922369,Power BI
290925922369,Tableau
290925922362,JavaScript
290925922352,React
290925922350,Git
290925922347,SQL
290925922347,Azure
290925922342,Python
290925922342,AWS
290925922342,Azure
290925922342,Kubernetes
290925922342,JavaScript
290925922342,React
290925922334,JavaScript
290925922327,Java
290925922316,JavaScript
290925922298,Python
290925922296,SQL
290925922295,SQL
290925922291,JavaScript
290925922290,Python
290925922289,SQL
290925922286,Python
290925922286,Machine Learning
290925922286,NLP
290925922281,JavaScript
290925922281,React
290925922253,Python
290925922246,Python
290925922243,Python
290925922243,NLP
290925922240,Python
290925922240,SQL
290925922237,Python
290925922222,Azure
290925922208,Python
290925922201,JavaScript
290925922192,Python
290925922180,Python
290925922174,Java
290925922159,Python
290925922149,Python
290925922149,SQL
290925922148,SQL
290925922146,Java
290925922144,Azure
290925922142,Python
290925922141,Python
290925922140,JavaScript
290925922135,Python
290925922135,AWS
290925922135,GCP
290925922135,Deep Learning
290925922118,JavaScript
290925922106,Python
290925922103,Python
290925922089,Python
290925922089,AWS
290925922089,Azure
290925922089,Kubernetes
290925922070,Java
290925922065,Python
290925922065,Machine Learning
290925922065,NLP
290925922033,Machine Learning
290925922033,Deep Learning
290925922033,NLP
290925922011,JavaScript
290925922000,SQL
290925921987,Python
290925921987,AWS
290925921987,React
290925921981,Python
290925921978,AWS
290925921978,Kubernetes
290925921978,Linux
290925921937,Python
290925921937,AWS
290925921937,Kubernetes
290925921929,Java
290925921925,Python
290925921923,Python
290925921921,JavaScript
290925921899,SQL
290925921890,Python
290925921890,SQL
290925921890,Power BI
290925921889,AWS
290925921840,Cybersecurity
290925921836,SQL
290925921830,Python
290925921827,Python
290925921827,SQL
290925921827,AWS
290925921827,Machine Learning
290925921827,Deep Learning
290925921827,Docker
290925921797,JavaScript
290925921795,SQL
290925921782,Azure
290925921779,Python
290925921778,Java
290925921778,JavaScript
290925921770,Python
290925921770,SQL
290925921766,JavaScript
290925921765,Python
290925921763,Python
290925921763,SQL
290925921762,Java
290925921758,Python
290925921758,AWS
290925921756,JavaScript
290925921735,SQL
290925921735,Java
290925921733,Python
290925921733,SQL
290925921728,SQL
290925921728,Java
290925921696,NLP
290925921695,NLP
290925921695,Kubernetes
290925921694,NLP
290925921693,Python
290925921693,NLP
290925921693,Kubernetes
290925921691,NLP
290925921691,Kubernetes
290925921690,Python
290925921690,Machine Learning
290925921690,NLP
290925921689,Python
290925921689,Machine Learning
290925921688,Python
290925921688,Machine Learning
290925921687,NLP
290925921687,Kubernetes
290925921686,Python
290925921686,Machine Learning
290925921684,Machine Learning
290925921684,NLP
290925921682,Python
290925921682,Git
290925921676,SQL
290925921671,JavaScript
290925921670,JavaScript
290925921657,Python
290925921631,Python
290925921623,Java
290925921623,JavaScript
290925921620,Java
290925921620,JavaScript
290925921619,Java
290925921619,JavaScript
290925921598,Python
290925921579,Python
290925921579,Git
290925921578,NLP
290925921576,Python
290925921576,SQL
290925921576,Machine Learning
290925921571,Python
290925921571,NLP
290925921570,Python
290925921567,Python
290925921567,NLP
290925921564,JavaScript
290925921564,React
290925921551,Python
290925921472,Python
290925921472,Java
290925921461,Python
290925921461,Spark
290925921456,Java
290925921454,Java
290925921454,JavaScript
290925921431,Python
290925921410,Java
290925921409,Python
290925921404,SQL
290925921378,Python
290925921378,AWS
290925921378,Kubernetes
290925921374,Python
290925921371,SQL
290925921356,Java
290925921339,Python
290925921323,Python
290925921312,Java
290925921311,Java
290925921308,Java
290925921302,Python
290925921300,SQL
290925921288,Python
290925921282,JavaScript
290925921250,Python
290925921250,Kubernetes
290925921249,AWS
290925921249,Spark
290925921246,Python
290925921242,SQL
290925921239,Git
290925921237,JavaScript
290925921230,SQL
290925921228,JavaScript
290925921226,Python
290925921226,Machine Learning
290925921206,Git
290925921191,Git
290925921184,Python
290925921176,SQL
290925921169,JavaScript
290925921143,SQL
290925921118,Java
290925921115,Python
290925921115,SQL
290925921111,Python
290925921096,Python
290925921096,SQL
290925921078,JavaScript
290925921063,SQL
290925921063,Java
290925921049,Python
290925921049,Git
290925921046,AWS
290925921046,Azure
290925921039,Python
290925921039,SQL
290925921038,Python
290925921023,Python
290925921023,SQL
290925921023,Spark
290925921015,Python
290925921015,SQL
290925921011,Java
290925921008,SQL
290925921003,SQL
290925920983,SQL
290925920982,Azure
290925920980,Python
290925920980,SQL
290925920963,AWS
290925920963,Java
290925920963,JavaScript
290925920963,React
290925920962,Python
290925920960,Python
290925920960,Git
290925920960,JavaScript
290925920960,React
290925920959,Python
290925920950,JavaScript
290925920940,Python
290925920926,Python
290925920924,Java
290925920923,Python
290925920918,Python
290925920918,Power BI
290925920916,Azure
290925920915,Python
290925920915,Power BI
290925920884,Java
290925920884,JavaScript
290925920880,Kubernetes
290925920864,Git
290925920858,Azure
290925920843,Python
290925920838,Python
290925920829,Python
290925920829,SQL
290925920828,Python
290925920828,SQL
290925920812,Python
290925920812,SQL
290925920812,Azure
290925920812,Machine Learning
290925920812,Java
290925920804,Python
290925920804,SQL
290925920800,Python
290925920797,SQL
290925920744,Linux
290925920723,Cybersecurity
290925920698,Python
290925920697,SQL
290925920693,Python
290925920693,Spark
290925920641,Git
290925920641,JavaScript
290925920641,React
290925920623,Python
290925920623,Machine Learning
290925920619,Azure
290925920612,Java
290925920601,Azure
290925920586,Python
290925920586,JavaScript
290925920559,Kubernetes
290925920546,Azure
290925920546,Cybersecurity
290925920541,Java
290925920517,SQL
290925920506,SQL
290925920506,AWS
290925920506,Azure
290925920506,GCP
290925920494,Python
290925920494,Spark
290925920481,Python
290925920481,SQL
290925920479,Python
290925920476,SQL
290925920476,React
290925920472,Python
290925920472,Kubernetes
290925920472,Linux
290925920459,Java
290925920446,Python
290925920446,Azure
290925920446,Kubernetes
290925920443,Python
290925920442,SQL
290925920414,Python
290925920403,Python
290925920353,Python
290925920353,SQL
290925920353,Spark
290925920310,Python
290925920309,Python
290925920309,Java
290925920300,Azure
290925920300,JavaScript
290925920291,SQL
290925920291,Git
290925920283,Python
290925920283,Azure
290925920265,SQL
290925920265,Docker
290925920265,Kubernetes
290925920263,Power BI
290925920261,Git
290925920261,JavaScript
290925920261,React
290925920239,Kubernetes
290925920238,Java
290925920238,Linux
290925920230,Python
290925920230,GCP
290925920212,Python
290925920212,Azure
290925920212,Spark
290925920212,Kubernetes
290925920208,Kubernetes
290925920208,Java
290925920207,Python
290925920207,SQL
290925920207,AWS
290925920201,Azure
290925920201,Docker
290925920201,Kubernetes
290925920192,Python
290925920192,Java
290925920191,Python
290925920191,GCP
290925920191,React
290925920186,SQL
290925920186,Java
290925920185,Python
290925920185,Tableau
290925920177,Docker
290925920177,Kubernetes
290925920176,Java
290925920172,Python
290925920172,SQL
290925920172,AWS
290925920172,Spark
290925920161,Python
290925920161,GCP
290925920160,SQL
290925920160,Azure
290925920153,Java
290925920153,JavaScript
290925920147,SQL
290925920147,Java
290925920133,Linux
290925920108,SQL
290925920108,Docker
290925920108,Linux
290925920107,Python
290925920107,Tableau
290925920107,NLP
290925920101,Java
290925920101,JavaScript
290925920095,Java
290925920095,JavaScript
290925920093,AWS
290925920091,Python
290925920091,Linux
290925920088,Java
290925920088,JavaScript
290925920086,Python
290925920086,SQL
290925920086,AWS
290925920086,Kubernetes
290925920086,Linux
290925920085,Python
290925920085,Kubernetes
290925920085,Java
290925920085,Linux
290925920082,Azure
290925920082,React
290925920081,JavaScript
290925920081,React
290925920071,Azure
290925920065,Python
290925920065,AWS
290925920065,Kubernetes
290925920065,Git
290925920065,Java
290925920065,Linux
290925920063,Python
290925920063,SQL
290925920062,Docker
290925920062,Java
290925920051,SQL
290925920051,Azure
290925920046,Python
290925920044,AWS
290925920044,JavaScript
290925920042,Java
290925920042,Linux
290925920041,Java
290925920041,JavaScript
290925920039,AWS
290925920039,Azure
290925920039,Kubernetes
290925920035,Python
290925920029,Cybersecurity
290925920027,Java
290925920025,Python
290925920025,Azure
290925920025,NLP
290925920025,Kubernetes
290925920019,Python
290925920019,Java
290925920011,Python
290925920011,Kubernetes
290925920011,Linux
290925920005,GCP
290925920005,Java
290925920005,JavaScript
290925919989,Java
290925919989,JavaScript
290925919988,Python
290925919982,Cybersecurity
290925919978,Azure
290925919978,React
290925919964,Python
290925919957,Java
290925919955,Python
290925919955,Azure
290925919955,Spark
290925919955,Kubernetes
290925919942,Python
290925919942,SQL
290925919942,Machine Learning
290925919942,NLP
290925919937,Python
290925919937,Java
290925919914,Kubernetes
290925919914,Java
290925919878,JavaScript
290925919871,Python
290925919870,AWS
290925919870,Azure
290925919870,GCP
290925919870,Docker
290925919870,Kubernetes
290925919865,Docker
290925919865,Kubernetes
290925919865,Linux
290925919864,Python
290925919864,Linux
290925919863,AWS
290925919863,Azure
290925919863,Kubernetes
290925919863,Linux
290925919859,Java
290925919855,SQL
290925919855,Power BI
290925919855,Tableau
290925919823,Python
290925919823,Linux
290925919814,Git
290925919787,Python
290925919785,Python
290925919777,SQL
290925919777,Java
290925919758,Python
290925919758,AWS
290925919758,Kubernetes
290925919754,AWS
290925919754,Kubernetes
290925919754,Java
290925919737,Kubernetes
290925919724,JavaScript
290925919712,Python
290925919706,Java
290925919680,Python
290925919645,Machine Learning
290925919531,SQL
290925917550,SQL
290925917550,Linux
290925916390,Python
290925915587,SQL
290925915455,AWS
290925915455,Azure
290925915455,Kubernetes
290925915455,Linux
290925915454,Kubernetes
290925915454,Java
290925915454,JavaScript
290925915450,Python
290925915450,SQL
290925915450,Java
290925915184,Python
290925912895,Excel
290925912895,Machine Learning
290925910378,Python
290925910378,Kubernetes
290925910378,Git
290925910350,Python
290925910350,Azure
290925910350,Kubernetes
290925910344,Cybersecurity
290925910334,Kubernetes
290925910334,Java
290925910325,Python
290925910325,NLP
290925910318,Python
290925910318,Java
290925910317,Python
290925910317,Kubernetes
290925910317,Java
290925910307,Kubernetes
290925910304,Java
290925910302,SQL
290925910299,Python
290925910287,Python
290925910287,Kubernetes
290925910287,Linux
290925910285,Python
290925910285,AWS
290925910285,Azure
290925910285,GCP
290925910274,Python
290925910274,Java
290925910264,Linux
290925910235,Python
290925910235,Machine Learning
290925910226,Kubernetes
290925910226,Java
290925910223,Kubernetes
290925910223,Java
290925910223,JavaScript
290925910222,React
290925910218,React
290925910217,SQL
290925910217,AWS
290925910211,Kubernetes
290925910211,Git
290925910188,Python
290925910188,SQL
290925910188,Azure
290925910188,Spark
290925910188,Databricks
290925910187,Kubernetes
290925910187,Java
290925910184,SQL
290925910183,JavaScript
290925910183,React
290925910179,Python
290925910174,Python
290925910174,Machine Learning
290925910171,Python
290925910171,Java
290925910170,Python
290925910170,React
290925910060,Kubernetes
290925910060,Java
290925910060,Linux
290925910049,SQL
290925910048,Python
290925910048,SQL
290925910048,Spark
290925910041,Cybersecurity
290925910033,Java
290925910026,Python
290925910026,Machine Learning
290925910026,NLP
290925910021,Python
290925910021,Java
290925910006,AWS
290925910006,Kubernetes
290925910006,Java
290925910004,Python
290925910004,React
290925909978,SQL
290925909965,Python
290925909965,Docker
290925909965,Kubernetes
290925909958,Kubernetes
290925909958,Java
290925909957,AWS
290925909954,SQL
290925909953,Python
290925909953,GCP
290925909953,Linux
290925909950,Kubernetes
290925909950,Java
290925909946,SQL
290925909946,Java
290925909935,Python
290925909935,Java
290925909895,Cybersecurity
290925909893,Python
290925909893,Git
290925909893,Java
290925909888,Java
290925909888,JavaScript
290925909859,SQL
290925909859,Azure
290925909859,React
290925909855,SQL
290925909848,AWS
290925909848,Azure
290925909848,Docker
290925909848,Kubernetes
290925909847,Java
290925909846,React
290925909845,Python
290925909845,AWS
290925909845,Azure
290925909844,SQL
290925909838,Kubernetes
290925909831,Python
290925909818,Python
290925909788,Python
290925909787,Kubernetes
290925909784,Java
290925909776,Python
290925909776,Java
290925909774,Cybersecurity
290925909764,Java
290925909764,JavaScript
290925909759,SQL
290925909745,Azure
290925909745,Docker
290925909745,Kubernetes
290925909743,Python
290925909743,Docker
290925909743,Kubernetes
290925909727,Docker
290925909727,Kubernetes
290925909698,Java
290925909687,Python
290925909681,Linux
290925909680,AWS
290925909680,Azure
290925909680,Cybersecurity
290925909673,Python
290925909673,Git
290925909672,AWS
290925909672,GCP
290925909672,Docker
290925909672,Kubernetes
290925909672,Java
290925909649,Java
290925909117,Kubernetes
290925908626,Python
290925908626,SQL
290925908625,SQL
290925908625,Spark
290925908607,Python
290925908606,AWS
290925908606,Spark
290925908599,Azure
290925908591,Python
290925908591,AWS
290925908591,Git
290925908578,Azure
290925908578,Java
290925908554,Python
290925908456,Python
290925908456,AWS
290925908456,Azure
290925908456,GCP
290925908456,Kubernetes
290925908454,Java
290925908452,Python
290925908452,SQL
290925908452,Spark
290925908452,Machine Learning
290925908451,Python
290925908449,SQL
290925908449,Power BI
290925908447,Java
290925908445,Java
290925908280,Python
290925908280,AWS
290925908275,Python
290925908275,AWS
290925908275,Machine Learning
290925908275,Deep Learning
290925908274,Python
290925908274,SQL
290925908274,AWS
290925908274,Docker
290925908268,Python
290925908268,Spark
290925908251,Kubernetes
290925908251,Java
290925908249,JavaScript
290925908236,Python
290925908234,Java
290925908213,Java
290925908185,Python
290925908183,Python
290925908183,JavaScript
290925908173,SQL
290925908171,Python
290925908171,Spark
290925908171,Java
290925908163,Kubernetes
290925908163,Java
290925908159,Machine Learning
290925908159,Deep Learning
290925908158,AWS
290925908158,Azure
290925908156,Azure
290925908156,Java
290925908153,Power BI
290925908151,Docker
290925908142,Kubernetes
290925908142,Java
290925908135,Python
290925908135,SQL
290925908135,AWS
290925908133,Python
290925908130,Python
290925908129,AWS
290925908129,Azure
290925908129,GCP
290925908099,GCP
290925908097,Python
290925908097,AWS
290925908086,Python
290925908073,SQL
290925908065,SQL
290925908063,Python
290925908060,SQL
290925908060,AWS
290925908053,Kubernetes
290925908053,Java
290925908048,AWS
290925908033,Python
290925908020,Python
290925908020,AWS
290925908016,Python
290925908016,AWS
290925907986,Python
290925907986,Java
290925907986,JavaScript
290925907980,Java
290925907965,Python
290925907959,JavaScript
290925907941,Kubernetes
290925907941,Java
290925907935,Python
290925907918,JavaScript
290925907915,SQL
290925907915,JavaScript
290925907896,SQL
290925907894,Python
290925907894,AWS
290925907894,Java
290925907894,JavaScript
290925907888,Python
290925907888,AWS
290925907888,Azure
290925907888,GCP
290925907886,SQL
290925907886,Azure
290925907879,Python
290925907864,SQL
290925907860,Python
290925907777,Git
290925907777,JavaScript
290925907777,React
290925907753,Python
290925907701,Python
290925907701,Azure
290925907701,NLP
290925907701,Docker
290925907701,Kubernetes
290925907694,Azure
290925907694,Docker
290925907694,Kubernetes
290925907694,Git
290925907691,SQL
290925907681,Git
290925907681,React
290925907678,JavaScript
290925907677,Python
290925907677,SQL
290925907674,SQL
290925907674,Azure
290925907665,Python
290925907665,AWS
290925907655,JavaScript
290925907645,SQL
290925907616,SQL
290925907616,AWS
290925907616,Git
290925907603,Python
290925907582,Python
290925907578,Python
290925907573,Python
290925907573,AWS
290925907564,SQL
290925907564,Azure
290925907526,Python
290925907526,SQL
290925907516,SQL
290925907516,Java
290925907515,Python
290925907515,SQL
290925907511,Linux
290925907481,Python
290925907455,Python
290925907431,Python
290925907411,AWS
290925907411,Java
290925907411,JavaScript
290925907402,Python
290925907402,Azure
290925907402,Machine Learning
290925907402,NLP
290925907391,Python
290925907391,SQL
290925907391,AWS
290925907391,Azure
290925907387,SQL
290925907387,React
290925907384,Java
290925907380,Python
290925907380,AWS
290925907380,Machine Learning
290925907380,NLP
290925907380,Kubernetes
290925907379,SQL
290925907379,Azure
290925907361,Python
290925907361,SQL
290925907361,Spark
290925907361,Kubernetes
290925907358,SQL
290925907358,JavaScript
290925907346,AWS
290925907346,Kubernetes
290925907331,Kubernetes
290925907331,JavaScript
290925907331,React
290925907317,Python
290925907299,AWS
290925907299,Kubernetes
290925907299,Git
290925907299,Java
290925907293,Python
290925907293,AWS
290925907293,Java
290925907293,JavaScript
290925907257,SQL
290925907257,Java
290925907255,JavaScript
290925907217,Python
290925907217,SQL
290925907217,Spark
290925907212,Python
290925907204,Python
290925907203,Python
290925907185,Python
290925907139,SQL
290925907139,AWS
290925907120,AWS
290925907120,Java
290925907077,Python
290925907077,Kubernetes
290925907077,JavaScript
290925907055,Java
290925907053,Python
290925907053,AWS
290925907053,Machine Learning
290925907053,NLP
290925907053,Kubernetes
290925907046,Python
290925907046,SQL
290925907046,Git
290925907036,Python
290925907036,JavaScript
290925907036,React
290925907032,Python
290925907017,Python
290925907017,Azure
290925907014,Python
290925907012,Python
290925907012,SQL
290925907012,AWS
290925907011,Python
290925907011,AWS
290925907011,Machine Learning
290925907011,Deep Learning
290925906985,Python
290925906985,Spark
290925906983,Azure
290925906983,Java
290925906982,Python
290925906982,Linux
290925906961,Python
290925906958,SQL
290925906955,Python
290925906955,AWS
290925906949,JavaScript
290925906919,JavaScript
290925906914,Python
290925906914,Spark
290925906895,SQL
290925906884,Python
290925906884,SQL
290925906877,Python
290925906861,Azure
290925906860,Python
290925906860,AWS
290925906854,Python
290925906854,AWS
290925906832,Python
290925906799,Azure
290925906797,SQL
290925906780,Python
290925906758,Python
290925906758,Azure
290925906738,Python
290925906738,SQL
290925906732,SQL
290925906714,SQL
290925906714,Linux
290925906687,AWS
290925906687,Spark
290925906680,SQL
290925906680,Azure
290925906670,Python
290925906670,Azure
290925906670,NLP
290925906669,Python
290925906669,Power BI
290925906658,Azure
290925906647,Python
290925906623,Python
290925906623,SQL
290925906610,Python
290925906610,Azure
290925906610,Databricks
290925906603,Azure
290925906603,JavaScript
290925906593,Azure
290925906593,Kubernetes
290925906559,Python
290925906559,Azure
290925906559,Databricks
290925906558,SQL
290925906558,JavaScript
290925906553,Python
290925906553,Java
290925906551,Python
290925906551,Azure
290925906551,Machine Learning
290925906549,Python
290925906549,Kubernetes
290925906543,Python
290925906543,Machine Learning
290925906523,Azure
290925906523,Machine Learning
290925906523,Deep Learning
290925906490,SQL
290925906488,Python
290925906488,Spark
290925906472,Java
290925906469,Python
290925906469,Kubernetes
290925906469,JavaScript
290925906446,Git
290925906446,JavaScript
290925906446,React
290925906440,Python
290925906437,Java
290925906436,Java
290925906428,Python
290925906428,AWS
290925906428,Spark
290925906428,Kubernetes
290925906427,Python
290925906427,Machine Learning
290925906427,Deep Learning
290925906427,NLP
290925906425,SQL
290925906420,Python
290925906420,SQL
290925906420,Spark
290925906417,Python
290925906417,SQL
290925906413,Java
290925906263,SQL
290925906260,Spark
290925905812,SQL
290925905525,Python
290925904645,SQL
290925904645,React
290925902749,SQL
290925902749,Kubernetes
290925902749,Linux
290925901451,Linux
290925503644,Machine Learning
290925503643,SQL
290925503643,Power BI
290925503643,Machine Learning
290925503642,SQL
290925503642,Power BI
290925503642,Machine Learning
290925503577,Linux
290925503356,Linux
290925503331,Git
290925503312,Machine Learning
290925503135,Git
290925503093,GCP
290925503093,Git
290925503093,JavaScript
290925502674,Linux
290925502672,JavaScript
290925502669,JavaScript
290925502648,JavaScript
290925502606,JavaScript
290925502431,Linux
290925502426,JavaScript
290925502398,Git
290925502398,JavaScript
290925502389,Java
290925502389,JavaScript
290925502299,SQL
290925502251,AWS
290925502251,Machine Learning
290925502251,NLP
290925502251,JavaScript
290925502073,Git
290925501963,Java
290925501962,JavaScript
290925501930,Git
290925501903,Python
290925501866,Python
290925501819,SQL
290925501818,Python
290925501762,SQL
290925501706,SQL
290925501703,Python
290925501703,SQL
290925501690,Docker
290925501682,Python
290925501681,Azure
290925501668,Excel
290925501666,Excel
290925501665,Docker
290925501665,Kubernetes
290925501664,Python
290925501661,SQL
290925501658,Java
290925501657,Docker
290925501657,Kubernetes
290925501638,Python
290925501638,JavaScript
290925501616,Python
290925501616,Power BI
290925501614,Python
290925501614,SQL
290925501614,JavaScript
290925501613,Kubernetes
290925501610,AWS
290925501609,SQL
290925501609,Java
290925501604,Python
290925501604,AWS
290925501601,Azure
290925501601,Cybersecurity
290925501591,Docker
290925501591,Kubernetes
290925501546,Python
290925501546,Azure
290925501545,Kubernetes
290925501545,React
290925501519,Python
290925501503,SQL
290925501503,Docker
290925501503,Kubernetes
290925501498,Python
290925501498,NLP
290925501495,Excel
290925501492,Excel
290925501488,Excel
290925501481,Excel
290925501387,Python
290925501387,SQL
290925501387,Spark
290925501339,Excel
290925501311,SQL
290925501311,JavaScript
290925501306,Python
290925501306,Machine Learning
290925501306,Deep Learning
290925501306,NLP
290925501301,Python
290925501299,Python
290925501299,Machine Learning
290925501299,Kubernetes
290925501283,Excel
290925501225,SQL
290925501225,Docker
290925501225,Kubernetes
290925501155,Git
290925501155,JavaScript
290925501118,Cybersecurity
290925501117,Python
290925501112,Excel
290925501094,Excel
290925501092,Excel
290925501091,Git
290925501082,SQL
290925501082,Docker
290925501082,Kubernetes
290925501079,SQL
290925501079,Docker
290925501079,Kubernetes
290925501078,Python
290925501078,SQL
290925501078,Kubernetes
290925501050,Python
290925501045,Python
290925501042,Python
290925501041,Python
290925501041,Kubernetes
290925501036,JavaScript
290925500967,Docker
290925500967,Kubernetes
290925500966,SQL
290925500965,Python
290925500512,Linux
290925500502,Python
290925500185,Linux
290925500184,Python
290925500182,GCP
290925500181,JavaScript
290925500181,Linux
290925500180,Git
290925500180,JavaScript
290925500145,Linux
290925500137,SQL
290925500137,JavaScript
290925500136,Linux
290925500099,Machine Learning
290925026865,Generative AI
290925026788,Linux
290925021997,Python
290925021997,Machine Learning
290925021997,NLP
290925021997,Generative AI
290925018754,SQL
290925018754,AWS
290925016067,Excel
290925015794,Azure
290925015351,AWS
290925014663,Git
290925014663,JavaScript
290925013382,Python
290925013382,GCP
290925012781,SQL
290925012781,Java
290925012441,Linux
290925011748,SQL
290925011562,Kubernetes
290925011562,Linux
290925011380,JavaScript
290925011325,Machine Learning
290925011177,Kubernetes
290925011177,Linux
290925010910,Kubernetes
290925010910,Java
290925010819,Azure
290925010819,GCP
290925010660,Kubernetes
290925010376,Java
290925009143,Python
290925009143,AWS
290925009143,Java
290925008904,Azure
290925008904,Java
290925008740,Azure
290925008740,Git
290925008428,Docker
290925008428,Git
290925008428,JavaScript
290925008428,React
290925008148,Docker
290925008148,Git
290925007096,Python
290925007096,Spark
290925007096,Java
290925005872,SQL
290925005374,Linux
290925004994,Python
290925004333,SQL
290925004333,Azure
290925004333,Docker
290925003516,Azure
290725032675,Java
290725032675,JavaScript
280925004736,Power BI
280925004736,Excel
280925003657,Python
280925003657,JavaScript
280925003501,Python
280925003501,SQL
280925003501,AWS
280925003501,Linux
280925003042,Power BI
280825023386,SQL
280825023386,Linux
280125020865,JavaScript
270925012911,AWS
270925012911,Java
270925012535,Python
270925012535,Generative AI
270925012477,SQL
270925012477,Azure
270925008948,Git
270925008948,Java
270925008948,React
270925008025,JavaScript
270925006109,Python
260925929777,Python
260925929772,Python
260925929767,Cybersecurity
260925929765,JavaScript
260925929753,Python
260925929748,GCP
260925929598,SQL
260925929581,Python
260925929573,Python
260925929573,AWS
260925929569,Python
260925929546,Python
260925929540,SQL
260925929537,Python
260925929534,Java
260925929534,Linux
260925929524,Azure
260925929499,Java
260925929496,Cybersecurity
260925929489,JavaScript
260925929455,Java
260925929453,Azure
260925929445,Python
260925929445,Java
260925929424,AWS
260925929423,Azure
260925929400,SQL
260925929398,SQL
260925929385,Java
260925929376,Cybersecurity
260925929366,Java
260925929365,SQL
260925929365,AWS
260925929355,Java
260925929342,SQL
260925929336,Java
260925929328,Java
260925929326,Java
260925929325,Linux
260925929321,GCP
260925929314,Kubernetes
260925929289,Java
260925929247,SQL
260925929223,Azure
260925929212,Java
260925929195,Java
260925929194,Java
260925929185,Python
260925929185,AWS
260925929185,Azure
260925929184,Python
260925929173,Java
260925929160,Azure
260925929139,Kubernetes
260925929126,Python
260925929116,Azure
260925929116,Kubernetes
260925929114,Azure
260925929094,Python
260925929094,Kubernetes
260925929094,Git
260925929075,SQL
260925929066,Java
260925929041,Kubernetes
260925929028,Kubernetes
260925929017,SQL
260925928971,Java
260925928967,Linux
260925928955,Python
260925928955,Linux
260925928939,SQL
260925928910,AWS
260925928886,Python
260925928884,Java
260925928881,AWS
260925928881,Azure
260925928881,Kubernetes
260925928876,Azure
260925928869,SQL
260925928865,Kubernetes
260925928852,Spark
260925928825,Python
260925928800,Python
260925928785,Java
260925928782,SQL
260925928782,Tableau
260925928770,SQL
260925928770,Java
260925928763,Python
260925928763,SQL
260925928751,Azure
260925927221,AWS
260925927221,Azure
260925927220,SQL
260925927219,Python
260925927219,AWS
260925927219,Azure
260925927219,Kubernetes
260925927219,Linux
260925924261,Python
260925924261,SQL
260925924259,AWS
260925924259,Kubernetes
260925921951,Docker
260925921951,Linux
260925917080,Java
260925917080,JavaScript
260925917076,Java
260925917075,JavaScript
260925504579,Machine Learning
260925504574,Git
260925504442,Linux
260925504347,Python
260925504347,SQL
260925504174,Linux
260925504168,Machine Learning
260925504150,Machine Learning
260925504137,Linux
260925504130,Linux
260925504129,JavaScript
260925504126,JavaScript
260925504102,Excel
260925503750,GCP
260925503582,Java
260925503519,JavaScript
260925503517,Linux
260925503470,Linux
260925503459,Linux
260925503453,Excel
260925503451,Git
260925503423,Machine Learning
260925503418,Machine Learning
260925503416,Excel
260925503397,Linux
260925503356,JavaScript
260925503346,JavaScript
260925503328,Machine Learning
260925503327,JavaScript
260925503319,Excel
260925503240,Git
260925503216,Power BI
260925502473,Tableau
260925502473,Excel
260925502472,Python
260925502472,JavaScript
260925502448,Power BI
260925502444,Python
260925502338,SQL
260925502337,Python
260925502337,SQL
260925502336,Python
260925502336,SQL
260925502336,Java
260925502334,SQL
260925502334,Docker
260925502334,Kubernetes
260925502334,Git
260925502334,Java
260925502332,Cybersecurity
260925502331,Cybersecurity
260925502330,Azure
260925502326,SQL
260925502326,Docker
260925502326,Kubernetes
260925502322,Python
260925502322,Kubernetes
260925502319,Cybersecurity
260925502317,Python
260925502316,Python
260925502316,SQL
260925502260,SQL
260925502188,SQL
260925502188,Spark
260925502137,Python
260925502137,Azure
260925501996,JavaScript
260925501979,Python
260925501979,Azure
260925501979,Kubernetes
260925501978,JavaScript
260925501250,Git
260925501174,JavaScript
260925500601,Git
260925500601,JavaScript
260925500600,Git
260925500600,JavaScript
260925500592,GCP
260925500592,Machine Learning
260925500592,Deep Learning
260925500592,NLP
260925500590,Linux
260925500529,Power BI
260925500457,Git
260925500171,GCP
260925500171,Machine Learning
260925500081,Machine Learning
260925500081,Git
260925500063,SQL
260925500056,Machine Learning
260925500039,Machine Learning
260925500029,Machine Learning
260925500021,JavaScript
260925500019,Git
260925500019,Linux
260925031741,Java
260925031715,Java
260925031013,Java
260925031009,Linux
260925030897,Python
260925030883,React
260925030858,React
260925030650,Machine Learning
260925030642,Python
260925030642,Machine Learning
260925030642,Deep Learning
260925030138,SQL
260925030103,SQL
260925030103,Java
260925029816,SQL
260925028277,SQL
260925028277,Power BI
260925028277,Azure
260925028277,Spark
260925028277,Databricks
260925027547,Azure
260925026991,Kubernetes
260925025206,AWS
260925025206,Java
260925024918,Python
260925024918,Linux
260925024413,Python
260925023972,Java
260925022817,Python
260925022817,Java
260925022817,JavaScript
260925022323,Java
260925022058,SQL
260925022058,Power BI
260925022058,Azure
260925014728,Linux
260925014530,Python
260925014530,Machine Learning
260925014530,Deep Learning
260925014530,Generative AI
260925012470,SQL
260925012470,Java
260925011801,Linux
260925011515,Linux
260925006587,Python
260925005954,SQL
260925005954,Git
260925005954,Java
260825005005,Python
250925923444,SQL
240925501137,Python
240925500952,Machine Learning
240925500952,Kubernetes
240925035856,Java
230925931436,Java
230925931436,JavaScript
230925916876,Deep Learning
230925916317,Python
230925037878,Python
230925037878,Machine Learning
230925036681,Java
230925022394,Java
230925014216,Excel
230725019101,Power BI
230725019101,Tableau
230725019101,Excel
230525031336,Python
230525031336,SQL
230525031336,AWS
230525031336,Spark
220925028384,Power BI
220925028384,Azure
200825031062,Python
200825031062,Java
200624007336,Python
180925023279,Power BI
180925023279,Excel
180625021362,Git
180425014119,Cybersecurity
170725025087,Git
170725025087,Java
160925042261,Power BI
160925042261,Excel
160925042254,Power BI
160925042254,Excel
160925040645,Python
160925040645,Spark
160925040645,Machine Learning
160925040645,JavaScript
160925039936,JavaScript
160925039936,React
160925025536,Azure
160925025536,Spark
120625011246,AWS
120625011246,Kubernetes
120625011246,Git
110925935356,Java
110825008672,AWS
110825008672,Docker
110825008672,Kubernetes
80425016915,Python
70725009602,Java
70225908175,Python
70225908175,SQL
50925007072,Docker
31025915421,Python
31025915421,Docker
31025915421,Kubernetes
31025915421,Java
31025915421,Linux
31025913632,Python
31025913632,Kubernetes
31025912422,Power BI
31025912182,Python
31025912182,SQL
31025912182,AWS
31025912182,GCP
31025912173,JavaScript
31025910684,Azure
31025910684,Kubernetes
31025910684,Java
31025910684,JavaScript
31025910445,Python
31025910445,AWS
31025910445,Linux
31025910005,Python
31025910005,AWS
31025910005,Machine Learning
31025910005,Kubernetes
31025909902,Java
31025909902,JavaScript
31025909874,Java
31025909871,Kubernetes
31025909871,Java
31025909867,Kubernetes
31025909867,Java
31025909867,JavaScript
31025909861,Kubernetes
31025909861,Java
31025909861,JavaScript
31025909827,Java
31025909827,JavaScript
31025909820,JavaScript
31025909802,Linux
31025909721,Python
31025909706,Kubernetes
31025909706,Java
31025909706,JavaScript
31025909705,Python
31025909705,Azure
31025909705,Kubernetes
31025909703,Git
31025909598,SQL
31025909598,JavaScript
31025909598,React
31025909537,Java
31025909537,Linux
31025909534,Kubernetes
31025909534,Java
31025909498,Java
31025909498,Linux
31025909492,Java
31025909192,Kubernetes
31025908623,Java
31025908620,Python
31025908620,Spark
31025908586,Java
31025908586,Linux
31025907432,JavaScript
31025907428,JavaScript
31025907427,Java
31025907427,JavaScript
31025907423,Java
31025907423,JavaScript
31025907421,SQL
31025907421,Kubernetes
31025907420,Java
31025907420,JavaScript
31025503242,Machine Learning
31025503242,NLP
31025502962,Excel
31025502691,Java
31025502587,JavaScript
31025502585,JavaScript
31025502515,Git
31025502515,Linux
31025502513,Linux
31025502511,Python
31025502509,Python
31025502506,Linux
31025502504,Linux
31025502499,Python
31025501595,SQL
31025501595,JavaScript
31025501259,SQL
31025501259,Power BI
31025501259,Azure
31025501258,Java
31025501129,Excel
31025501037,Git
31025501036,Git
31025501036,JavaScript
31025500969,Excel
31025500755,SQL
31025500746,GCP
31025500318,JavaScript
31025500055,JavaScript
31025500045,SQL
31025500045,Tableau
31025500042,NLP
31025010011,React
31025008389,Java
31025005611,Azure
31025005611,Docker
31025005433,AWS
31025005433,Kubernetes
31025005433,Java
31025002035,Cybersecurity
30925018377,Linux
20925018785,Cybersecurity
20124002203,Linux
11025922887,Java
11025922887,Linux
11025921539,Python
11025921537,Python
11025921537,Azure
11025921533,SQL
11025921003,Java
11025921003,JavaScript
11025921003,React
11025920192,Python
11025920192,SQL
11025920192,AWS
11025920188,Python
11025920188,Machine Learning
11025920188,NLP
11025919086,Python
11025919083,Azure
11025919083,Kubernetes
11025919083,Git
11025913337,Java
11025913337,JavaScript
11025913337,React
11025912721,Java
11025912721,JavaScript
11025912721,React
11025503817,Machine Learning
11025503030,Machine Learning
11025503016,Python
11025503016,Spark
11025502486,Cybersecurity
11025502468,Python
11025502468,Azure
11025502406,AWS
11025502406,Kubernetes
11025502312,SQL
11025502274,Docker
11025502274,Kubernetes
11025502274,Git
11025502274,Java
11025502274,Linux
11025502048,Git
11025502048,Java
11025502046,Python
11025501681,Git
11025501681,JavaScript
11025501555,Linux
11025501444,Python
11025501401,GCP
11025501401,Git
11025501230,Python
11025501176,SQL
11025501176,AWS
11025501157,Python
11025501025,Excel
11025500928,Linux
11025500740,JavaScript
11025500509,Linux
11025500479,SQL
11025500479,Machine Learning
11025500458,Linux
11025500271,Git
11025500211,JavaScript
11025500208,Machine Learning
11025500199,Git
11025500199,Linux
11025500185,Linux
11025500145,Linux
11025500136,Linux
11025500128,Linux
11025500101,Linux
11025500040,Linux
11025500019,Python
10725032076,SQL
10725032076,AWS
10725032076,Git
300925930220,Python
300925930198,Python
300925930198,Tableau
300925930198,JavaScript
300925930192,Power BI
300925930160,JavaScript
300925930150,Python
300925930146,Java
300925930145,Python
300925930121,SQL
300925930108,SQL
300925930059,Java
300925930059,JavaScript
300925925907,Python
300925925904,Python
300925925904,Kubernetes
300925925898,Python
300925925898,AWS
300925925898,Kubernetes
300925924155,Kubernetes
300925924099,Python
300925924099,Machine Learning
300925916322,Spark
300925916311,SQL
300925916250,JavaScript
300925916091,Docker
300925916091,Kubernetes
300925916074,Java
300925916057,SQL
300925916000,Python
300925916000,SQL
300925916000,Java
300925915887,JavaScript
300925915887,React
300925915848,Linux
300925915820,Git
300925915753,Java
300925915753,JavaScript
300925915749,Java
300925915749,JavaScript
300925915744,SQL
300925915722,Power BI
300925915375,Java
300925915375,JavaScript
300925915158,Java
300925504940,Git
300925504761,Excel
300925504692,JavaScript
300925504620,Java
300925504515,Machine Learning
300925504435,Linux
300925504369,Power BI
300925504320,Excel
300925504209,JavaScript
300925504185,Linux
300925504165,Java
300925504126,SQL
300925504095,SQL
300925504095,Linux
300925504094,JavaScript
300925504074,JavaScript
300925503985,JavaScript
300925503985,Linux
300925503458,Python
300925503458,SQL
300925503458,Machine Learning
300925503458,Deep Learning
300925503458,NLP
300925502400,Excel
300925501116,SQL
300925501076,Linux
300925500757,Linux
300925500520,GCP
300925500520,Git
300925500326,SQL
300925500287,Linux
300925500181,Java
300925500180,Java
300925500137,Excel
300925029940,Java
300925029831,SQL
300925029831,Azure
300925029831,Spark
300925029831,Databricks
300925029831,Git
300925029676,Java
300925029602,Java
300925024481,SQL
300925024481,Java
300925024253,AWS
300925022051,Python
300925022051,SQL
300925022051,Excel
300925021142,JavaScript
300925017859,Java
300925017718,Java
300925017718,JavaScript
300925016175,Excel
300925015549,SQL
300925015227,Azure
300925015227,Kubernetes
300925014485,Linux
300925011034,Power BI
290925926282,JavaScript
290925926261,Java
290925926085,Python
290925926079,Python
290925926077,Python
290925926077,SQL
290925926065,Python
290925926065,Java
290925926054,Python
290925926054,AWS
290925926054,GCP
290925926054,Deep Learning
290925926032,SQL
290925925983,Python
290925925866,Python
290925925866,Java
290925925846,SQL
290925925837,Java
290925925829,Java
290925925754,Java
290925925740,Python
290925925653,Python
290925925644,Python
290925925633,SQL
290925925633,Azure
290925925608,SQL
290925925604,React
290925925576,Java
290925925572,Java
290925925519,Python
290925925519,Machine Learning
290925925519,Deep Learning
290925925517,Python
290925925513,SQL
290925925497,Python
290925925487,Power BI
290925925487,Tableau
290925925482,Python
290925925482,Azure
290925925476,JavaScript
290925925431,Cybersecurity
290925925253,Excel
290925925252,Excel
290925925251,Excel
290925925250,Excel
290925925238,SQL
290925925236,Python
290925925234,Python
290925925186,Python
290925925186,Java
290925925185,Python
290925925185,Java
290925925159,JavaScript
290925925132,Python
290925925132,Azure
290925925105,Python
290925925095,Java
290925925086,Cybersecurity
290925925066,Azure
290925925066,Git
290925925032,JavaScript
290925925032,React
290925924982,Power BI
290925924982,Azure
290925924934,AWS
290925924934,Azure
290925924934,Spark
290925924934,Kubernetes
290925924924,Azure
290925924906,SQL
290925924906,AWS
290925924906,Docker
290925924906,Kubernetes
290925924893,Python
290925924840,SQL
290925924840,JavaScript
290925924727,React
290925924697,Python
290925924697,Java
290925924642,Git
290925924642,JavaScript
290925924577,Power BI
290925924516,SQL
290925924516,Azure
290925924483,JavaScript
290925924462,Python
290925924462,Java
290925924414,Python
290925924414,Git
290925924402,Azure
290925924342,SQL
290925924342,JavaScript
290925924184,Python
290925924158,JavaScript
290925924106,Python
290925924106,SQL
290925924106,Git
290925924069,JavaScript
290925924068,Docker
290925924068,Kubernetes
290925924068,Java
290925924061,Python
290925924009,JavaScript
290925923891,Python
290925923891,Kubernetes
290925923862,Git
290925923862,JavaScript
290925923862,React
290925923854,AWS
290925923854,Azure
290925923849,Python
290925923848,Python
290925923809,Python
290925923809,AWS
290925923809,GCP
290925923809,Docker
290925923809,Kubernetes
290925923778,Python
290925923745,Power BI
290925923745,Azure
290925923664,Python
290925923625,JavaScript
290925923625,React
290925923618,SQL
290925923608,SQL
290925923603,Git
290925923603,JavaScript
290925923562,SQL
290925923542,Python
290925923531,Python
290925923480,Python
290925923470,Python
290925923464,JavaScript
290925923460,Java
290925923383,Python
290925923383,GCP
290925923369,Python
290925923347,Python
290925923177,Python
290925923177,SQL
290925923177,Java
290925923057,Cybersecurity
290925923056,Cybersecurity
290925923055,Cybersecurity
290925922974,Excel
290925922948,Python
290925922948,Spark
290925922923,Python
290925922919,Python
290925922850,Azure
290925922692,SQL
290925922692,Java
290925922676,Java
290925922615,SQL
290925922612,Python
290925922598,JavaScript
290925922597,Java
290925922596,Java
290925922531,SQL
290925922418,AWS
290925922402,Python
290925922380,Cybersecurity
290925922297,Docker
290925922297,Kubernetes
290925922297,Java
290925922265,SQL
290925922234,Python
290925922234,Java
290925922221,Python
290925922185,Python
290925922139,Java
290925922100,Python
290925922100,Machine Learning
290925922100,NLP
290925922100,Kubernetes
290925922036,Java
290925921984,Python
290925921911,Power BI
290925921715,Python
290925921699,Python
290925921697,JavaScript
290925921674,Python
290925921674,Machine Learning
290925921667,Java
290925921589,Python
290925921588,Python
290925921539,Python
290925921512,Git
290925921512,JavaScript
290925921469,SQL
290925921466,Java
290925921466,React
290925921459,Java
290925921459,JavaScript
290925921383,Cybersecurity
290925921215,SQL
290925921215,Java
290925921214,SQL
290925921214,Java
290925921212,SQL
290925921212,Java
290925921210,SQL
290925921210,Java
290925921207,AWS
290925921207,Azure
290925921164,JavaScript
290925921160,Python
290925921160,Kubernetes
290925921103,SQL
290925921089,SQL
290925921089,Java
290925921072,Python
290925921072,Git
290925921050,JavaScript
290925920765,Kubernetes
290925920657,Java
290925920510,SQL
290925920508,Python
290925920508,AWS
290925920508,Spark
290925920508,Machine Learning
290925920504,Python
290925920497,SQL
290925920497,JavaScript
290925920451,SQL
290925920425,Python
290925920424,SQL
290925919971,SQL
290925919971,Kubernetes
290925919958,Kubernetes
290925919958,Java
290925919925,Python
290925919925,SQL
290925919925,Kubernetes
290925919925,React
290925919915,Kubernetes
290925919915,Java
290925919908,Python
290925919908,Java
290925919883,Linux
290925919853,SQL
290925919853,Power BI
290925919853,Tableau
290925919849,SQL
290925919849,Power BI
290925919849,Tableau
290925919846,SQL
290925919846,Power BI
290925919846,Tableau
290925919841,SQL
290925919841,Java
290925919809,Python
290925919809,SQL
290925919809,Tableau
290925919809,Docker
290925919809,Kubernetes
290925919781,Python
290925919781,SQL
290925919730,Python
290925919730,SQL
290925919709,Java
290925918251,Kubernetes
290925918250,Python
290925917967,Kubernetes
290925917966,Python
290925917966,Kubernetes
290925917966,Java
290925916979,Kubernetes
290925916391,Java
290925916031,Python
290925916031,Machine Learning
290925912919,Python
290925912919,Machine Learning
290925912919,Deep Learning
290925912919,NLP
290925912881,Python
290925912881,Machine Learning
290925912881,Deep Learning
290925912881,NLP
290925910342,Java
290925910271,Java
290925910271,JavaScript
290925910256,Java
290925910256,JavaScript
290925910232,Docker
290925910232,Kubernetes
290925910232,Linux
290925910069,JavaScript
290925910030,Python
290925910030,AWS
290925910030,Docker
290925910030,Kubernetes
290925910030,Linux
290925909827,JavaScript
290925909697,JavaScript
290925909123,Kubernetes
290925909119,Docker
290925909119,Kubernetes
290925908596,Azure
290925908593,Java
290925908556,AWS
290925908556,Docker
290925908556,Kubernetes
290925908553,Kubernetes
290925908265,Python
290925908243,SQL
290925908243,GCP
290925908223,Python
290925908223,SQL
290925908222,Python
290925908222,Machine Learning
290925908222,Deep Learning
290925908206,Python
290925908206,Azure
290925908206,Kubernetes
290925908203,Azure
290925908195,SQL
290925908189,Java
290925908189,JavaScript
290925908169,AWS
290925908169,Azure
290925908104,Python
290925908104,Java
290925908024,SQL
290925908024,GCP
290925908021,SQL
290925907997,SQL
290925907997,AWS
290925907997,Azure
290925907985,Python
290925907939,Java
290925907924,Docker
290925907775,SQL
290925907707,SQL
290925907704,JavaScript
290925907649,Python
290925907649,SQL
290925907640,Python
290925907640,Java
290925907626,Python
290925907626,SQL
290925907626,Java
290925907590,Python
290925907563,Kubernetes
290925907522,Java
290925907494,Azure
290925907292,Azure
290925907290,Python
290925907172,GCP
290925907130,Python
290925907125,Python
290925907125,AWS
290925907125,Machine Learning
290925907125,Deep Learning
290925907115,Python
290925907115,Java
290925907084,Python
290925907084,Java
290925907067,Python
290925907067,AWS
290925907067,Machine Learning
290925907067,Deep Learning
290925907023,SQL
290925907023,Azure
290925906984,Python
290925906960,Python
290925906960,AWS
290925906960,Machine Learning
290925906960,NLP
290925906960,Kubernetes
290925906952,GCP
290925906898,Python
290925906898,Kubernetes
290925906865,React
290925906838,Python
290925906813,Python
290925906785,Python
290925906785,SQL
290925906685,SQL
290925906682,JavaScript
290925906599,Python
290925906585,Python
290925906585,AWS
290925906585,Machine Learning
290925906585,NLP
290925906585,Kubernetes
290925906583,Python
290925906500,Python
290925906449,Python
290925906449,Java
290925905822,Linux
290925904360,Kubernetes
290925904344,Python
290925904344,Machine Learning
290925904343,Machine Learning
290925904343,Deep Learning
290925903178,SQL
290925903178,Power BI
290925901764,Python
290925901764,Machine Learning
290925901764,Deep Learning
290925901702,Python
290925901702,Machine Learning
290925901702,Deep Learning
290925901701,Python
290925901701,Machine Learning
290925901701,Deep Learning
290925901417,Python
290925901417,Machine Learning
290925901417,NLP
290925503223,SQL
290925502657,Git
290925502390,Linux
290925501944,Machine Learning
290925501871,Power BI
290925501685,Python
290925501685,JavaScript
290925501684,Python
290925501565,Excel
290925501562,SQL
290925501558,Excel
290925501530,Excel
290925501506,SQL
290925501473,Java
290925501395,Power BI
290925501377,Python
290925501377,SQL
290925501377,Azure
290925501126,Excel
290925501125,Python
290925501113,Kubernetes
290925501113,Java
290925500972,Python
290925500972,Power BI
290925500971,Python
290925500970,SQL
290925500460,Excel
290925500459,Excel
290925500313,JavaScript
290925500205,Machine Learning
290925500203,Machine Learning
290925500174,Linux
290925500123,SQL
290925500123,Git
290925500123,Linux
290925027304,SQL
290925027304,Tableau
290925023933,SQL
290925023933,Power BI
290925023240,SQL
290925023240,AWS
290925023240,Git
290925023240,React
290925019539,Python
290925019539,GCP
290925018387,Python
290925018387,Azure
290925018369,Python
290925018369,Azure
290925018369,Kubernetes
290925018329,Python
290925018329,Azure
290925014220,Linux
290925014185,SQL
290925012614,SQL
290925012094,Java
290925010445,Linux
290925010121,Excel
290925010078,Python
290925010078,SQL
290925010078,Power BI
290925006328,Python
290925006328,Kubernetes
290925006328,Linux
290925006294,Java
290925006294,React
290925006065,SQL
290925006065,Excel
270925011680,Excel
270925008481,Python
270925008481,AWS
270925008438,Excel
270925007271,SQL
270925007271,Java
260925929769,Power BI
260925929745,Cybersecurity
260925929545,Java
260925929381,Java
260925929261,Python
260925929261,Azure
260925929175,Cybersecurity
260925929129,Python
260925929129,AWS
260925929070,Python
260925928850,Python
260925928783,Spark
260925920376,Python
260925920376,Machine Learning
260925920376,Deep Learning
260925920376,NLP
260925920333,Excel
260925503758,SQL
260925503758,AWS
260925503723,Linux
260925502482,Python
260925502482,Power BI
260925502434,Azure
260925502429,Azure
260925502429,Kubernetes
260925502428,Kubernetes
260925502428,Git
260925502339,Python
260925502339,Machine Learning
260925502339,NLP
260925502202,Python
260925502202,Git
260925501184,Power BI
260925501155,Linux
260925500724,Excel
260925500398,GCP
260925500395,Excel
260925500394,Linux
260925500118,Linux
260925500020,Power BI
260925031801,Python
260925031801,React
260925031776,Git
260925031776,JavaScript
260925031776,React
260925031751,Python
260925031724,Python
260925031685,Python
260925031608,JavaScript
260925031608,React
260925030839,SQL
260925030136,Python
260925026115,JavaScript
260925020875,Java
260925019622,Java
260925019622,React
260925015418,Azure
260925015418,Linux
260925011415,Python
260925010410,Python
260925009100,Linux
260925006188,AWS
260925006188,Azure
260925006188,GCP
260925006188,Java
260925000044,Python
260925000044,SQL
250925509286,AWS
250925507537,AWS
250825005623,Python
250625010894,Python
250424011750,Excel
240925927383,Python
240925927383,AWS
240925927383,Kubernetes
240925927383,Java
230925038143,SQL
230925038143,Power BI
230925038143,Excel
230925036678,Java
230925022321,AWS
230925022321,Java
230725011699,Linux
230525030853,JavaScript
200825014465,Excel
200325010162,Python
181124007161,Java
180925029994,Excel
180925017199,Python
180625013635,Excel
150825010121,AWS
150825010121,Java
80625002626,Linux
40625017591,Power BI
40625017591,Machine Learning
40625017591,NLP
31025914380,Python
31025914380,SQL
31025914380,Spark
31025912215,Python
31025912215,Azure
31025912214,Python
31025912214,SQL
31025912214,Tableau
31025912204,Tableau
31025912203,Python
31025912203,SQL
31025912203,Power BI
31025912203,Excel
31025911808,Python
31025911808,SQL
31025910455,Python
31025910446,SQL
31025909971,Python
31025909971,AWS
31025909971,Machine Learning
31025909971,Kubernetes
31025909961,Python
31025909961,SQL
31025909952,AWS
31025909952,Azure
31025909952,Git
31025909944,Docker
31025909944,Kubernetes
31025909944,Git
31025909941,Python
31025909941,Power BI
31025909941,Machine Learning
31025909939,SQL
31025909939,Git
31025909939,Java
31025909938,Java
31025909908,Java
31025909848,Java
31025909812,Python
31025909812,SQL
31025909812,Git
31025909812,JavaScript
31025909784,Java
31025909778,JavaScript
31025909778,React
31025909732,Python
31025909732,Machine Learning
31025909715,Python
31025909715,Machine Learning
31025909692,Java
31025909679,Java
31025909665,Python
31025909665,SQL
31025909665,Azure
31025909665,Databricks
31025909665,Machine Learning
31025909665,NLP
31025909652,SQL
31025907342,Excel
31025907218,AWS
31025907218,Kubernetes
31025907218,JavaScript
31025907217,JavaScript
31025907216,Java
31025907215,Java
31025907214,SQL
31025907214,Java
31025907213,Java
31025907210,Java
31025907209,JavaScript
31025907207,SQL
31025907206,SQL
31025907206,Git
31025907206,Java
31025907204,Excel
31025907203,SQL
31025907202,Java
31025907201,Azure
31025907201,GCP
31025907201,Databricks
31025907200,Python
31025907199,Python
31025907199,Kubernetes
31025907199,Java
31025907197,Java
31025907197,JavaScript
31025907196,Java
31025907174,SQL
31025500474,Excel
31025500110,SQL
31025500056,Linux
31025500051,JavaScript
31025019593,Excel
31025019551,Excel
31025014416,Python
31025014416,SQL
31025007802,Git
31025007802,Java
31025007712,Docker
31025007712,Kubernetes
31025006720,Linux
31025006507,Java
31025003627,SQL
11025922156,AWS
11025922156,Kubernetes
11025922155,Python
11025922155,Git
11025922155,Java
11025922155,React
11025922154,Python
11025922154,Machine Learning
11025922154,Kubernetes
11025922150,AWS
11025922150,Azure
11025922150,Git
11025922149,Java
11025922148,Java
11025922147,JavaScript
11025922145,SQL
11025922145,Java
11025922144,Java
11025922143,Java
11025922140,SQL
11025922140,Azure
11025922139,Java
11025922139,JavaScript
11025922138,SQL
11025922137,Java
11025922137,JavaScript
11025922136,Java
11025922135,Java
11025922132,Kubernetes
11025922132,JavaScript
11025922110,Python
11025922110,SQL
11025922110,AWS
11025922110,Azure
11025922110,Databricks
11025922110,Machine Learning
11025921547,Python
11025921547,Git
11025921542,SQL
11025921542,Excel
11025921538,Java
11025921536,Java
11025921535,Git
11025921535,Java
11025921528,SQL
11025921528,Java
11025921527,Python
11025921523,SQL
11025921523,Java
11025921522,Java
11025921518,Java
11025921518,JavaScript
11025921515,SQL
11025921511,Kubernetes
11025921511,JavaScript
11025921497,Python
11025921497,Machine Learning
11025921497,NLP
11025921496,Python
11025921496,Kubernetes
11025920435,Java
11025920434,Python
11025920434,Spark
11025920434,Machine Learning
11025920434,Kubernetes
11025920431,Java
11025920430,SQL
11025920430,Java
11025920429,Java
11025920426,SQL
11025920422,Python
11025920422,Kubernetes
11025920422,Java
11025920418,Python
11025920418,SQL
11025920418,Spark
11025920417,SQL
11025920411,Java
11025920411,JavaScript
11025920410,Python
11025920410,AWS
11025920410,JavaScript
11025920409,Java
11025920191,AWS
11025920191,GCP
11025920191,Kubernetes
11025920177,Python
11025920177,JavaScript
11025920177,React
11025919988,Java
11025919988,JavaScript
11025919185,Excel
11025910717,Azure
11025910715,Python
11025910714,Python
11025910714,Kubernetes
11025910714,JavaScript
11025910713,Python
11025910712,Python
11025910712,Kubernetes
11025503816,Machine Learning
11025503585,Excel
11025502977,Excel
11025502773,Git
11025502773,JavaScript
11025502133,Docker
11025501684,AWS
11025501684,Machine Learning
11025501572,Git
11025501487,SQL
11025501487,AWS
11025501386,Excel
11025501122,SQL
11025501013,JavaScript
11025500203,Excel
11025022417,React
11025021911,Excel
11025021846,Generative AI
11025021846,JavaScript
11025021846,React
11025021266,Python
11025021266,SQL
11025021266,Machine Learning
11025021266,Java
11025020896,SQL
11025020896,Java
11025020349,Cybersecurity
11025020265,Generative AI
11025020265,Java
11025020265,React
11025019391,Java
11025019324,AWS
11025019324,Java
11025014549,Python
11025014549,SQL
11025012560,Excel
10725029563,SQL
260925500161,Linux
260925013882,Python
260925013882,Azure
260925013882,Spark
250925001460,Excel
290925027407,Python
290925027407,Excel
31025019180,Python
31025019180,SQL
31025019180,Spark
31025002928,SQL
31025002928,Java
11025500565,SQL
11025023784,Java
300925024905,Java
110725913822,AWS
110725913822,GCP
110725913822,Docker
110725913822,Kubernetes
110725913818,Docker
110725913818,Java
110725913817,Java
31025915179,Python
31025915179,SQL
31025915179,Kubernetes
31025915179,Java
31025915178,Docker
31025915178,Kubernetes
31025915178,JavaScript
31025915177,Python
31025915177,SQL
31025915177,Azure
31025915176,Python
31025915176,Azure
31025915176,Kubernetes
31025915174,Azure
31025915174,Kubernetes
31025915174,Java
31025915174,Linux
11025023846,Python
11025023846,SQL
11025023846,AWS
11025023398,SQL
11025023398,AWS
11025023398,Java
11025023398,React
290925021041,Excel
270925010669,SQL
270925010669,Power BI
270925010669,Excel
270925009474,Excel
230925916270,SQL
230925916270,Tableau
230925027393,Python
230925027393,SQL
230925027393,Power BI
230925027393,Tableau
31025919412,JavaScript
31025919412,React
31025919226,JavaScript
31025919226,React
31025913675,Cybersecurity
31025913675,Linux
31025011038,AWS
31025011038,Kubernetes
31025008517,Machine Learning
31025008495,Machine Learning
31025007481,Excel
11025911932,AWS
11025911932,Java
11025910201,GCP
11025910201,Docker
11025910201,JavaScript
11025909878,GCP
11025909878,JavaScript
11025022853,JavaScript
11025022853,React
11025021012,Azure
11025021012,Docker
300925029873,Spark
300925029873,Java
300925024451,Java
300925019306,GCP
300925019306,Kubernetes
300925019306,Git
300925014187,Java
300525017673,Java
300525017673,JavaScript
290925918523,AWS
290925918523,Azure
290925918523,GCP
290925917622,Python
290925917622,AWS
290925902345,JavaScript
290925901807,Azure
290925901807,Kubernetes
290925500868,SQL
290925500665,SQL
290925024435,Python
290925024435,SQL
290925024435,AWS
290925024435,Machine Learning
290925018156,Python
290925018156,GCP
290925014715,Python
290925014715,Machine Learning
290925014715,Deep Learning
290925008547,SQL
290925008547,Azure
290925004663,Linux
290825031305,Java
280925004918,SQL
270925008473,SQL
270925005469,Python
270925005469,AWS
270925005469,Azure
270925005469,Generative AI
260925923131,JavaScript
260925908665,SQL
260925908571,SQL
260925031257,AWS
250925017612,AWS
250925017612,Machine Learning
250925009664,Git
250925009664,Linux
250925000596,Azure
250925000596,Git
240925025413,AWS
240925025413,Databricks
240925024825,Azure
240925024825,Kubernetes
240925010941,Azure
240925010941,Databricks
240925010941,Machine Learning
240925010941,NLP
240925010941,Generative AI
230925020271,SQL
230925020271,Java
210825019412,Git
210825019412,Java
120825034965,Java
100625023131,Java
50925028227,Python
50925028227,NLP
50925028227,Generative AI
31025017558,Generative AI
20425017272,Python
20425017272,SQL
20425017272,Tableau
11025009249,Git
11025009249,React
300925028453,SQL
300925020327,Python
300925020327,Docker
300925020327,Kubernetes
300925020327,Java
300925018658,Python
300925018658,SQL
300925018658,AWS
300925018658,Machine Learning
300925010586,Power BI
300925010586,Tableau
290925914964,AWS
290925914964,Azure
290925914964,GCP
290925902781,Java
290925901741,SQL
290925027855,Python
290925027103,Python
290925024753,Python
290925024753,SQL
290925024753,AWS
290925024753,Machine Learning
290925024639,Python
290925024639,SQL
290925024639,AWS
290925024639,Machine Learning
290925024302,SQL
290925023081,SQL
290925023081,Spark
290925020570,SQL
290925020570,Spark
290925020570,Java
290925019410,SQL
290925013014,GCP
290925009321,Spark
290925009321,Java
290925006619,Azure
290825021854,Python
290825021854,GCP
290825021854,Machine Learning
260925923124,JavaScript
260925923124,React
260925912831,Docker
260925912831,Linux
260925912823,Python
260925912823,Java
260925911306,Python
260925911306,AWS
260925911306,Kubernetes
260925911295,Python
260925911295,Machine Learning
260925911295,Deep Learning
260925911207,Python
260925911207,Java
260925908683,Python
260925908683,SQL
260925908682,Git
260925908682,Java
260925908681,Kubernetes
260925908638,Python
260925908638,Java
260925501274,SQL
260925501274,Spark
260925500942,SQL
260925007931,Python
260925007931,SQL
260925007931,Tableau
250925038451,SQL
250925035523,Java
250925035523,JavaScript
250925031699,Python
250925031699,Azure
250925031699,JavaScript
250925031699,React
250925015382,Python
240925029028,Azure
240925020218,AWS
240925020218,Kubernetes
240925019883,Python
240925019883,AWS
230925027465,SQL
230925027465,Power BI
160925024097,SQL
160925024097,Java
160925024097,JavaScript
160925023679,SQL
160925023679,Java
150925010180,JavaScript
150925010180,React
110725017818,SQL
110725017818,Java
100925022568,SQL
100625010322,Python
70425007037,Docker
50925024462,Java
50925024462,React
50925023808,JavaScript
50925023808,React
50925020975,Java
50825018820,Python
50825018820,Machine Learning
50825018820,Generative AI
31025915777,Docker
31025915237,SQL
31025915237,Azure
31025915237,Java
31025915237,React
31025915075,SQL
31025915075,Azure
31025915075,Java
31025915075,React
31025011479,JavaScript
11025503616,Python
11025503616,SQL
11025013151,Python
300925925463,Azure
300925925463,Generative AI
300925013058,AWS
300925013058,Azure
300925013058,Docker
300925013058,Kubernetes
290925919060,Tableau
290925018473,Python
290925018473,Machine Learning
290925018473,Generative AI
250925507369,JavaScript
250925018491,AWS
250925018491,Java
250925015808,Java
250925015808,JavaScript
250925006585,AWS
250925006585,Java
250925006585,React
230925501104,JavaScript
230925500580,SQL
230925500580,Git
210825041559,SQL
170925042018,JavaScript
40925026356,Java
31025501251,Python
31025501251,SQL
31025501251,Power BI
31025018244,SQL
31025018244,Power BI
31025018244,Azure
31025018244,GCP
20925029162,Java
11025020482,SQL
11025020482,GCP
11025019820,SQL
300925500496,SQL
300925500496,GCP
300925500496,Machine Learning
300925500496,Deep Learning
300925500496,Git
300925026811,Java
290925920688,SQL
290925920688,Java
290925015826,Java
260925927865,Python
260925927865,Azure
260925927865,Spark
260925927865,Databricks
260925924192,SQL
260925924192,Azure
260925924192,JavaScript
260925923921,Azure
260925923831,SQL
260925923831,AWS
260925923741,Azure
260925921045,Python
260925921045,AWS
260925921045,Java
260925920962,AWS
260925920410,SQL
260925920410,Java
260925919941,Azure
260925919941,Spark
260925919941,Databricks
260925919736,Azure
260925919344,Python
260925919344,Machine Learning
260925919261,Azure
260925500996,JavaScript
250925917843,Python
250925917842,Python
250925917842,SQL
250925917839,Python
250925917839,AWS
250925916248,Python
250925916248,AWS
250925916248,Azure
250925916248,GCP
250925916247,Python
250925916247,Azure
250925916245,SQL
250925916245,AWS
250925916240,Power BI
250925916240,JavaScript
250925916197,Power BI
250925914963,Python
250925914963,Power BI
250925914962,Python
250925914962,SQL
250925914962,Power BI
250925914957,Python
250925913778,Python
250925913776,Python
250925913776,AWS
250925913775,Python
250925913775,SQL
250925913771,Python
250925913771,Tableau
250925913769,Tableau
250925913768,Python
250925913768,Kubernetes
250925913768,Linux
250925912451,Python
250925912449,Python
250925912449,SQL
250925912449,Power BI
250925912449,Java
250925912447,AWS
250925911606,Python
250925911606,Machine Learning
250925911606,Java
250925911604,Python
250925911604,Power BI
250925911604,Tableau
250925911603,Python
250925911603,AWS
250925911603,Java
250925911600,Python
250925911600,Azure
250925911596,Python
250925911596,AWS
250925911596,Kubernetes
250925911596,Git
250925911584,SQL
250925911584,Tableau
250925911384,Python
250925911383,SQL
250925911383,Power BI
250925035325,Power BI
250925017459,Azure
250925012710,Azure
250925010876,Python
250925010876,Git
240925503765,Excel
240925501867,JavaScript
230925935990,Java
230925935982,SQL
230925935944,SQL
230925935944,Tableau
230925913101,Docker
230925500418,SQL
230925026564,Azure
230925021718,SQL
180925028520,JavaScript
180925028520,React
180825022924,SQL
180825022924,Java
50925021666,JavaScript
50925021666,React
31025916253,Azure
31025916253,Java
31025915326,Python
31025915326,Tableau
31025909895,Python
31025909895,Kubernetes
31025909895,JavaScript
31025909895,React
31025909805,Python
31025909805,Linux
31025909766,Python
31025909766,SQL
31025909766,Docker
31025909766,Kubernetes
31025909766,Java
31025909693,Python
31025909693,Linux
31025909552,Python
31025909552,AWS
31025909552,Kubernetes
31025909512,Python
31025909512,SQL
31025909512,Docker
31025909512,Kubernetes
31025908710,Python
31025908710,Kubernetes
31025908709,Python
31025908701,Python
31025908701,Docker
31025908701,Kubernetes
31025908694,Python
31025908694,Linux
31025908669,Linux
31025502131,Excel
31025501252,Docker
31025501252,Kubernetes
31025501252,Java
31025501250,Python
31025501250,SQL
31025501250,Excel
31025501249,Azure
31025501248,Python
31025501247,SQL
31025501247,Java
31025501245,Python
31025501245,Kubernetes
31025501240,Azure
31025501239,Python
31025501239,Azure
31025501239,Linux
31025501238,SQL
31025501238,Java
31025501236,Python
31025501236,SQL
31025501236,JavaScript
31025501235,Docker
31025501234,Python
31025501234,Azure
31025501233,SQL
31025501233,Kubernetes
31025501233,Java
31025501226,SQL
31025501223,Python
31025501222,Python
31025501222,Machine Learning
31025501222,NLP
31025501165,Linux
31025500332,JavaScript
31025019832,AWS
31025019832,Azure
31025019832,Spark
31025019832,Databricks
31025012461,SQL
31025012461,React
31025007724,Python
31025007724,Machine Learning
31025007724,Deep Learning
31025007724,NLP
31025006973,Java
31025005730,React
31025002463,Kubernetes
11025923037,SQL
11025921604,Python
11025921604,SQL
11025921604,AWS
11025921604,Azure
11025921467,Kubernetes
11025921424,Python
11025502863,JavaScript
11025502760,Git
11025502760,JavaScript
11025502684,Python
11025502684,SQL
11025502613,Git
11025500724,Linux
11025022228,Python
11025022228,Azure
11025018847,Python
11025018847,SQL
11025018847,Power BI
11025018847,Tableau
11025018847,Excel
11025015127,Python
11025015127,Spark
11025015127,Java
250925930292,AWS
250925916252,Python
250925916252,Kubernetes
250925916252,Linux
250925916246,Python
250925916246,Azure
250925916246,Kubernetes
250925914729,Python
250925914729,AWS
250925914729,Kubernetes
250925914728,Python
250925914728,SQL
250925914728,AWS
250925914728,Java
250925914728,JavaScript
250925913772,Python
250925913611,Python
250925500861,SQL
250925500861,Machine Learning
250925500861,JavaScript
240925501827,Excel
230925935986,SQL
230925935986,Java
230925935979,AWS
230925935979,Kubernetes
230925935978,Java
230925935977,Azure
230925935969,Java
230925935968,Python
230925935968,Kubernetes
230925935968,Java
230925935965,Java
230925935965,JavaScript
230925935962,SQL
230925935962,Java
230925935957,Java
230925935957,JavaScript
230925935956,Python
230925935956,AWS
230925935956,Docker
230925935956,Kubernetes
230925935954,AWS
230925935954,Azure
230925935954,GCP
230925935954,Docker
230925935954,Kubernetes
230925935946,AWS
230925935943,AWS
230925935939,SQL
230925935939,JavaScript
230925931603,Linux
230925931598,Java
230925931598,Linux
230925931596,Python
230925931596,AWS
230925931596,Kubernetes
230925931596,Java
230925931593,Python
230925931593,Kubernetes
230925931592,Python
230925931592,AWS
230925931592,Kubernetes
230925931592,Java
230925931590,Python
230925931590,Machine Learning
230925931590,Kubernetes
230925024072,Python
230925024072,React
290925021904,Azure
240925910561,Cybersecurity
250925923679,SQL
250925923679,Azure
250925923679,Git
250925923304,SQL
250925923303,Python
250925923303,AWS
250925923303,Generative AI
250925918828,JavaScript
250925918027,JavaScript
250925917794,AWS
250925917794,Azure
250925917794,GCP
250925916110,SQL
250925916110,Java
250925023593,SQL
250925023593,Azure
240925930345,JavaScript
230925936667,Docker
230925936667,Kubernetes
230925936667,Git
230925934279,GCP
230925934279,NLP
230925934279,Generative AI
230925926489,SQL
230925037360,Java
230925026434,Java
230925023105,Cybersecurity
210525930248,AWS
210525930248,Azure
210525930248,Java
300925023002,Java
230925026829,Java
170225007259,SQL
170225007259,Linux
120925027807,SQL
100925019249,SQL
100725022396,Java
100725022396,JavaScript
100225017352,Python
100225017352,Java
90925020347,Java
90325002193,SQL
90325002193,Power BI
90325002193,Tableau
90325002117,SQL
90325002117,Azure
60825035558,SQL
60825035558,Java
30925034646,Python
30925034646,AWS
30925034646,Git
30925034646,Java
300925504977,Linux
300925500916,SQL
300925018075,Power BI
290925926648,Power BI
290925926641,Python
290925926640,Python
290925926640,SQL
290925926639,Python
290925926639,SQL
290925501824,Python
290925501824,SQL
290925501824,Power BI
290925501824,Azure
290925027589,Excel
290925027544,Excel
290925015001,Python
290925015001,SQL
290925015001,Power BI
290925015001,Tableau
290925015001,Excel
290925009482,SQL
290925009482,Java
290925009482,JavaScript
290925009482,React
290425013366,SQL
260925503663,Git
260925500690,Python
260925500690,Git
260925500690,JavaScript
260925018459,Azure
260925018459,Cybersecurity
260925014663,Power BI
260925014663,Excel
260925012901,Linux
240925501791,Git
240925017763,Machine Learning
240925017763,Deep Learning
240925017763,NLP
240925017763,Generative AI
210825028098,Java
210825028098,React
120625017636,AWS
120625017636,Spark
120625017636,Databricks
110925037791,Azure
110925037791,Cybersecurity
110925030456,Cybersecurity
110925017520,Cybersecurity
100925033766,Python
100925033766,SQL
90925019953,Cybersecurity
90925013606,Linux
51124005508,Java
50925008250,Python
50925008250,SQL
40925002146,SQL
31025502520,Python
31025502363,Linux
31025502258,Linux
31025501671,Excel
31025018050,SQL
31025015716,Excel
31025012377,Excel
31025010045,Python
31025010045,SQL
31025009854,Python
31025009854,SQL
31025009854,Generative AI
11025501700,Excel
11025500753,Excel
11025023637,Excel
11025019987,Excel
11025016064,SQL
11025016037,SQL
11025015972,SQL
11025012665,Excel
11025011583,Excel
300925500805,JavaScript
240925502487,Machine Learning
290825020837,SQL
290125010032,Java
240925502542,Machine Learning
240925501813,Machine Learning
240925019186,SQL
240925019186,Java
230925037393,Python
210325020008,SQL
140325007865,Python
90925013864,Java
70325019893,Java
40725018894,Python
40725018894,Machine Learning
40725018894,Docker
40725018894,Kubernetes
40425021664,Java
11025918558,Python
11025918558,SQL
11025918558,Power BI
11025918558,Tableau
11025501015,JavaScript
310725017148,Java
310325002041,Java
300925500681,SQL
300925500660,Power BI
300925010333,AWS
300925010333,Kubernetes
300925009752,Spark
300625024794,Java
300425017302,Java
290925502394,Python
290925502394,SQL
290925502394,Machine Learning
290925012572,Azure
290925004963,Azure
280825005829,Linux
260925031980,Java
260325018749,Java
251124009387,Java
250925507699,JavaScript
250925032734,JavaScript
250925023382,Java
250925018536,Java
250925017860,JavaScript
250925011032,Python
250925011032,Machine Learning
250925011032,Generative AI
250925000927,AWS
250925000927,Kubernetes
250825017854,Python
250825017854,SQL
250825017854,Docker
250825017854,Git
250825008231,JavaScript
250825001192,Java
240925035688,Azure
240925035688,Java
240925034450,React
240925030832,Azure
240925030832,React
240925028217,AWS
240925028217,Docker
240925028217,Kubernetes
240925028217,Java
240925020328,Linux
240925017815,Python
240925016330,Linux
240925015052,Java
240625025518,Python
230925920416,JavaScript
230925920416,React
230925504163,JavaScript
230925037387,Java
230925033421,SQL
230925032977,Python
230925031649,Java
230925030063,Java
230925030063,React
230925025392,Java
230925025392,React
230925024441,Python
230925024441,Spark
230925017955,Java
230925017955,React
230925015720,AWS
230925015720,Java
230925014563,Azure
230925014563,Spark
230925014563,Databricks
230925013993,Python
230925013821,Linux
230925013090,Python
230925013090,Docker
230925013090,Kubernetes
230625016463,Java
230625015300,AWS
230625015300,Kubernetes
200625029187,Java
200325013748,Java
191224004516,SQL
180325014520,Java
170725023007,Java
160925034451,SQL
160925019228,JavaScript
160925019228,React
150525005135,Java
140825022400,Java
140525020598,Java
140525004732,Java
130825032367,Python
130825032367,Generative AI
120925027523,Linux
120925027442,Java
120925027442,React
120925020073,GCP
110925035036,Python
110925035036,Spark
110925035036,Java
110325017475,Java
90925028414,Java
90925013739,Java
90625019301,Java
90625016333,Java
90625015061,Python
90625014727,Java
90425016110,Java
70825013563,Python
70825013563,SQL
70225010182,Java
50925011233,SQL
50925009905,Java
50725000060,Python
50725000060,Spark
40725032478,GCP
40325019113,SQL
31025500478,Java
31025015650,Python
31025015650,Spark
31025005861,Java
31025005861,React
31025003024,AWS
31025003024,Java
30925016533,AWS
30925016533,Kubernetes
30925016533,Java
30925016533,React
11025918550,SQL
11025500028,SQL
11025024005,Python
11025024005,SQL
11025024005,AWS
11025024005,Azure
11025024005,Spark
11025024005,Databricks
11025022404,Power BI
10825025961,Linux
10425017547,Java
300925918045,Python
300925918045,SQL
300925918039,Python
300925918039,JavaScript
300925918020,Python
300925918020,NLP
300925918020,JavaScript
300925918015,Python
300925918015,SQL
300925918015,Tableau
300925918015,Machine Learning
300925918003,Python
300925918003,SQL
300925504438,Git
300925504438,JavaScript
300925504317,Git
300925504134,Linux
300925503904,Excel
300925503840,Git
300925503814,SQL
300925503814,Machine Learning
300925502897,Python
300925502823,AWS
300925502729,Linux
300925502580,Python
300925502578,Python
300925502577,Machine Learning
300925502565,JavaScript
300925502561,Git
300925502553,JavaScript
300925501010,Python
300925500803,AWS
300925500803,Spark
300925500803,Git
300925500798,SQL
300925500584,Linux
300925500402,AWS
300925030749,SQL
300925027569,Python
300925025457,SQL
300925025457,AWS
300925025001,SQL
300925025001,AWS
300925024996,SQL
300925022686,Excel
300925021189,Python
300925021189,Machine Learning
300925021189,NLP
300925021189,JavaScript
300925020862,SQL
300925020862,AWS
300925020862,React
300925018660,JavaScript
300925018660,React
300925018202,Azure
300925018202,Docker
300925018202,Git
300925018202,Java
300925018202,JavaScript
300925017325,Excel
300925013750,Python
300925013221,Excel
300925011962,JavaScript
300925011962,React
290925926547,Python
290925926545,Python
290925926545,AWS
290925926545,Azure
290925926545,GCP
290925926544,AWS
290925926544,Kubernetes
290925926544,JavaScript
290925926543,AWS
290925926543,Kubernetes
290925926541,Python
290925926541,Machine Learning
290925920254,Linux
290925916623,Excel
290925916517,Excel
290925909569,Cybersecurity
290925909555,Azure
290925909555,Kubernetes
290925909554,Power BI
290925903084,Excel
290925903082,Python
290925502614,Python
290925502614,Linux
290925502388,SQL
290925502388,Linux
290925501954,GCP
290925501954,Linux
290925501771,SQL
290925501633,Git
290925501631,JavaScript
290925501627,Python
290925501627,SQL
290925501627,JavaScript
290925501426,Azure
290925501300,Linux
290925501060,Excel
290925501058,Excel
290925501057,Python
290925501057,Kubernetes
290925500496,JavaScript
290925500478,Linux
290925500372,Python
290925500307,SQL
290925500130,JavaScript
290925500124,Machine Learning
290925500121,JavaScript
290925022826,Cybersecurity
290925009655,Azure
290925004630,Excel
290825007229,Python
290725020010,JavaScript
280825018175,Power BI
280624005617,Java
280425020779,Java
280425020779,React
280425012376,Python
280425012376,Kubernetes
280425012376,Linux
270925005266,Excel
270925004973,Machine Learning
270925004973,Deep Learning
270925004650,Java
270925004650,JavaScript
270925004650,React
270625010429,Java
260925914733,Azure
260925914732,Python
260925914732,AWS
260925914732,Azure
260925914732,Kubernetes
260925911978,AWS
260925911978,Azure
260925911978,GCP
260925910465,Python
260925910465,SQL
260925909354,Power BI
260925908704,Azure
260925908704,Java
260925908704,React
260925908468,AWS
260925908468,Azure
260925908325,Python
260925908325,Azure
260925908325,Databricks
260925908324,JavaScript
260925503768,Linux
260925503468,Linux
260925502572,Python
260925502572,Azure
260925502572,Spark
260925502571,SQL
260925502571,Azure
260925502571,Kubernetes
260925502191,Git
260925502146,Java
260925501044,JavaScript
260925500871,JavaScript
260925500770,GCP
260925500763,Machine Learning
260925500763,Deep Learning
260925500100,JavaScript
260925500099,Power BI
260925500098,GCP
260925500098,Git
260925500092,Linux
260925500090,Linux
260925031881,Excel
260925030862,Excel
260925028401,Python
260925028401,SQL
260925027498,Python
260925027498,SQL
260925027498,Java
260925023748,Java
260925023091,Java
260925015691,Linux
260925011186,Java
260925009954,Python
260824002983,SQL
250925930360,Python
250925930360,NLP
250925930360,Java
250925929962,SQL
250925929962,Java
250925929960,SQL
250925929960,Tableau
250925929960,Machine Learning
250925929957,Azure
250925929957,Git
250925929955,Python
250925929955,SQL
250925929955,Azure
250925929953,Python
250925929952,Python
250925929952,Power BI
250925929943,Python
250925929940,Kubernetes
250925929940,Java
250925929940,Linux
250925929938,Python
250925929938,SQL
250925929903,Python
250925929899,Python
250925929899,Java
250925929897,Python
250925929897,Machine Learning
250925929897,Deep Learning
250925929897,Kubernetes
250925929887,SQL
250925929880,Python
250925929877,Power BI
250925929874,AWS
250925929874,Git
250925929874,React
250925929872,Git
250925929871,Git
250925929871,JavaScript
250925929871,React
250925929869,Git
250925929868,Git
250925929865,Python
250925929864,Python
250925929864,AWS
250925929864,Kubernetes
250925929862,JavaScript
250925929859,Python
250925929859,SQL
250925929859,Git
250925929859,Java
250925929857,SQL
250925929844,Java
250925929839,Java
250925929828,JavaScript
250925929824,Python
250925929824,AWS
250925929823,Python
250925929819,SQL
250925929792,Python
250925929786,SQL
250925929755,Azure
250925929753,Python
250925929752,Python
250925929752,Azure
250925929752,Kubernetes
250925929737,JavaScript
250925929735,Python
250925929726,Python
250925929726,Tableau
250925929726,Machine Learning
250925929724,NLP
250925929724,Kubernetes
250925929723,Deep Learning
250925929721,AWS
250925929721,Azure
250925929719,Python
250925929719,Java
250925929686,Python
250925929683,Python
250925929678,SQL
250925929639,AWS
250925929639,GCP
250925929639,Docker
250925929639,Kubernetes
250925929639,Java
250925929638,Python
250925929638,SQL
250925929638,AWS
250925929615,Java
250925929428,SQL
250925929419,AWS
250925929419,Java
250925929391,Python
250925929391,SQL
250925929373,Cybersecurity
250925929343,Python
250925929343,SQL
250925929336,JavaScript
250925929336,React
250925929332,Azure
250925929287,Docker
250925929285,Python
250925929285,AWS
250925929285,Kubernetes
250925929283,Python
250925929283,SQL
250925929269,Python
250925929269,SQL
250925929259,Cybersecurity
250925929249,Python
250925929246,Python
250925929239,Azure
250925929219,Python
250925929190,Spark
250925924832,Python
250925924832,JavaScript
250925924828,Python
250925924826,Python
250925924826,SQL
250925924816,Python
250925924777,SQL
250925924774,AWS
250925924770,Python
250925924770,AWS
250925924743,Python
250925924743,GCP
250925924735,Python
250925924735,Machine Learning
250925924718,JavaScript
250925924708,JavaScript
250925924688,Python
250925924687,Git
250925924687,JavaScript
250925924686,SQL
250925924686,JavaScript
250925924670,Python
250925924670,Docker
250925924653,Python
250925924653,AWS
250925924653,Git
250925924653,JavaScript
250925924648,Python
250925924648,AWS
250925924648,Azure
250925924648,Kubernetes
250925924598,SQL
250925924598,Git
250925924598,Java
250925924596,Kubernetes
250925924596,Java
250925924596,JavaScript
250925924584,Python
250925924584,SQL
250925924572,Python
250925924572,SQL
250925924572,Tableau
250925924571,Python
250925924571,NLP
250925924555,Azure
250925924555,Databricks
250925924535,Python
250925924535,Machine Learning
250925924535,NLP
250925924525,SQL
250925924525,Excel
250925924522,Python
250925924521,Python
250925924521,Kubernetes
250925924520,Python
250925924520,SQL
250925924520,Java
250925924509,Git
250925924403,Java
250925924400,Java
250925924399,Python
250925924399,Machine Learning
250925924399,Git
250925924392,Python
250925924392,SQL
250925924392,Tableau
250925924388,Python
250925924385,Java
250925924385,JavaScript
250925924358,SQL
250925924321,Python
250925924319,Python
250925924319,SQL
250925924319,Java
250925924318,Azure
250925924317,Java
250925924315,Azure
250925924315,Git
250925924311,Java
250925924303,Python
250925924303,Docker
250925924281,Python
250925924271,SQL
250925924253,Python
250925924253,Linux
250925924252,Python
250925924252,SQL
250925924252,Tableau
250925924245,Java
250925924245,JavaScript
250925924242,JavaScript
250925924241,JavaScript
250925924241,React
250925924239,Git
250925924239,Java
250925924228,Python
250925924228,SQL
250925924228,Power BI
250925924228,Excel
250925924227,Kubernetes
250925924224,JavaScript
250925924216,Python
250925924216,Power BI
250925924216,Tableau
250925924216,Machine Learning
250925924211,SQL
250925924211,JavaScript
250925924199,AWS
250925924199,Kubernetes
250925924191,Python
250925924191,SQL
250925924191,Linux
250925924190,Python
250925924189,Python
250925924189,SQL
250925924189,Machine Learning
250925924182,Python
250925924180,Python
250925924180,Machine Learning
250925924175,Git
250925924173,SQL
250925924173,Java
250925924145,Java
250925924135,SQL
250925924133,Python
250925924133,Git
250925924130,JavaScript
250925924124,Python
250925924124,SQL
250925924113,Python
250925924107,Azure
250925924106,JavaScript
250925924100,Python
250925924098,SQL
250925924098,Azure
250925924064,JavaScript
250925924050,SQL
250925924042,Kubernetes
250925924042,JavaScript
250925924039,SQL
250925924030,SQL
250925924011,Python
250925924011,SQL
250925924010,Python
250925924010,AWS
250925924010,Kubernetes
250925924010,Linux
250925924003,Git
250925923977,Python
250925923977,AWS
250925923977,Kubernetes
250925923927,Python
250925923927,Spark
250925923896,Python
250925923887,Python
250925923864,JavaScript
250925923861,JavaScript
250925923842,Python
250925923830,Java
250925923822,Python
250925923821,JavaScript
250925923818,Azure
250925923799,JavaScript
250925923793,SQL
250925923792,Python
250925923792,Java
250925923785,SQL
250925923784,SQL
250925923777,JavaScript
250925923755,JavaScript
250925923754,JavaScript
250925923745,Python
250925923745,AWS
250925923745,Java
250925923742,Python
250925923733,Git
250925923725,Python
250925923725,JavaScript
250925923721,AWS
250925923721,Kubernetes
250925923720,Python
250925923715,Git
250925923715,Java
250925923683,Python
250925923683,Tableau
250925923683,JavaScript
250925923681,Java
250925923675,GCP
250925923673,SQL
250925923673,Java
250925923649,Azure
250925923636,Python
250925923636,Machine Learning
250925923627,AWS
250925923627,Docker
250925923627,Kubernetes
250925923627,Java
250925923625,JavaScript
250925923622,Azure
250925923619,Machine Learning
250925923619,Kubernetes
250925923604,Linux
250925923597,SQL
250925923594,Python
250925923594,JavaScript
250925923594,React
250925923592,Python
250925923592,Git
250925923569,Azure
250925923569,Databricks
250925923566,SQL
250925923560,Python
250925923560,SQL
250925923553,Python
250925923553,SQL
250925923553,AWS
250925923553,Azure
250925923553,Linux
250925923541,Python
250925923541,Azure
250925923524,Python
250925923523,Power BI
250925923505,Docker
250925923505,Kubernetes
250925923494,Azure
250925923493,JavaScript
250925923493,React
250925923473,Azure
250925923470,SQL
250925923468,Python
250925923467,Python
250925923467,Azure
250925923467,Docker
250925923467,Kubernetes
250925923452,JavaScript
250925923443,GCP
250925923437,JavaScript
250925923427,Java
250925923427,JavaScript
250925923387,SQL
250925923386,Python
250925923384,AWS
250925923384,Docker
250925923384,Kubernetes
250925923380,SQL
250925923380,JavaScript
250925923368,Python
250925923335,SQL
250925923335,AWS
250925923335,Kubernetes
250925923331,Java
250925923327,SQL
250925923324,Python
250925923324,AWS
250925923324,Kubernetes
250925923321,Python
250925923301,Python
250925923282,JavaScript
250925923274,Python
250925923274,Java
250925923270,Python
250925923270,Machine Learning
250925923267,Python
250925923267,Docker
250925923264,Python
250925923264,Git
250925923264,Linux
250925923258,SQL
250925923258,Java
250925923242,Power BI
250925923215,Python
250925923198,NLP
250925923197,Python
250925923185,Machine Learning
250925923176,SQL
250925923176,Azure
250925923172,SQL
250925923152,AWS
250925923152,Azure
250925923146,Python
250925923146,SQL
250925923146,Azure
250925923146,Machine Learning
250925923135,JavaScript
250925923110,SQL
250925923103,Kubernetes
250925923103,Java
250925923099,Python
250925923099,SQL
250925923096,Python
250925923096,SQL
250925923089,Python
250925923081,Python
250925923081,SQL
250925923069,Python
250925923069,SQL
250925923068,JavaScript
250925923064,Python
250925923060,Python
250925923055,SQL
250925923053,Python
250925923040,AWS
250925923034,SQL
250925923021,Java
250925923017,SQL
250925923011,Azure
250925923000,Cybersecurity
250925922996,Python
250925922995,SQL
250925922995,JavaScript
250925922940,GCP
250925922933,SQL
250925922930,Java
250925922923,SQL
250925922908,Java
250925922905,Python
250925922885,Python
250925922866,Java
250925922849,SQL
250925922849,Docker
250925922837,JavaScript
250925922834,Python
250925922829,Java
250925922823,Python
250925922823,Azure
250925922816,JavaScript
250925922810,Python
250925922783,Python
250925922767,Cybersecurity
250925922762,Python
250925922762,AWS
250925922762,Azure
250925922762,Machine Learning
250925922744,AWS
250925922744,Docker
250925922744,Kubernetes
250925922744,Java
250925922739,AWS
250925922732,Python
250925922708,Python
250925922695,Python
250925922695,Git
250925922694,Python
250925922694,Spark
250925922694,Java
250925922674,JavaScript
250925922673,AWS
250925922649,Cybersecurity
250925922629,Azure
250925922612,JavaScript
250925922609,Python
250925922600,Python
250925922600,AWS
250925922585,JavaScript
250925922584,SQL
250925922576,Python
250925922542,Python
250925922542,Git
250925922536,SQL
250925922536,Git
250925922524,Python
250925922506,Python
250925922489,JavaScript
250925922456,Python
250925922452,Python
250925922433,SQL
250925922427,Python
250925922427,Java
250925922427,JavaScript
250925922418,Python
250925922418,Java
250925922417,Python
250925922410,Python
250925922410,SQL
250925922391,SQL
250925922390,Python
250925922389,Java
250925922372,Cybersecurity
250925922371,Java
250925922368,Python
250925922355,Python
250925922355,AWS
250925922336,Kubernetes
250925922336,Git
250925922336,Java
250925922328,Python
250925922328,Java
250925922319,SQL
250925922307,Python
250925922289,Python
250925922289,AWS
250925922256,SQL
250925922248,SQL
250925922247,Java
250925922247,JavaScript
250925922235,JavaScript
250925922229,JavaScript
250925922222,Java
250925922212,Python
250925922212,SQL
250925922212,Machine Learning
250925922212,Java
250925922174,SQL
250925922151,Python
250925922145,Python
250925922133,Cybersecurity
250925922115,Python
250925922113,SQL
250925922101,Python
250925922101,Azure
250925922090,SQL
250925922079,SQL
250925922076,GCP
250925922064,Docker
250925922064,Kubernetes
250925922060,JavaScript
250925922060,React
250925922050,Python
250925922050,Machine Learning
250925922050,Git
250925922044,SQL
250925921994,AWS
250925921989,Python
250925921956,Python
250925921952,Python
250925921952,AWS
250925921911,SQL
250925921911,AWS
250925921898,Python
250925921870,Power BI
250925921870,Tableau
250925921862,Git
250925921859,Python
250925921859,Git
250925921835,Kubernetes
250925921835,Linux
250925921834,Python
250925921834,Power BI
250925921834,Tableau
250925921822,SQL
250925921821,SQL
250925921799,SQL
250925921790,Kubernetes
250925921748,Azure
250925921748,Docker
250925921746,Python
250925921746,Java
250925921733,Azure
250925921733,Cybersecurity
250925921714,Linux
250925921677,React
250925921652,Azure
250925921649,Python
250925921645,AWS
250925921645,Azure
250925921643,Python
250925921643,JavaScript
250925921635,SQL
250925921630,Python
250925921629,Java
250925921629,JavaScript
250925921605,Python
250925921605,Machine Learning
250925921600,SQL
250925921600,JavaScript
250925921598,Git
250925921593,Python
250925921549,SQL
250925921549,Azure
250925921548,SQL
250925921539,Python
250925921539,Deep Learning
250925921539,NLP
250925921478,Python
250925921478,SQL
250925921478,Azure
250925921473,AWS
250925921473,Java
250925921456,SQL
250925921456,Java
250925921445,Java
250925921443,Python
250925921439,Git
250925921387,Python
250925921387,AWS
250925921387,Kubernetes
250925921323,Python
250925921323,Azure
250925921323,Kubernetes
250925921321,SQL
250925921302,Python
250925921297,Python
250925921279,Python
250925921197,SQL
250925921197,Azure
250925921195,Python
250925921195,Machine Learning
250925921194,Java
250925921192,Python
250925921192,GCP
250925921157,Azure
250925921151,Python
250925921151,SQL
250925921130,Python
250925921130,Java
250925921127,SQL
250925921127,Linux
250925921126,SQL
250925921126,Git
250925921080,Git
250925921075,Git
250925921073,Python
250925921031,Python
250925920989,Python
250925920989,SQL
250925920988,Python
250925920986,JavaScript
250925920979,SQL
250925920979,AWS
250925920979,JavaScript
250925920959,Python
250925920946,Git
250925920940,AWS
250925920921,Java
250925920918,Python
250925920910,Java
250925920910,JavaScript
250925920902,Python
250925920886,Python
250925920874,AWS
250925920874,Azure
250925920874,GCP
250925920869,Python
250925920869,Machine Learning
250925920863,JavaScript
250925920853,Power BI
250925920844,JavaScript
250925920843,Python
250925920828,Azure
250925920815,JavaScript
250925920812,Python
250925920809,Python
250925920809,SQL
250925920797,Python
250925920791,Python
250925920791,SQL
250925920760,SQL
250925920742,Python
250925920742,AWS
250925920742,Azure
250925920742,Kubernetes
250925920722,SQL
250925920722,JavaScript
250925920717,Java
250925920689,Java
250925920668,JavaScript
250925920657,JavaScript
250925920626,Python
250925920617,Java
250925920617,JavaScript
250925920616,Python
250925920616,AWS
250925920616,Kubernetes
250925920616,Git
250925920611,Spark
250925920607,JavaScript
250925920589,Kubernetes
250925920589,Git
250925920589,Java
250925920583,AWS
250925920583,Docker
250925920583,Kubernetes
250925920583,Java
250925920506,Java
250925920496,Python
250925920492,SQL
250925920460,Python
250925920434,Python
250925920421,Python
250925920421,SQL
250925920421,Tableau
250925920421,Excel
250925920407,SQL
250925920407,JavaScript
250925920402,SQL
250925920402,AWS
250925920399,SQL
250925920395,Python
250925920395,SQL
250925920395,Java
250925920362,Python
250925920362,Kubernetes
250925920362,Git
250925920362,Java
250925920353,Python
250925920333,AWS
250925920288,JavaScript
250925920237,Java
250925920140,Git
250925920121,Python
250925920117,SQL
250925920052,Python
250925920045,Python
250925919933,JavaScript
250925919921,Git
250925919921,Java
250925919902,SQL
250925919840,Python
250925919840,Kubernetes
250925919840,Java
250925919819,Java
250925919816,Python
250925919816,Azure
250925919816,Databricks
250925919776,Python
250925919776,AWS
250925919776,Kubernetes
250925919772,JavaScript
250925919766,Python
250925918008,Python
250925918008,SQL
250925918008,Power BI
250925918008,Spark
250925918007,Python
250925918007,SQL
250925914718,Java
250925914718,React
250925914623,Azure
250925914623,Kubernetes
250925914623,Java
250925914623,JavaScript
250925509815,SQL
250925509774,SQL
250925509759,SQL
250925509678,SQL
250925509667,Git
250925509557,Excel
250925509516,Linux
250925509468,SQL
250925509195,Excel
250925508700,GCP
250925508700,Machine Learning
250925508700,NLP
250925508619,Linux
250925508485,JavaScript
250925508447,Machine Learning
250925508447,Linux
250925508392,Linux
250925508308,Excel
250925507806,Excel
250925507803,Java
250925507803,Linux
250925507671,SQL
250925507671,Linux
250925507525,JavaScript
250925507409,Machine Learning
250925507368,JavaScript
250925507368,Linux
250925507288,Python
250925507288,SQL
250925507288,Java
250925507250,Java
250925507242,Excel
250925507240,Python
250925507240,SQL
250925507240,Java
250925507188,Deep Learning
250925507126,Azure
250925501882,Linux
250925501868,Linux
250925501767,JavaScript
250925501760,JavaScript
250925501685,Git
250925501401,Linux
250925501361,Git
250925501361,JavaScript
250925501294,Git
250925501294,JavaScript
250925501183,Excel
250925501177,GCP
250925501177,Machine Learning
250925501167,Git
250925501167,JavaScript
250925501145,Linux
250925501064,Power BI
250925500965,Linux
250925500943,Git
250925500827,Linux
250925500826,Linux
250925500818,JavaScript
250925500818,Linux
250925500792,Linux
250925500757,Machine Learning
250925037209,AWS
250925037209,Java
250925036890,Cybersecurity
250925035020,Azure
250925035020,GCP
250925035020,Java
250925035020,React
250925034854,SQL
250925034854,Power BI
250925034854,Excel
250925033723,Azure
250925031660,Java
250925030939,SQL
250925030939,Java
250925028724,AWS
250925027022,Kubernetes
250925026797,Python
250925026797,AWS
250925024573,Power BI
250925024573,Tableau
250925023551,Python
250925023551,SQL
250925023551,Git
250925023014,AWS
250925022988,Azure
250925022988,React
250925019669,Python
250925019669,React
250925016879,Python
250925016879,SQL
250925016682,Python
250925015367,SQL
250925015367,AWS
250925015367,Azure
250925015367,GCP
250925015243,AWS
250925015243,Java
250925015136,Excel
250925015084,AWS
250925015084,Java
250925014062,Java
250925012753,Azure
250925012663,Java
250925012110,Linux
250925011635,Python
250925011635,Azure
250925011635,GCP
250925011635,Spark
250925011635,Java
250925011092,SQL
250925010858,Python
250925010858,AWS
250925008989,Python
250925008989,SQL
250925008989,Java
250925008179,Excel
250925007915,Excel
250925007649,SQL
250225013809,Java
240925932194,Python
240925932194,Docker
240925932194,Kubernetes
240925932182,Python
240925932182,Machine Learning
240925932182,Deep Learning
240925932182,NLP
240925931914,Azure
240925931821,React
240925931781,Python
240925931781,SQL
240925931673,SQL
240925931673,Docker
240925931673,Linux
240925931652,SQL
240925931589,SQL
240925931536,SQL
240925931527,SQL
240925931505,Azure
240925931505,Kubernetes
240925931505,Linux
240925931485,SQL
240925931478,SQL
240925931466,SQL
240925931459,SQL
240925931455,Python
240925931455,Linux
240925931420,SQL
240925931376,SQL
240925931368,SQL
240925931341,Python
240925931341,SQL
240925931339,SQL
240925931339,Power BI
240925931333,SQL
240925931318,Azure
240925931296,Python
240925931296,SQL
240925931242,SQL
240925931242,JavaScript
240925931218,Python
240925931218,Machine Learning
240925931208,Python
240925931208,Java
240925931208,Linux
240925931205,SQL
240925931169,Python
240925931169,Power BI
240925931169,Tableau
240925931159,SQL
240925931159,JavaScript
240925931152,Linux
240925931144,SQL
240925931144,Tableau
240925931144,Azure
240925931117,JavaScript
240925931113,SQL
240925931076,SQL
240925931076,JavaScript
240925931049,Python
240925931049,SQL
240925931049,Linux
240925931044,SQL
240925931041,Azure
240925931041,GCP
240925931041,JavaScript
240925931013,SQL
240925930992,JavaScript
240925930951,JavaScript
240925930788,SQL
240925930760,SQL
240925930760,Tableau
240925930760,Azure
240925930692,SQL
240925930674,SQL
240925930642,AWS
240925930642,Azure
240925930571,Python
240925930571,Linux
240925930559,Python
240925930559,Power BI
240925930559,Tableau
240925930233,JavaScript
240925922690,Java
240925922681,Azure
240925922674,Kubernetes
240925922674,JavaScript
240925922674,React
240925922668,SQL
240925922668,Azure
240925922668,JavaScript
240925922667,Git
240925922662,Python
240925920095,Java
240925920090,SQL
240925920017,Python
240925920017,Java
240925919993,AWS
240925919993,Azure
240925919981,Python
240925919981,SQL
240925919979,Git
240925919979,Linux
240925919961,Python
240925919961,Linux
240925919950,Git
240925919950,Linux
240925919870,Python
240925919611,Python
240925919611,AWS
240925919611,Kubernetes
240925919611,Git
240925918794,Power BI
240925918794,Excel
240925916579,JavaScript
240925916461,JavaScript
240925916097,Python
240925916097,Kubernetes
240925916057,AWS
240925916043,Azure
240925916043,Kubernetes
240925915872,Azure
240925915814,Azure
240925914980,JavaScript
240925914968,Java
240925914959,Cybersecurity
240925914347,Python
240925914343,Cybersecurity
240925910347,Python
240925910331,Python
240925910312,Python
240925910312,Azure
240925910312,Kubernetes
240925910312,Git
240925910290,JavaScript
240925910262,Python
240925910246,Azure
240925910243,Python
240925910243,Azure
240925910243,Databricks
240925910220,Java
240925910214,Java
240925910203,Azure
240925910195,Azure
240925910171,Python
240925910130,Python
240925910122,Python
240925910122,Kubernetes
240925910122,Git
240925910115,Python
240925910115,Kubernetes
240925910115,Git
240925910108,Kubernetes
240925910099,Azure
240925910083,Cybersecurity
240925910082,Kubernetes
240925910075,Azure
240925910074,Cybersecurity
240925910066,Python
240925910042,Azure
240925910033,Python
240925910033,SQL
240925910033,Machine Learning
240925910016,AWS
240925910002,AWS
240925909992,SQL
240925909973,Azure
240925909955,Python
240925909955,SQL
240925909951,Python
240925909951,SQL
240925909951,Spark
240925909943,SQL
240925909938,Java
240925909919,Python
240925909904,Python
240925909904,Kubernetes
240925909904,Git
240925909902,Python
240925909902,Kubernetes
240925909902,Git
240925909901,AWS
240925909896,Azure
240925909836,SQL
240925909823,Python
240925909823,Kubernetes
240925909823,Git
240925909798,SQL
240925909763,Power BI
240925909756,Kubernetes
240925909756,Java
240925909735,JavaScript
240925909675,JavaScript
240925909665,Python
240925909665,SQL
240925909621,Tableau
240925909579,Python
240925909579,Java
240925909484,Python
240925909455,Python
240925909410,Kubernetes
240925909410,Java
240925909410,React
240925507658,Machine Learning
240925506236,Linux
240925506134,Linux
240925504990,JavaScript
240925503939,JavaScript
240925502935,JavaScript
240925502927,GCP
240925502927,Machine Learning
240925502880,Machine Learning
240925502864,Machine Learning
240925502756,SQL
240925502756,Git
240925502665,Java
240925502650,Machine Learning
240925502620,JavaScript
240925502616,Machine Learning
240925502615,Linux
240925502596,Git
240925502592,GCP
240925502592,Git
240925502581,Linux
240925502492,JavaScript
240925502459,Git
240925502455,SQL
240925502455,Docker
240925502434,Python
240925502433,Git
240925502432,Java
240925502432,React
240925502302,Python
240925502302,SQL
240925502287,Linux
240925502249,Machine Learning
240925502206,Linux
240925502190,Power BI
240925502183,Excel
240925501811,Machine Learning
240925501811,NLP
240925501764,Python
240925501686,JavaScript
240925501664,Machine Learning
240925501655,Machine Learning
240925501213,Python
240925501210,Git
240925501208,Spark
240925501204,Python
240925501204,Power BI
240925501202,Azure
240925501199,Azure
240925500992,Python
240925500989,Power BI
240925500982,Python
240925500982,Power BI
240925500950,Python
240925500950,Kubernetes
240925500914,GCP
240925500780,Linux
240925500686,JavaScript
240925500589,Machine Learning
240925500501,Excel
240925500496,Linux
240925500468,Machine Learning
240925500468,NLP
240925500434,Power BI
240925500414,Machine Learning
240925500414,JavaScript
240925500413,Linux
240925500409,Machine Learning
240925500409,Git
240925500409,JavaScript
240925500408,Git
240925500405,Linux
240925500395,Machine Learning
240925500376,Git
240925500372,Git
240925500372,Linux
240925500371,Linux
240925500367,Linux
240925500251,Git
240925035784,SQL
240925035784,AWS
240925035784,Spark
240925034910,Azure
240925034724,AWS
240925034403,AWS
240925034014,SQL
240925032753,Python
240925032753,SQL
240925032753,AWS
240925032753,Azure
240925032403,Excel
240925027186,AWS
240925027186,Java
240925026891,Linux
240925026146,SQL
240925026146,Power BI
240925026146,Excel
240925023635,AWS
240925023635,GCP
240925023635,Java
240925023075,Azure
240925023075,Databricks
240925022575,Azure
240925022515,Git
240925022230,Linux
240925021875,Java
240925021488,Python
240925021488,Tableau
240925021488,Excel
240925017380,AWS
240925017380,GCP
240925017380,Linux
240925017065,Java
240925017065,React
240925016093,AWS
240925016093,Git
240925013586,AWS
240925013586,Java
240925013586,React
240925012614,AWS
240925012614,React
240925012464,Machine Learning
240925008774,Excel
240925008417,Spark
240925008084,Java
240925007947,JavaScript
240925007947,React
240925000336,Excel
240925000046,SQL
240925000046,Java
240925000046,React
240425020519,SQL
240425000200,Linux
230925935668,Java
230925935668,React
230925935662,Python
230925935662,Linux
230925935648,Java
230925935645,Excel
230925935635,Python
230925935634,Java
230925935632,Python
230925935632,SQL
230925935632,Tableau
230925935632,Spark
230925935631,Python
230925935631,SQL
230925935631,Tableau
230925935631,Spark
230925935630,Git
230925935630,JavaScript
230925935630,React
230925935627,Python
230925935612,JavaScript
230925935608,Python
230925935608,Java
230925935536,Git
230925935536,Java
230925935535,Git
230925935535,JavaScript
230925935535,React
230925935531,Python
230925935525,Python
230925935525,SQL
230925935524,React
230925935522,Power BI
230925935522,Azure
230925935509,SQL
230925935509,Java
230925935507,SQL
230925935507,Java
230925935498,Java
230925935494,Azure
230925935489,Python
230925935489,SQL
230925935487,SQL
230925935485,SQL
230925935485,Java
230925935474,React
230925935465,JavaScript
230925935463,Python
230925935463,Machine Learning
230925935463,NLP
230925935450,JavaScript
230925935450,React
230925935449,Python
230925935449,JavaScript
230925935444,React
230925935443,Git
230925935443,Java
230925935436,Cybersecurity
230925935435,Cybersecurity
230925935387,AWS
230925935385,React
230925935384,AWS
230925935383,React
230925935382,React
230925935357,Python
230925935357,SQL
230925935357,AWS
230925935357,GCP
230925935357,Spark
230925935354,SQL
230925935351,SQL
230925935351,Java
230925935351,JavaScript
230925935336,Java
230925935336,JavaScript
230925935334,Power BI
230925935331,SQL
230925935325,SQL
230925935319,Python
230925935319,SQL
230925935314,Python
230925935308,Python
230925935306,Python
230925935306,SQL
230925935306,Power BI
230925935305,Python
230925935302,Python
230925935301,Python
230925935301,Machine Learning
230925935285,JavaScript
230925935279,JavaScript
230925935277,JavaScript
230925935265,Python
230925935265,AWS
230925935259,Power BI
230925935252,SQL
230925935252,Java
230925935251,SQL
230925935228,Cybersecurity
230925935192,React
230925935190,AWS
230925935190,JavaScript
230925935190,React
230925935185,SQL
230925935185,Linux
230925935128,JavaScript
230925935111,Python
230925935110,SQL
230925935107,Python
230925935107,SQL
230925935107,Machine Learning
230925935107,NLP
230925935100,Python
230925935100,AWS
230925935100,Docker
230925935100,Kubernetes
230925935094,Python
230925935094,SQL
230925935089,Python
230925935089,SQL
230925935088,Python
230925935088,SQL
230925935086,Python
230925935086,Machine Learning
230925935073,Python
230925935073,SQL
230925935073,AWS
230925935069,Java
230925935065,NLP
230925935049,SQL
230925935047,JavaScript
230925935023,Azure
230925935019,Python
230925935005,Spark
230925935004,Azure
230925935002,SQL
230925935002,JavaScript
230925935000,Azure
230925935000,JavaScript
230925934996,JavaScript
230925934996,React
230925934992,Java
230925934985,Git
230925934985,JavaScript
230925934985,React
230925934976,SQL
230925934951,Cybersecurity
230925934948,Python
230925934927,React
230925934917,React
230925934913,Python
230925934907,React
230925934904,React
230925934899,SQL
230925934899,Java
230925934896,Python
230925934894,React
230925934889,Python
230925934884,SQL
230925934882,Python
230925934882,SQL
230925934859,Cybersecurity
230925934851,Azure
230925934850,Python
230925934842,SQL
230925934840,Azure
230925934836,Python
230925934836,SQL
230925934836,AWS
230925934834,Python
230925934834,SQL
230925934834,Azure
230925934821,Python
230925934819,JavaScript
230925934779,Azure
230925934777,Python
230925934777,AWS
230925934777,Machine Learning
230925934620,Cybersecurity
230925934603,Cybersecurity
230925934600,Python
230925934593,JavaScript
230925934588,Python
230925934588,SQL
230925934586,Python
230925934586,SQL
230925934574,SQL
230925934574,Linux
230925934569,Python
230925934567,Python
230925934567,SQL
230925934567,Git
230925934529,React
230925934523,SQL
230925934523,Java
230925934519,Java
230925934519,JavaScript
230925934440,Python
230925934440,AWS
230925934440,Machine Learning
230925934436,Java
230925934436,JavaScript
230925934419,JavaScript
230925934412,SQL
230925934403,Python
230925934403,SQL
230925934402,Python
230925934402,AWS
230925934401,Python
230925934401,JavaScript
230925934400,JavaScript
230925934400,React
230925934355,Cybersecurity
230925934354,Git
230925934354,JavaScript
230925934354,React
230925934349,Python
230925934306,Python
230925934306,Power BI
230925934305,Python
230925934300,Java
230925934300,JavaScript
230925934298,Java
230925934298,JavaScript
230925934266,Python
230925934266,Java
230925934264,Python
230925934212,Python
230925934211,AWS
230925934211,Azure
230925934200,React
230925934192,JavaScript
230925934190,Python
230925934190,Azure
230925934189,Java
230925934189,React
230925934188,Kubernetes
230925934188,Java
230925934188,JavaScript
230925934188,React
230925934186,JavaScript
230925934184,Java
230925934184,React
230925934180,SQL
230925934180,Java
230925934180,React
230925934179,Kubernetes
230925934179,Java
230925934179,JavaScript
230925934179,React
230925934168,JavaScript
230925934168,React
230925934166,JavaScript
230925934166,React
230925934164,SQL
230925934164,AWS
230925934164,Docker
230925934162,SQL
230925934159,Cybersecurity
230925934158,Python
230925934158,Power BI
230925934157,Python
230925934134,Java
230925934134,JavaScript
230925934127,Machine Learning
230925934127,Deep Learning
230925934127,Kubernetes
230925934123,Python
230925934123,Deep Learning
230925934122,AWS
230925934122,Java
230925934117,Python
230925934104,Python
230925934092,AWS
230925934091,JavaScript
230925934083,JavaScript
230925934083,React
230925934052,Python
230925934052,AWS
230925934052,Docker
230925934052,Kubernetes
230925934041,Linux
230925934011,Git
230925934011,JavaScript
230925934011,React
230925933999,Spark
230925933999,Machine Learning
230925933998,Spark
230925933998,JavaScript
230925933989,SQL
230925933980,Java
230925933946,Python
230925933946,Power BI
230925933940,Java
230925933935,Python
230925933934,Python
230925933934,Java
230925933889,Java
230925933884,Git
230925933884,Java
230925933871,AWS
230925933871,JavaScript
230925933852,SQL
230925933845,Java
230925933832,Python
230925933832,Kubernetes
230925933832,Linux
230925933831,Python
230925933831,AWS
230925933831,Spark
230925933830,Python
230925933830,SQL
230925933830,AWS
230925933830,Spark
230925933817,Java
230925933810,Azure
230925933809,SQL
230925933787,Python
230925933786,Python
230925933776,Azure
230925933776,Cybersecurity
230925933775,SQL
230925933774,AWS
230925933774,GCP
230925933761,Cybersecurity
230925933760,AWS
230925933760,Azure
230925933758,Python
230925933758,Spark
230925933747,AWS
230925933747,Java
230925933745,SQL
230925933743,Python
230925933743,SQL
230925933743,Spark
230925933718,React
230925933709,Python
230925933709,JavaScript
230925933693,React
230925933692,Python
230925933692,SQL
230925933692,Git
230925933692,Java
230925933689,Azure
230925933684,Java
230925933681,Python
230925933681,Java
230925933681,JavaScript
230925933680,Python
230925933680,Java
230925933680,JavaScript
230925933676,Java
230925933675,Python
230925933675,Java
230925933675,JavaScript
230925933665,Python
230925933660,Python
230925933655,SQL
230925933655,JavaScript
230925933653,Python
230925933653,Kubernetes
230925933643,AWS
230925933643,Azure
230925933643,GCP
230925933641,Python
230925933641,AWS
230925933641,Docker
230925933641,Kubernetes
230925933640,Python
230925933640,SQL
230925933635,Python
230925933635,SQL
230925933635,Spark
230925933635,Kubernetes
230925933635,Java
230925933629,JavaScript
230925933624,Python
230925933624,Java
230925933624,JavaScript
230925933616,React
230925933584,SQL
230925933584,Git
230925933581,Python
230925933581,Git
230925933580,Python
230925933580,Git
230925933579,Python
230925933575,Azure
230925933575,Docker
230925933575,Kubernetes
230925933575,Linux
230925933565,Git
230925933565,JavaScript
230925933565,React
230925933564,Java
230925933561,Python
230925933561,Spark
230925933555,Docker
230925933555,Kubernetes
230925933548,JavaScript
230925933531,Python
230925933531,Power BI
230925933531,Machine Learning
230925933518,SQL
230925933515,Python
230925933509,SQL
230925933509,JavaScript
230925933485,SQL
230925933471,Python
230925933471,Java
230925933469,Cybersecurity
230925933468,SQL
230925933468,Java
230925933461,Java
230925933459,SQL
230925933459,JavaScript
230925933453,Python
230925933453,SQL
230925933450,Python
230925933450,AWS
230925933450,Azure
230925933450,Kubernetes
230925933449,Python
230925933449,SQL
230925933445,Python
230925933445,AWS
230925933445,Kubernetes
230925933440,Python
230925933440,SQL
230925933439,Python
230925933434,Python
230925933434,GCP
230925933434,NLP
230925933430,AWS
230925933419,React
230925933417,React
230925933416,React
230925933413,Java
230925933412,SQL
230925933399,Python
230925933399,SQL
230925933398,Python
230925933380,Azure
230925933378,SQL
230925933369,Python
230925933369,Java
230925933367,Python
230925933367,SQL
230925933367,Machine Learning
230925933358,Python
230925933356,Python
230925933345,Python
230925933345,AWS
230925933345,Kubernetes
230925933343,Python
230925933332,Python
230925933332,SQL
230925933332,AWS
230925933332,GCP
230925933320,JavaScript
230925933317,JavaScript
230925933316,Python
230925933281,Power BI
230925933277,Power BI
230925933263,Python
230925933263,Machine Learning
230925933262,Python
230925933260,Power BI
230925933260,Tableau
230925933259,Power BI
230925933259,Tableau
230925933256,Python
230925933256,Power BI
230925933254,Python
230925933254,SQL
230925933254,Power BI
230925933251,Python
230925933251,SQL
230925933251,Power BI
230925933243,Java
230925933223,Python
230925933215,Python
230925933215,Kubernetes
230925933213,JavaScript
230925933204,Azure
230925933200,Python
230925933187,Python
230925933187,Deep Learning
230925933187,NLP
230925933185,Java
230925933171,AWS
230925933163,Python
230925933161,JavaScript
230925933155,JavaScript
230925933142,Cybersecurity
230925933125,Git
230925933125,Java
230925933124,Azure
230925933119,Cybersecurity
230925933096,Git
230925933094,Python
230925933093,Python
230925933092,AWS
230925933092,Machine Learning
230925933089,AWS
230925933066,Spark
230925933064,Java
230925933042,Azure
230925933041,Python
230925933041,AWS
230925933041,Kubernetes
230925933033,Python
230925933032,Git
230925933018,Python
230925933018,Java
230925933018,JavaScript
230925933008,Azure
230925933006,Python
230925933006,Azure
230925932994,AWS
230925932994,Java
230925932991,Git
230925932990,Java
230925932975,SQL
230925932971,JavaScript
230925932969,React
230925932950,Java
230925932949,Java
230925932936,Git
230925932936,JavaScript
230925932936,React
230925932931,Java
230925932929,SQL
230925932910,SQL
230925932910,Git
230925932904,Git
230925932904,Java
230925932897,Cybersecurity
230925932895,SQL
230925932894,Python
230925932894,Git
230925932879,JavaScript
230925932873,JavaScript
230925932861,JavaScript
230925932857,Python
230925932855,Python
230925932855,SQL
230925932851,Python
230925932848,React
230925932847,Python
230925932847,SQL
230925932847,Power BI
230925932846,Power BI
230925932845,Python
230925932845,SQL
230925932845,Spark
230925932843,SQL
230925932843,Power BI
230925932835,SQL
230925932829,SQL
230925932829,Azure
230925932813,Tableau
230925932813,Machine Learning
230925932806,Python
230925932806,Kubernetes
230925932797,Python
230925932797,SQL
230925932797,Power BI
230925932781,JavaScript
230925932779,Python
230925932777,Python
230925932777,Deep Learning
230925932774,Deep Learning
230925932774,NLP
230925932773,Tableau
230925932773,Machine Learning
230925932758,SQL
230925932756,JavaScript
230925932749,Cybersecurity
230925932745,Azure
230925932745,GCP
230925932745,Kubernetes
230925932745,Java
230925932743,JavaScript
230925932724,Machine Learning
230925932719,Java
230925932708,SQL
230925932705,Java
230925932691,Azure
230925932691,GCP
230925932691,Kubernetes
230925932691,Java
230925932690,Azure
230925932690,GCP
230925932690,Kubernetes
230925932690,Java
230925932689,Azure
230925932689,GCP
230925932689,Kubernetes
230925932689,Java
230925932688,Azure
230925932688,GCP
230925932688,Kubernetes
230925932688,Java
230925932682,Java
230925932677,SQL
230925932674,Python
230925932657,Python
230925932653,SQL
230925932653,Docker
230925932653,Kubernetes
230925932644,Java
230925932644,JavaScript
230925932643,GCP
230925932637,Python
230925932637,SQL
230925932637,Java
230925932614,SQL
230925932602,Azure
230925932582,Python
230925932572,Java
230925932565,React
230925932551,SQL
230925932529,Git
230925932524,Python
230925932514,Python
230925932514,SQL
230925932512,Python
230925932512,AWS
230925932512,Kubernetes
230925932510,Python
230925932510,AWS
230925932510,Kubernetes
230925932509,Cybersecurity
230925932489,Azure
230925932489,Cybersecurity
230925932480,Python
230925932453,AWS
230925932453,JavaScript
230925932453,React
230925932438,Azure
230925932432,Power BI
230925932419,Python
230925932377,SQL
230925932375,Cybersecurity
230925932351,Python
230925932332,SQL
230925932322,Python
230925932322,Spark
230925932322,Java
230925932318,Python
230925932318,Deep Learning
230925932293,JavaScript
230925932291,SQL
230925932285,Java
230925932284,React
230925932283,Git
230925932283,React
230925932281,Python
230925932281,React
230925932280,Python
230925932280,Java
230925932279,Docker
230925932279,Kubernetes
230925932279,Java
230925932271,Java
230925932267,SQL
230925932262,Python
230925932262,SQL
230925932262,AWS
230925932257,Python
230925932243,SQL
230925932178,Machine Learning
230925932166,Python
230925932166,SQL
230925932151,Python
230925932149,Python
230925932149,Azure
230925932149,Spark
230925932149,Databricks
230925932149,Kubernetes
230925932148,SQL
230925932144,Python
230925932144,Java
230925932141,Python
230925932141,SQL
230925932139,JavaScript
230925932121,Java
230925932120,Java
230925932100,AWS
230925932094,Cybersecurity
230925932091,JavaScript
230925932089,Java
230925932088,Java
230925932079,SQL
230925932074,Python
230925932074,Git
230925932066,Cybersecurity
230925932064,Python
230925932063,Python
230925932053,Python
230925932053,SQL
230925932049,Python
230925932049,Java
230925932044,Python
230925932044,Machine Learning
230925932043,Java
230925932041,Java
230925932040,Java
230925932032,SQL
230925932029,Docker
230925932029,Git
230925932021,Python
230925932013,Python
230925932006,SQL
230925931997,SQL
230925931992,AWS
230925931992,Docker
230925931992,Kubernetes
230925931967,SQL
230925931946,Python
230925931946,SQL
230925931946,GCP
230925931929,Python
230925931929,SQL
230925931898,SQL
230925931885,Python
230925931882,Python
230925931879,Docker
230925931879,Kubernetes
230925931879,Java
230925931876,JavaScript
230925931871,Cybersecurity
230925931869,Cybersecurity
230925931861,Python
230925931858,Python
230925931848,Tableau
230925931848,Machine Learning
230925931845,Python
230925931845,Machine Learning
230925931845,NLP
230925931843,Machine Learning
230925931841,Machine Learning
230925931840,Machine Learning
230925931839,Tableau
230925931839,Machine Learning
230925931834,Python
230925931834,SQL
230925931834,Machine Learning
230925931834,Deep Learning
230925931834,NLP
230925931833,Tableau
230925931833,Machine Learning
230925931830,Python
230925931828,Machine Learning
230925931826,Machine Learning
230925931824,Python
230925931824,Azure
230925931824,Machine Learning
230925931824,Deep Learning
230925931819,Kubernetes
230925931819,Java
230925931818,Azure
230925931818,Databricks
230925931817,AWS
230925931817,Kubernetes
230925931817,Java
230925931814,AWS
230925931809,Python
230925931809,Machine Learning
230925931809,Deep Learning
230925931809,NLP
230925931782,Python
230925931782,Deep Learning
230925931782,NLP
230925931779,Tableau
230925931779,Machine Learning
230925931776,Cybersecurity
230925931770,Cybersecurity
230925931766,SQL
230925931761,Tableau
230925931761,Machine Learning
230925931759,Tableau
230925931759,Machine Learning
230925931757,Tableau
230925931757,Machine Learning
230925931756,Tableau
230925931756,Machine Learning
230925931748,Tableau
230925931748,Machine Learning
230925931747,Tableau
230925931747,Machine Learning
230925931746,Tableau
230925931746,Machine Learning
230925931738,Python
230925931738,Git
230925931738,JavaScript
230925931736,Python
230925931736,JavaScript
230925931735,AWS
230925931710,AWS
230925931710,Java
230925931703,Python
230925931701,Python
230925931701,Git
230925931700,NLP
230925931698,Python
230925931698,Machine Learning
230925931694,Machine Learning
230925931692,Python
230925931692,Deep Learning
230925931691,Python
230925931691,Machine Learning
230925931691,NLP
230925931690,Python
230925931690,Machine Learning
230925931690,NLP
230925931685,Machine Learning
230925931676,Python
230925931676,Git
230925931674,NLP
230925931673,JavaScript
230925931658,Python
230925931658,Java
230925931657,Java
230925931644,Git
230925931644,JavaScript
230925931625,AWS
230925931623,Java
230925931619,Spark
230925931607,JavaScript
230925931585,SQL
230925931535,Python
230925931535,SQL
230925931535,AWS
230925931535,GCP
230925931535,Spark
230925931535,Linux
230925931509,Java
230925931486,Python
230925931486,Kubernetes
230925931179,Azure
230925931176,Azure
230925931150,Azure
230925931129,Python
230925931105,Java
230925931099,Cybersecurity
230925931096,Azure
230925931075,Cybersecurity
230925931060,Machine Learning
230925931056,Python
230925931056,Spark
230925931052,Cybersecurity
230925931051,Java
230925931048,Tableau
230925931043,JavaScript
230925931043,React
230925931031,Java
230925931027,Java
230925931025,Java
230925931011,Java
230925930998,Cybersecurity
230925930993,JavaScript
230925930993,React
230925930989,Python
230925930984,Azure
230925930983,Java
230925930982,Java
230925930977,Cybersecurity
230925930975,Azure
230925930974,Java
230925930968,Cybersecurity
230925930964,Java
230925930960,Java
230925930958,Machine Learning
230925930954,SQL
230925930950,Kubernetes
230925930941,Java
230925930902,Cybersecurity
230925930895,Python
230925930893,Java
230925930890,Azure
230925930890,Machine Learning
230925930878,Python
230925930878,JavaScript
230925930869,Azure
230925930867,SQL
230925930867,Java
230925930862,Python
230925930862,Machine Learning
230925930862,Deep Learning
230925929286,Python
230925929276,Python
230925929276,SQL
230925929273,Python
230925929269,Python
230925929266,Python
230925929266,Linux
230925929259,Python
230925929259,Git
230925929237,Python
230925929237,Linux
230925929228,Python
230925927882,Azure
230925926139,SQL
230925926139,Kubernetes
230925925695,Python
230925925695,SQL
230925925695,Azure
230925925461,Python
230925925423,Python
230925925423,SQL
230925925423,Azure
230925925423,Spark
230925925257,Java
230925924266,Java
230925924266,React
230925923791,Kubernetes
230925923791,Java
230925920514,React
230925920493,Docker
230925920493,Kubernetes
230925920493,Linux
230925920481,SQL
230925920457,Python
230925920457,GCP
230925920400,Python
230925920400,SQL
230925920400,Java
230925920400,Linux
230925920389,Python
230925920389,Machine Learning
230925920389,Deep Learning
230925920389,NLP
230925920379,Java
230925920358,SQL
230925920355,Python
230925920355,Spark
230925920350,Java
230925920336,Python
230925920333,Python
230925920333,Machine Learning
230925920333,Deep Learning
230925920333,NLP
230925920306,Java
230925920306,Linux
230925920287,Java
230925920277,JavaScript
230925920276,Java
230925920273,Python
230925920255,Python
230925920255,Java
230925920247,Java
230925920247,React
230925918568,Machine Learning
230925918550,SQL
230925918511,Python
230925918511,SQL
230925918505,Python
230925918503,Python
230925918503,GCP
230925918503,Java
230925918501,Kubernetes
230925918501,Linux
230925918487,Python
230925918487,SQL
230925918487,Excel
230925918480,Java
230925918434,Python
230925918434,SQL
230925918384,SQL
230925918384,Kubernetes
230925918384,Linux
230925918100,Azure
230925917931,SQL
230925917931,Java
230925917930,Python
230925917930,Azure
230925917930,Kubernetes
230925917792,Excel
230925917551,Kubernetes
230925917551,Linux
230925917550,Python
230925917550,Kubernetes
230925917550,Git
230925917550,Linux
230925917527,Azure
230925917527,Databricks
230925917491,SQL
230925917428,JavaScript
230925917367,Python
230925917367,Power BI
230925917285,JavaScript
230925917263,Spark
230925917255,Python
230925917255,JavaScript
230925917219,Python
230925917219,Linux
230925917187,Python
230925917187,Azure
230925917182,Python
230925917182,Power BI
230925917128,Python
230925917128,Power BI
230925917078,Azure
230925917073,Python
230925917046,SQL
230925917046,JavaScript
230925917040,Python
230925917035,Java
230925917001,Python
230925916963,SQL
230925916959,Python
230925916959,Azure
230925916937,SQL
230925916884,Python
230925916884,AWS
230925916884,Machine Learning
230925916881,SQL
230925916837,Python
230925916837,AWS
230925916825,Python
230925916825,AWS
230925916823,Power BI
230925916810,Python
230925916810,Java
230925916802,JavaScript
230925916800,Python
230925916798,JavaScript
230925916784,Python
230925916782,SQL
230925916781,Python
230925916774,Python
230925916774,Git
230925916767,SQL
230925916746,SQL
230925916745,Python
230925916745,SQL
230925916744,Python
230925916737,Python
230925916737,SQL
230925916737,Power BI
230925916737,Tableau
230925916732,Tableau
230925916732,Machine Learning
230925916723,Java
230925916719,JavaScript
230925916717,Python
230925916709,Python
230925916709,Azure
230925916692,Power BI
230925916686,Python
230925916686,SQL
230925916681,Git
230925916670,Java
230925916668,Azure
230925916668,Machine Learning
230925916666,SQL
230925916663,Python
230925916661,Python
230925916661,SQL
230925916661,Power BI
230925916661,Tableau
230925916656,JavaScript
230925916655,Python
230925916655,Machine Learning
230925916655,Git
230925916650,Power BI
230925916641,Python
230925916641,Machine Learning
230925916636,SQL
230925916622,SQL
230925916618,Python
230925916618,Azure
230925916618,Kubernetes
230925916600,Python
230925916599,Python
230925916564,SQL
230925916561,Python
230925916513,Java
230925916504,Java
230925916504,JavaScript
230925916500,Java
230925916486,Java
230925916483,Python
230925916483,Git
230925916476,Python
230925916476,JavaScript
230925916475,SQL
230925916473,SQL
230925916468,Azure
230925916468,Machine Learning
230925916465,Python
230925916465,Java
230925916446,SQL
230925916442,Python
230925916442,Azure
230925916431,Azure
230925916431,JavaScript
230925916428,Python
230925916428,JavaScript
230925916427,SQL
230925916411,Azure
230925916411,Docker
230925916411,Kubernetes
230925916394,Python
230925916388,Python
230925916386,SQL
230925916334,SQL
230925916302,Python
230925916302,Kubernetes
230925916288,Python
230925916288,SQL
230925916288,Docker
230925916288,Kubernetes
230925916266,Python
230925916266,SQL
230925916238,Python
230925916229,JavaScript
230925916222,Python
230925916217,Kubernetes
230925916217,Java
230925916214,Python
230925916203,Python
230925916186,Python
230925916167,Python
230925916157,SQL
230925916155,SQL
230925916152,Python
230925914050,Power BI
230925914050,Tableau
230925913983,Java
230925913372,Power BI
230925913370,SQL
230925913370,Power BI
230925913370,JavaScript
230925912019,SQL
230925912019,Power BI
230925912019,JavaScript
230925912015,Power BI
230925912012,SQL
230925912012,Power BI
230925508326,SQL
230925508276,Excel
230925508271,Linux
230925508213,Excel
230925508153,Excel
230925508152,Excel
230925508140,Power BI
230925508140,Tableau
230925508103,JavaScript
230925508103,React
230925508081,Python
230925508081,SQL
230925508073,Azure
230925508073,Java
230925508069,Tableau
230925508061,Python
230925508005,Python
230925508005,SQL
230925507976,Machine Learning
230925507905,React
230925507876,SQL
230925507876,Java
230925507874,Python
230925507874,Machine Learning
230925507874,Java
230925507851,SQL
230925507723,Python
230925507723,SQL
230925507706,NLP
230925507672,Python
230925507672,SQL
230925507609,Power BI
230925507609,Tableau
230925507609,Docker
230925507609,Linux
230925507560,Power BI
230925507560,Tableau
230925507560,Docker
230925507560,Linux
230925507559,Python
230925507373,SQL
230925507373,Docker
230925507346,Machine Learning
230925507332,Machine Learning
230925507271,Excel
230925507199,Python
230925507128,Docker
230925507128,Kubernetes
230925507127,GCP
230925507127,Machine Learning
230925507127,NLP
230925507122,SQL
230925507121,Python
230925507121,SQL
230925507078,Java
230925507009,Linux
230925506955,GCP
230925506663,Excel
230925506658,Excel
230925506551,GCP
230925506506,Java
230925506438,Python
230925506438,SQL
230925506385,GCP
230925506364,Excel
230925506312,Python
230925506306,Python
230925506306,Kubernetes
230925506274,GCP
230925506075,Machine Learning
230925506075,Deep Learning
230925506050,SQL
230925506050,AWS
230925506050,Docker
230925506036,Python
230925506036,Excel
230925506036,Java
230925506007,Linux
230925505917,Python
230925505917,Machine Learning
230925505916,Java
230925505915,Python
230925505915,Machine Learning
230925505205,JavaScript
230925505136,Linux
230925505119,Python
230925505119,Linux
230925505101,JavaScript
230925505096,Linux
230925505092,Python
230925504968,SQL
230925504933,Docker
230925504814,Python
230925504811,Kubernetes
230925504810,Python
230925504810,Machine Learning
230925504810,NLP
230925504809,Python
230925504809,SQL
230925504808,Cybersecurity
230925504769,JavaScript
230925504576,Python
230925504546,Python
230925504535,Python
230925504535,Azure
230925504535,Machine Learning
230925504535,Deep Learning
230925504535,NLP
230925504451,Azure
230925504450,SQL
230925504450,Power BI
230925504450,Azure
230925504450,JavaScript
230925504449,Python
230925504448,Azure
230925504435,Azure
230925504435,Git
230925504432,Python
230925504356,SQL
230925504356,Deep Learning
230925504356,Java
230925504283,Java
230925504283,JavaScript
230925504281,Python
230925504140,JavaScript
230925504139,JavaScript
230925504138,JavaScript
230925504134,JavaScript
230925504074,Excel
230925504013,Linux
230925504011,Machine Learning
230925503726,JavaScript
230925503706,JavaScript
230925503562,Python
230925503493,Excel
230925500739,Machine Learning
230925500731,Machine Learning
230925500496,GCP
230925500496,Linux
230925500272,Git
230925500272,Cybersecurity
230925500271,Machine Learning
230925500246,Linux
230925500234,Machine Learning
230925500218,Machine Learning
230925500199,SQL
230925500122,Machine Learning
230925500044,GCP
230925500044,Machine Learning
230925500042,GCP
230925500042,Machine Learning
230925500041,GCP
230925500041,Machine Learning
230925500040,Spark
230925500026,GCP
230925500026,Machine Learning
230925500025,GCP
230925500025,Machine Learning
230925039055,JavaScript
230925039055,React
230925039039,JavaScript
230925039039,React
230925038850,Machine Learning
230925038850,Linux
230925038840,SQL
230925038840,Power BI
230925038794,Azure
230925038742,Python
230925038742,SQL
230925038742,Azure
230925038742,Databricks
230925038200,AWS
230925038200,Docker
230925038200,Java
230925038200,React
230925037476,Azure
230925037476,Spark
230925037476,Git
230925036909,SQL
230925036909,Docker
230925036909,Kubernetes
230925035864,Python
230925027559,Python
230925027559,Power BI
230925027559,Git
230925026807,SQL
230925025590,Power BI
230925025515,Java
230925025206,Git
230925025206,Java
230925024682,Java
230925024403,AWS
230925024403,Java
230925024073,SQL
230925024073,Kubernetes
230925024039,AWS
230925024039,JavaScript
230925023861,Python
230925023861,SQL
230925023736,Python
230925023736,AWS
230925022912,Python
230925022912,NLP
230925022771,AWS
230925022771,Java
230925020893,Python
230925020621,Java
230925019221,Tableau
230925018704,AWS
230925018704,Kubernetes
230925018704,Java
230925018673,AWS
230925018673,Java
230925015977,Cybersecurity
230925013394,Excel
230925012567,Java
230925010650,Python
230925010441,Kubernetes
230925009438,SQL
230925000117,Python
230825013880,Azure
230825013880,Git
230825013880,Java
230625010800,Python
230625010800,SQL
230625010800,GCP
210825029534,Java
210525022411,Java
200625017709,Python
200625017709,Java
190925009043,Azure
180925911472,Python
180925911472,SQL
180925911472,Generative AI
180925911472,Java
180925911468,Python
180925911465,Python
180925911465,Java
180925911464,Python
180925010722,Azure
171024013127,AWS
171024013101,Kubernetes
171024013101,Git
171024012937,Java
171024012895,Python
171024012878,Java
171024012878,React
171024012861,Docker
171024012861,Kubernetes
171024012647,Java
171024012592,SQL
171024012592,Java
171024011766,SQL
171024011766,Git
171024011743,SQL
171024011708,Java
171024011652,SQL
171024011590,React
171024011548,Kubernetes
171024011548,Git
171024011543,React
171024011525,React
171024011491,React
171024011486,SQL
171024011464,SQL
171024011463,Java
171024011456,Python
171024011456,SQL
171024011456,Git
171024011437,Python
171024011437,SQL
171024011437,Git
171024011406,Python
171024011386,React
171024011361,Java
171024011352,Docker
171024011352,Kubernetes
171024011339,SQL
171024011316,Azure
171024011316,Java
171024011308,Java
171024011294,SQL
171024011291,SQL
171024011284,Java
171024011269,Azure
171024011269,Java
171024011264,Kubernetes
171024011237,SQL
171024011237,Java
171024011198,SQL
171024011157,Kubernetes
171024011112,SQL
170925938072,Power BI
170925938068,Python
170925938068,Power BI
170925938065,SQL
170925938064,Java
170925938064,JavaScript
170925935953,SQL
170925935952,SQL
170925935952,Power BI
170925935952,React
170925935950,Java
170925935949,Linux
170925935948,Python
170925935948,SQL
170925935946,Cybersecurity
170925935945,SQL
170925935930,Java
170925934058,JavaScript
170925934058,React
170925934057,Tableau
170925934057,Azure
170925934057,GCP
170925934057,Spark
170925934050,Java
170925933468,Java
170925933468,React
170925933462,SQL
170925933462,Power BI
170925933462,Tableau
170925933458,SQL
170925933458,Java
170925933458,React
170925933456,SQL
170925933456,Generative AI
170925933456,Java
170925929099,Python
170925929098,SQL
170925929098,Power BI
170925929098,Tableau
170925929093,GCP
170925929093,Spark
170925929093,NLP
170925929093,Docker
170925929092,SQL
170925928694,Generative AI
170925928543,SQL
170925928543,Tableau
170925928541,Python
170925928541,GCP
170925928541,Docker
170925037505,AWS
170925037505,Kubernetes
170925037505,Linux
160425004231,Cybersecurity
151024017220,SQL
151024017220,Power BI
151024017220,Tableau
150925013192,AWS
150925013192,Git
150925012461,Git
150925003684,AWS
150925003684,Azure
150925003684,GCP
150925003684,Docker
150925003684,Kubernetes
130925005412,Java
130825014897,JavaScript
130725000227,Linux
130725000126,Linux
130125007335,Linux
120925027481,SQL
120925022122,Java
120925022122,React
110925035898,Java
110225005324,Linux
100625020080,Python
100625020080,Deep Learning
100625020080,NLP
100625020080,Generative AI
90925013191,AWS
90925013191,JavaScript
90925013191,React
80925911343,Docker
60825020739,Python
60825020739,Machine Learning
60825020739,Deep Learning
60825020739,NLP
60825013356,Python
60825013356,Generative AI
60825013356,Java
60125004314,SQL
60125004314,React
40925910255,Python
40925910255,SQL
40925910255,Power BI
40725000118,AWS
40725000118,Azure
40725000118,Linux
31025918957,Python
31025918957,AWS
31025918957,Docker
31025913676,Python
31025503381,JavaScript
31025502355,JavaScript
31025501580,Python
31025501580,Machine Learning
31025501580,NLP
31025501108,Excel
31025501007,Linux
31025501006,Git
31025501006,JavaScript
31025500933,JavaScript
31025500884,Linux
31025500883,Linux
31025500493,GCP
31025500327,JavaScript
31025019830,JavaScript
31025019830,React
31025019657,Azure
31025019657,GCP
31025018633,GCP
31025018633,JavaScript
31025018633,React
31025017975,React
31025016040,SQL
31025012260,Python
31025012260,Java
31025011987,Java
31025011987,JavaScript
31025011885,Java
31025007990,Java
31025007990,JavaScript
31025007990,React
31025006582,JavaScript
31025006582,React
31025006390,Python
31025006390,SQL
31025006390,Spark
31025005923,Azure
31025005857,SQL
31025005828,Power BI
31025005828,Tableau
31025003497,Python
31025003108,Python
31025001953,Azure
31025001953,React
31025001916,Python
31025001916,Azure
31025001916,Generative AI
31025001842,Azure
31025001842,Kubernetes
31025001622,Python
31025001622,Spark
31025001571,Python
31025001571,SQL
30925014112,Azure
30925014112,Git
21025007128,React
21025007037,Python
21025007037,SQL
21025007010,SQL
20925025146,Python
20925025146,GCP
20925025146,Kubernetes
20925025146,Java
20725013222,Java
20625001352,Azure
11025912750,Python
11025912750,Machine Learning
11025912750,NLP
11025501492,Git
11025501329,SQL
11025501251,Excel
11025501057,Git
11025500247,SQL
11025500247,GCP
11025500062,GCP
11025500025,SQL
11025500025,Azure
11025500025,GCP
11025500025,Linux
11025023854,JavaScript
11025022796,Linux
11025021721,Python
11025021138,Python
11025021138,SQL
11025021138,Machine Learning
11025021076,Python
11025015428,Python
11025015428,AWS
11025015428,React
11025014639,JavaScript
11025014639,React
11025013379,Excel
11025010384,Azure
11025010384,Docker
11025010384,Java
11025009972,Linux
11025009843,React
11025009416,React
10525013738,Cybersecurity
10525013679,Linux
10525013642,Java
300925928369,Python
300925928368,Machine Learning
300925928367,Git
300925928364,Python
300925928364,Java
300925928364,JavaScript
300925928364,React
300925927085,Java
300925927085,JavaScript
300925927082,Python
300925927082,Machine Learning
300925927081,Python
300925927081,NLP
300925927080,Python
300925927080,Linux
300925927079,Python
300925927079,Kubernetes
300925924646,Python
300925924641,Python
300925924638,Python
300925924636,Java
300925924439,Python
300925924439,Kubernetes
300925924437,Python
300925924437,Kubernetes
300925924436,Kubernetes
300925924436,React
300925924435,Kubernetes
300925924434,Python
300925924356,Python
300925924356,Machine Learning
300925924356,Deep Learning
300925924233,Python
300925924233,Machine Learning
300925924231,Python
300925924231,Git
300925924230,Python
300925924230,Java
300925924103,Python
300925924103,Java
300925924103,JavaScript
300925924100,Python
300925923949,Python
300925923947,Python
300925923947,Kubernetes
300925923807,Python
300925923807,Kubernetes
300925923807,Java
300925918070,Python
300925918070,NLP
300925918070,React
300925918068,Python
300925918068,Azure
300925918066,Python
300925918066,Machine Learning
300925918066,NLP
300925918066,React
300925918064,Python
300925918064,AWS
300925918064,Kubernetes
300925918062,Python
300925918062,SQL
300925918061,Python
300925918061,SQL
300925918061,AWS
300925918061,Azure
300925918060,Python
300925918060,Java
300925918060,React
300925918058,Python
300925918058,Spark
300925918058,Java
300925918057,Python
300925918057,Machine Learning
300925918056,Python
300925918056,JavaScript
300925918054,Python
300925918054,AWS
300925918054,Azure
300925918050,Python
300925918050,NLP
300925918050,JavaScript
300925918049,Python
300925918049,JavaScript
300925918048,Python
300925918048,JavaScript
300925918046,Python
300925918046,SQL
300925918043,AWS
300925918043,Azure
300925918042,Python
300925918042,SQL
300925918042,AWS
300925918042,Kubernetes
300925918040,Python
300925918040,NLP
300925918040,JavaScript
300925918035,SQL
300925918028,SQL
300925918028,AWS
300925918028,Azure
300925918028,GCP
300925918027,SQL
300925918027,Spark
300925918025,SQL
300925918024,AWS
300925918022,Python
300925918022,Spark
300925918022,Java
300925918019,Python
300925918019,Azure
300925918019,NLP
300925918017,Python
300925918014,Python
300925918014,AWS
300925918014,Docker
300925918014,Kubernetes
300925918011,Python
300925918011,SQL
300925918009,Python
300925918009,NLP
300925918009,JavaScript
300925918008,Python
300925918008,SQL
300925918008,AWS
300925918008,Azure
300925918008,NLP
300925918002,Linux
300925918000,SQL
300925918000,Tableau
300925917997,Python
300925917997,SQL
300925917989,Python
300925917989,AWS
300925917989,Kubernetes
300925917985,SQL
300925917985,Tableau
300925917982,Python
300925917982,Spark
300925917982,Java
300925504326,SQL
300925500770,Excel
300925029810,Python
300925029560,Java
300925028237,Excel
300925025974,Excel
300925024473,Python
300925024473,SQL
300925024473,Generative AI
300925023495,Java
300925012267,Java
300725920680,Excel
290925918376,Kubernetes
290925918376,JavaScript
290925918376,React
290925916696,Excel
290925906198,SQL
290925904121,Python
290925904121,AWS
290925904121,Git
290925903081,Python
290925903081,SQL
290925903081,Java
290925503647,Excel
290925501825,Azure
290925501825,Kubernetes
290925501062,SQL
290925501062,Power BI
290925500838,Git
290925500838,JavaScript
290925500305,Python
290925500305,SQL
290925500305,Power BI
290925500304,Git
290925500122,Linux
290925025080,AWS
290925020015,Java
290925014406,React
290925014120,Java
290925009626,Java
290925009626,React
290925006004,SQL
290925006004,Azure
290925001476,Java
280925003760,React
280925000031,React
280725004490,Java
280325012379,Excel
260925500671,Excel
260925031992,AWS
300925028295,React
300925028077,SQL
300925028077,AWS
300925028058,AWS
300925028058,Java
300925027776,Python
300925027776,Linux
300925027498,SQL
300925026948,React
300925026602,SQL
300925026506,Azure
300925026506,GCP
300925026383,SQL
300925026383,Java
300925026298,Git
300925026298,JavaScript
300925026298,React
300925025401,JavaScript
300925025324,Excel
300925025223,Python
300925025223,SQL
300925025059,Excel
300925024695,SQL
300925024695,Power BI
300925023845,Java
300925023818,JavaScript
300925023764,Linux
300925023512,Python
300925023512,Spark
300925023503,Python
300925023017,Linux
300925023008,Docker
300925023008,Kubernetes
300925023008,Java
300925022926,SQL
300925022926,Machine Learning
300925022835,JavaScript
300925022835,React
300925022694,Java
300925022644,Java
300925022280,JavaScript
300925022280,React
300925022247,Excel
300925022218,Python
300925022218,Machine Learning
300925022218,Git
300925022200,Python
300925022200,SQL
300925022200,Java
300925021923,SQL
300925021923,Power BI
300925021923,Tableau
300925021923,Excel
300925021829,Python
300925021829,SQL
300925021442,AWS
300925021442,Docker
300925021054,SQL
300925021054,Java
300925021054,React
300925020931,Python
300925020931,Kubernetes
300925020930,Python
300925020930,Kubernetes
300925020673,AWS
300925020673,Java
300925020640,Python
300925020640,Machine Learning
300925020640,NLP
300925020527,SQL
300925020442,AWS
300925020442,Java
300925020289,JavaScript
300925020228,Python
300925020228,AWS
300925020228,Docker
300925020228,Git
300925020039,AWS
300925020039,Azure
300925020039,Generative AI
300925020039,Git
300925020022,Excel
300925020015,Docker
300925020015,Java
300925019945,SQL
300925019784,Python
300925019784,JavaScript
300925019766,Machine Learning
300925019766,Docker
300925019723,Kubernetes
300925019691,SQL
300925019691,Java
300925019468,SQL
300925019468,Java
300925019303,Python
300925019303,Java
300925019295,Azure
300925019295,GCP
300925019207,SQL
300925019013,Git
300925018981,SQL
300925018981,Java
300925018979,Java
300925018896,Linux
300925018668,Azure
300925018402,Azure
300925018402,GCP
300925018402,Java
300925018204,React
300925017924,Azure
300925017735,Python
300925017735,Machine Learning
300925017735,Java
300925017573,JavaScript
300925017266,Docker
300925017124,Python
300925017124,React
300925016900,Docker
300925016900,Git
300925016900,Java
300925016539,AWS
300925016539,Java
300925016485,Python
300925016485,React
300925015752,Python
300925015752,SQL
300925015608,Python
300925015608,Generative AI
300925015463,Power BI
300925014921,Azure
300925014921,Kubernetes
300925014892,AWS
300925014892,Linux
300925014865,Python
300925014865,React
300925014718,SQL
300925014622,React
300925014233,Python
300925014233,Generative AI
300925014117,SQL
300925013844,Docker
300925013844,Kubernetes
300925013844,Git
300925013726,Java
300925013726,React
300925013414,Excel
300925013383,Azure
300925013271,JavaScript
300925013271,React
300925013219,Power BI
300925013219,Tableau
300925013219,Excel
300925012940,Excel
300925012929,Java
300925012929,React
300925012883,Python
300925012856,JavaScript
300925012660,Java
300925011910,Java
300925011673,SQL
300925011673,AWS
300925011673,Azure
300925011673,Java
300925011617,SQL
300925011574,Excel
300925011483,Azure
300925011377,JavaScript
300925011375,Java
300925011045,Azure
300925011045,Databricks
300925010935,JavaScript
300925010935,React
300925010903,Python
300925010882,Java
300925010757,Python
300925010757,Azure
300925010757,GCP
300925010757,JavaScript
300925010733,Java
300925010450,Docker
300925010450,Kubernetes
300925010450,Java
300925010416,Power BI
300925010416,Excel
300925010297,AWS
300925010286,Python
300925010286,AWS
300925010286,React
300925010228,Azure
300925010228,JavaScript
300925010188,SQL
300925010188,Java
300925009900,Git
300925009814,React
300925000173,Python
300925000173,SQL
300925000018,SQL
300925000018,Docker
300925000018,Java
300925000005,SQL
300825009993,SQL
300825009993,Java
290925926691,AWS
290925926691,Docker
290925926691,Kubernetes
290925926691,Java
290925926691,React
290925926690,Python
290925926690,Azure
290925926690,Linux
290925926629,SQL
290925926625,SQL
290925926623,SQL
290925926622,Docker
290925926622,Kubernetes
290925926601,Python
290925926601,SQL
290925926597,SQL
290925926594,JavaScript
290925926592,JavaScript
290925926590,JavaScript
290925926589,JavaScript
290925926588,JavaScript
290925926586,JavaScript
290925926583,SQL
290925926580,SQL
290925926576,Python
290925926559,Linux
290925926558,Python
290925926558,Azure
290925926558,Spark
290925926558,Databricks
290925926558,Machine Learning
290925926557,Python
290925926557,Azure
290925926557,Spark
290925926557,Databricks
290925926557,Machine Learning
290925926206,Python
290925926206,SQL
290925926206,Tableau
290925926203,SQL
290925926203,Tableau
290925926203,Excel
290925926199,Python
290925926199,Linux
290925926197,Excel
290925926185,Python
290925926185,AWS
290925926185,JavaScript
290925926184,Excel
290925926177,Python
290925926177,Power BI
290925926176,Python
290925926176,SQL
290925926176,Spark
290925926175,Python
290925926175,SQL
290925926175,Spark
290925926174,Python
290925926174,SQL
290925926174,Spark
290925926173,Python
290925926173,Machine Learning
290925926171,Python
290925926170,Python
290925926169,Machine Learning
290925926168,SQL
290925926168,Spark
290925926168,Java
290925926167,Python
290925926167,Linux
290925926166,Python
290925926166,AWS
290925926166,Kubernetes
290925926165,Python
290925926165,SQL
290925926163,Python
290925926163,JavaScript
290925926162,Python
290925926161,SQL
290925926159,AWS
290925926159,JavaScript
290925926158,Power BI
290925926158,Tableau
290925926156,Python
290925926156,NLP
290925920941,Java
290925920937,Java
290925920937,JavaScript
290925920778,Kubernetes
290925920778,Java
290925920757,Java
290925920757,Linux
290925920747,Java
290925920747,JavaScript
290925920742,Kubernetes
290925920742,Java
290925920740,AWS
290925920740,Docker
290925920740,Git
290925920730,SQL
290925920730,Azure
290925920730,Git
290925920728,Python
290925920728,Kubernetes
290925920728,Java
290925920718,Azure
290925920716,AWS
290925920716,Docker
290925920716,Kubernetes
290925920716,Java
290925920713,Java
290925920712,AWS
290925920712,Java
290925920708,Java
290925920690,Java
290925920690,JavaScript
290925920675,Java
290925920673,SQL
290925920673,JavaScript
290925920672,AWS
290925920672,Java
290925920670,SQL
290925920666,JavaScript
290925920665,SQL
290925920665,JavaScript
290925920665,React
290925920665,Linux
290925919570,Python
290925919570,AWS
290925919570,Kubernetes
290925919556,Python
290925919556,Kubernetes
290925919556,Linux
290925919553,JavaScript
290925919447,SQL
290925919447,Git
290925918584,SQL
290925918417,SQL
290925918417,GCP
290925918417,Linux
290925918414,Python
290925918410,Power BI
290925918410,Tableau
290925918407,Python
290925918407,SQL
290925918407,JavaScript
290925918406,Java
290925918182,SQL
290925918182,Docker
290925918182,Kubernetes
290925917985,Azure
290925917969,SQL
290925917647,SQL
290925917647,AWS
290925917647,Azure
290925917647,Kubernetes
290925917620,Excel
290925917620,JavaScript
290925917563,Python
290925917563,SQL
290925917418,Python
290925917418,SQL
290925917418,AWS
290925917418,Machine Learning
290925917418,NLP
290925917362,Java
290925917362,JavaScript
290925917352,Kubernetes
290925917352,Java
290925917352,JavaScript
290925917298,AWS
290925917290,Azure
290925917290,Java
290925917266,Python
290925917266,AWS
290925916195,Python
290925916195,SQL
290925916195,Tableau
290925916194,Python
290925916193,Kubernetes
290925916108,Python
290925915596,Python
290925915555,Kubernetes
290925915555,Java
290925915554,AWS
290925915554,Kubernetes
290925915554,Java
290925915550,Java
290925915550,JavaScript
290925915494,AWS
290925915494,Java
290925915491,Python
290925915491,Linux
290925915465,Java
290925915465,JavaScript
290925915461,SQL
290925915407,Python
290925915399,AWS
290925915394,AWS
290925915391,GCP
290925915391,Kubernetes
290925915391,Java
290925915386,AWS
290925915384,Python
290925915384,SQL
290925915383,Python
290925915284,SQL
290925915284,Java
290925915284,JavaScript
290925915193,Kubernetes
290925915189,AWS
290925915189,Azure
290925915189,GCP
290925915163,Java
290925915099,Kubernetes
290925915099,Java
290925915097,JavaScript
290925915097,React
290925915096,SQL
290925915093,Java
290925915092,AWS
290925915092,Kubernetes
290925915092,Java
290925915090,SQL
290925915088,SQL
290925915088,Java
290925915071,Python
290925915066,SQL
290925915066,Power BI
290925915064,Python
290925915058,Linux
290925915057,AWS
290925915052,SQL
290925915050,Python
290925915050,Kubernetes
290925915050,Linux
290925915048,Azure
290925915048,Spark
290925915048,Databricks
290925915047,GCP
290925915046,SQL
290925915046,Java
290925915046,Linux
290925914846,AWS
290925914846,Azure
290925914846,GCP
290925914798,Azure
290925914797,Python
290925914797,SQL
290925914797,Machine Learning
290925914797,JavaScript
290925914795,Python
290925914795,SQL
290925914795,Azure
290925914794,Python
290925914794,Java
290925914684,Java
290925914551,Azure
290925914549,Java
290925914549,JavaScript
290925914495,Kubernetes
290925914495,Linux
290925914404,Python
290925914402,Python
290925914402,SQL
290925914402,Java
290925914397,Python
290925914380,React
290925914345,SQL
290925914345,Java
290925914344,SQL
290925914344,Java
290925914343,Java
290925914337,JavaScript
290925914337,React
290925914159,SQL
290925914154,SQL
290925914154,Java
290925914080,JavaScript
290925914079,SQL
290925914079,Azure
290925914078,SQL
290925914078,Azure
290925914077,SQL
290925914077,Azure
290925914075,Kubernetes
290925914075,JavaScript
290925914074,Kubernetes
290925914074,JavaScript
290925914074,React
290925914071,Azure
290925914071,Kubernetes
290925914066,SQL
290925914066,Azure
290925914062,SQL
290925914035,Docker
290925914035,JavaScript
290925914034,Java
290925914029,JavaScript
290925914028,SQL
290925914020,SQL
290925914020,Azure
290925914020,Spark
290925914020,Java
290925914016,Java
290925914016,JavaScript
290925914015,JavaScript
290925914013,Kubernetes
290925914013,Java
290925914013,JavaScript
290925914012,Azure
290925914006,Kubernetes
290925914006,Java
290925914006,JavaScript
290925914006,React
290925914005,Java
290925913999,Python
290925913999,AWS
290925913999,Java
290925913988,Azure
290925913982,Java
290925913978,SQL
290925913978,AWS
290925913978,Kubernetes
290925913973,SQL
290925913973,Azure
290925913965,SQL
290925913965,JavaScript
290925913962,SQL
290925913961,Python
290925913961,SQL
290925913961,AWS
290925913953,Java
290925913953,Linux
290925913948,Azure
290925913946,Python
290925913946,Java
290925913946,JavaScript
290925913945,SQL
290925913941,JavaScript
290925913940,Java
290925913940,React
290925913939,Java
290925913937,AWS
290925913937,Java
290925913936,AWS
290925913936,Azure
290925913913,SQL
290925913912,Azure
290925913912,Kubernetes
290925913906,Python
290925913899,SQL
290925913899,Azure
290925913825,SQL
290925913825,AWS
290925913825,Docker
290925913825,Kubernetes
290925913815,SQL
290925913812,Python
290925913812,Kubernetes
290925913812,Linux
290925913809,Java
290925913805,JavaScript
290925913805,React
290925913706,Java
290925913705,Python
290925913705,AWS
290925913705,Java
290925913693,SQL
290925913693,Azure
290925913692,Git
290925913692,Java
290925913685,SQL
290925913685,AWS
290925913685,Java
290925913684,JavaScript
290925913681,AWS
290925913681,Kubernetes
290925913681,Java
290925913680,Java
290925913676,Azure
290925913675,JavaScript
290925913669,AWS
290925913669,Kubernetes
290925913669,Java
290925913663,React
290925913661,Python
290925913661,Kubernetes
290925913661,Java
290925913649,Git
290925913649,JavaScript
290925913649,React
290925913645,SQL
290925913645,Kubernetes
290925913645,Java
290925913310,Java
290925913309,SQL
290925913299,Java
290925913295,SQL
290925913281,SQL
290925913264,Python
290925913264,Azure
290925913264,Machine Learning
290925913264,Deep Learning
290925913264,NLP
290925913264,Kubernetes
290925913252,AWS
290925913252,Java
290925913247,Azure
290925913247,Kubernetes
290925913245,Kubernetes
290925913240,SQL
290925913236,Java
290925913234,Azure
290925913227,Python
290925913227,Machine Learning
290925913227,NLP
290925913222,JavaScript
290925913220,SQL
290925913220,Azure
290925913210,Azure
290925913207,JavaScript
290925912842,Java
290925912838,AWS
290925912838,Kubernetes
290925912838,Java
290925912837,AWS
290925912837,Java
290925912833,Kubernetes
290925912833,Java
290925912833,JavaScript
290925912832,Azure
290925912829,AWS
290925912829,Docker
290925912829,Git
290925912827,AWS
290925912827,Java
290925912823,Java
290925912822,JavaScript
290925912822,React
290925912818,Python
290925912818,SQL
290925912818,Kubernetes
290925912810,Java
290925912809,Azure
290925912808,Kubernetes
290925912808,React
290925912807,React
290925912805,AWS
290925912805,Azure
290925912805,Java
290925912805,JavaScript
290925912805,React
290925912795,Git
290925912795,Java
290925912791,AWS
290925912787,Java
290925912782,Java
290925912374,Kubernetes
290925912371,SQL
290925912371,Git
290925912371,Java
290925912371,JavaScript
290925912368,Python
290925912368,Git
290925912368,JavaScript
290925912368,Linux
290925912367,SQL
290925912361,Kubernetes
290925912356,Java
290925911825,SQL
290925911825,Java
290925911820,Java
290925911817,Python
290925911817,SQL
290925911817,AWS
290925911816,Python
290925911816,JavaScript
290925911816,React
290925911815,Kubernetes
290925911814,Kubernetes
290925911814,Java
290925911813,SQL
290925911813,Azure
290925911813,React
290925911802,Java
290925911791,Java
290925911787,Java
290925911783,Java
290925911775,SQL
290925911775,Docker
290925911775,Java
290925911774,Kubernetes
290925911774,Java
290925911663,Azure
290925911663,Spark
290925911663,Databricks
290925911268,JavaScript
290925911267,Python
290925911257,SQL
290925911254,AWS
290925911254,Azure
290925911254,Kubernetes
290925911254,Linux
290925911251,Python
290925911250,Python
290925911233,Python
290925911231,SQL
290925911231,Java
290925910585,React
290925909219,SQL
290925909219,Power BI
290925909149,Python
290925909149,Linux
290925909121,Python
290925909121,SQL
290925909094,Excel
290925908302,Python
290925908302,Machine Learning
290925908300,Python
290925908300,Kubernetes
290925908300,Java
290925908220,JavaScript
290925908220,React
290925908007,Python
290925908002,Python
290925908002,AWS
290925908002,Kubernetes
290925908002,Git
290925908002,Java
290925907875,SQL
290925907783,JavaScript
290925907783,Linux
290925905993,Docker
290925905993,JavaScript
290925905809,Linux
290925905545,Java
290925904655,Python
290925904520,Python
290925904520,SQL
290925904520,Power BI
290925904520,Git
290925904340,Python
290925904340,Azure
290925904147,Python
290925903293,Java
290925903289,SQL
290925903288,AWS
290925903288,Kubernetes
290925903288,Git
290925903267,JavaScript
290925903264,AWS
290925903264,Azure
290925903264,Kubernetes
290925903264,Java
290925903246,Python
290925903246,Java
290925903240,SQL
290925903238,Python
290925903238,Azure
290925903226,SQL
290925903226,Azure
290925903225,Python
290925903225,SQL
290925903225,Power BI
290925903223,SQL
290925903218,SQL
290925903206,SQL
290925903200,Azure
290925903200,Kubernetes
290925903187,JavaScript
290925903184,Python
290925903144,JavaScript
290925903130,Python
290925903130,JavaScript
290925903128,Kubernetes
290925903128,Java
290925903128,JavaScript
290925903125,SQL
290925903125,Linux
290925903089,Python
290925903089,SQL
290925903089,Spark
290925903073,SQL
290925903071,Linux
290925903065,Linux
290925903059,Python
290925903058,SQL
290925903058,Java
290925903054,Python
290925903042,Python
290925903042,SQL
290925903042,Spark
290925903030,SQL
290925903030,Linux
290925903028,Python
290925903028,NLP
290925903023,Java
290925903015,Python
290925903015,SQL
290925902996,Spark
290925902984,Linux
290925902977,Python
290925902977,SQL
290925902977,Kubernetes
290925902971,SQL
290925902960,Java
290925902867,Python
290925902867,Kubernetes
290925902827,Python
290925902803,Git
290925902799,Docker
290925902799,Kubernetes
290925902777,Python
290925902376,Python
290925902376,Azure
290925901445,Python
290925901445,Docker
290925901445,Kubernetes
290925503758,Cybersecurity
290925503562,Machine Learning
290925503541,GCP
290925503519,GCP
290925503502,Excel
290925503382,Excel
290925503363,Excel
290925503309,SQL
290925503305,Excel
290925503303,Machine Learning
290925503300,Machine Learning
290925503298,Machine Learning
290925503298,JavaScript
290925503297,Git
290925503297,JavaScript
290925503293,Machine Learning
290925503293,Git
290925503261,SQL
290925503245,Power BI
290925503245,GCP
290925503238,Excel
290925503237,SQL
290925503232,Power BI
290925503232,GCP
290925503230,AWS
290925503221,Excel
290925503216,Java
290925503216,JavaScript
290925503204,Linux
290925503196,Git
290925503137,GCP
290925503137,Deep Learning
290925503134,Linux
290925503121,SQL
290925503116,SQL
290925503116,Git
290925503108,GCP
290925503108,Git
290925503108,JavaScript
290925503094,Git
290925503092,Excel
290925503091,Git
290925503091,Linux
290925503074,Linux
290925503071,JavaScript
290925503052,JavaScript
290925503051,JavaScript
290925502899,React
290925502654,JavaScript
290925502492,JavaScript
290925502491,Excel
290925502451,Machine Learning
290925502437,Machine Learning
290925502422,Git
290925502367,GCP
290925502367,Machine Learning
290925502365,GCP
290925502365,Machine Learning
290925502364,SQL
290925502355,JavaScript
290925502354,Git
290925502294,JavaScript
290925502164,JavaScript
290925502158,GCP
290925502158,NLP
290925502136,Linux
290925502128,Machine Learning
290925502127,Excel
290925502085,Machine Learning
290925502084,Machine Learning
290925502082,AWS
290925502065,JavaScript
290925502056,Machine Learning
290925502054,Linux
290925501980,Power BI
290925501980,Excel
290925501939,Machine Learning
290925501938,JavaScript
290925501938,Linux
290925501933,GCP
290925501925,Git
290925501923,JavaScript
290925501916,Machine Learning
290925501870,Excel
290925501865,Python
290925501865,Spark
290925501865,Machine Learning
290925501863,Python
290925501863,Azure
290925501860,Excel
290925501838,Python
290925501838,SQL
290925501836,Python
290925501831,SQL
290925501830,Azure
290925501829,Git
290925501829,Java
290925501823,SQL
290925501820,Python
290925501811,Docker
290925501811,Kubernetes
290925501452,Python
290925501451,Kubernetes
290925501451,Git
290925501449,Azure
290925501449,Docker
290925501449,Kubernetes
290925501448,Python
290925501448,NLP
290925501392,Excel
290925501380,SQL
290925501380,Java
290925501367,Azure
290925501346,Python
290925501346,SQL
290925501346,Docker
290925501346,Kubernetes
290925501346,Git
290925501345,Python
290925501341,SQL
290925501340,SQL
290925501340,Java
290925501330,Python
290925501330,Azure
290925501317,Python
290925501317,Power BI
290925501317,Azure
290925501316,SQL
290925501316,Azure
290925501316,Docker
290925501245,Azure
290925500943,Java
290925500941,Java
290925500878,JavaScript
290925500847,AWS
290925500847,GCP
290925500847,Git
290925500840,Java
290925500827,Linux
290925500820,JavaScript
290925500807,JavaScript
290925500791,SQL
290925500789,Excel
290925500787,Python
290925500787,GCP
290925500787,Linux
290925500770,SQL
290925500770,Kubernetes
290925500752,Excel
290925500749,SQL
290925500749,GCP
290925500737,JavaScript
290925500734,JavaScript
290925500730,SQL
290925500730,Power BI
290925500730,AWS
290925500714,JavaScript
290925500708,Git
290925500688,Python
290925500688,GCP
290925500688,Linux
290925500650,SQL
290925500603,Python
290925500557,Git
290925500556,Linux
290925500484,JavaScript
290925500483,JavaScript
290925500455,Machine Learning
290925500436,AWS
290925500410,AWS
290925500410,GCP
290925500410,Machine Learning
290925500398,Git
290925027975,Python
290925027832,Azure
290925027069,Power BI
290925027069,Tableau
290925026793,JavaScript
290925026793,React
290925026291,Java
290925026024,Java
290925025920,Python
290925025469,React
290925025350,Python
290925025350,Docker
290925025350,Kubernetes
290925025198,Java
290925025002,JavaScript
290925024707,Azure
290925024707,JavaScript
290925024707,React
290925024638,Power BI
290925024638,JavaScript
290925024266,AWS
290925024266,Java
290925023909,Java
290925023909,JavaScript
290925023439,JavaScript
290925023439,React
290925023214,SQL
290925023157,Azure
290925023157,Kubernetes
290925022564,SQL
290925022288,Docker
290925022288,Kubernetes
290925022288,Java
290925021520,Python
290925021520,Azure
290925021520,Git
290925020338,SQL
290925020103,Python
290925020103,Java
290925019948,SQL
290925019948,Java
290925019948,React
290925019900,Excel
290925019810,Azure
290925019602,Azure
290925019602,Kubernetes
290925019400,Azure
290925019383,Docker
290925019383,Kubernetes
290925019361,AWS
290925019361,Azure
290925019361,Docker
290925019361,Java
290925019099,Azure
290925019099,Machine Learning
290925019024,Linux
290925018877,SQL
290925018877,Power BI
290925018787,AWS
290925018490,Java
290925018076,Docker
290925018031,JavaScript
290925017775,Azure
290925017457,AWS
290925017457,Git
290925017457,Linux
290925017270,Azure
290925017270,Docker
290925017270,Kubernetes
290925017087,Excel
290925016791,Python
290925016791,JavaScript
290925016726,SQL
290925016347,Python
290925016347,SQL
290925015574,Java
290925015574,JavaScript
290925015533,Power BI
290925014700,Java
290925014691,Python
290925014691,AWS
290925014691,Azure
290925014658,SQL
290925014658,Docker
290925014658,Kubernetes
290925014565,React
290925014171,SQL
290925014171,Excel
290925014128,Azure
290925013839,SQL
290925013839,Tableau
290925013792,Python
290925013792,SQL
290925013617,Git
290925013617,Java
290925013526,Java
290925013430,Docker
290925013430,Kubernetes
290925012905,GCP
290925012131,SQL
290925011699,SQL
290925011699,Tableau
290925011661,Kubernetes
290925011479,Linux
290925010923,AWS
290925010923,Azure
290925010890,JavaScript
290925010820,SQL
290925010820,Azure
290925010750,SQL
290925010434,Linux
290925010424,Cybersecurity
290925010424,Linux
290925009748,AWS
290925009748,Git
290925009748,JavaScript
290925009507,Azure
290925008810,SQL
290925008810,AWS
290925008512,SQL
290925008512,Power BI
290925008512,Tableau
290925008512,Excel
290925007970,JavaScript
290925007970,React
290925007840,SQL
290925007840,Docker
290925007840,Java
290925007310,Azure
290925006396,Cybersecurity
290925006046,Azure
290925005906,JavaScript
290925005906,React
290925005899,SQL
290925005899,Java
290925005899,React
290925005891,AWS
290925005891,GCP
290925005891,JavaScript
290925005891,React
290925005890,Python
290925005890,SQL
290925005890,Git
290925004929,Python
290925004929,Machine Learning
290925004929,Deep Learning
290925004929,Generative AI
290925004504,SQL
290925004504,Power BI
290925004320,JavaScript
290925004320,React
290925004253,Java
290925003930,Deep Learning
290925003930,Generative AI
290925003757,Azure
290925003757,Git
290925003757,Java
290925003461,Azure
290925002904,AWS
290925002904,Azure
290925002904,Docker
290925002898,Java
290925002821,SQL
290925002719,Linux
290925002057,SQL
290925001989,GCP
290925001989,Generative AI
290925001989,JavaScript
290925001953,Python
290925001953,Azure
290925001953,Generative AI
290925001905,Python
290925001523,JavaScript
290925001457,Python
290925001457,SQL
290925001456,AWS
290925001456,Java
290925001453,AWS
290925001453,Spark
290925001453,Databricks
290925001453,Git
290925001408,Git
290425015440,Java
290125024320,AWS
290125024320,Azure
290125024320,GCP
290125024320,React
280925004471,React
280925004387,Python
280925004387,SQL
280925004387,Spark
280925004377,AWS
280925004377,Java
280925004363,Python
280925004363,Machine Learning
280925003366,Python
280925003366,Databricks
280825005828,AWS
280725024045,Java
270925012866,Machine Learning
270925012866,Deep Learning
270925012866,NLP
270925012773,AWS
270925012773,Java
270925012585,Docker
270925010204,JavaScript
270925008775,React
270925008673,AWS
270925008166,Kubernetes
270925008052,Git
270925008052,Java
270925008052,React
270925007976,Git
270925007976,React
270925007882,Linux
270925007741,Azure
270925007741,React
270925007710,SQL
270925007710,React
270925007591,Azure
270925007591,Java
270925007591,React
270925007517,Docker
270925007517,Kubernetes
270925007474,Azure
270925007474,Java
270925007474,React
270925007472,SQL
270925007472,Spark
270925007472,Docker
270925007472,Kubernetes
270925006502,Excel
270925006330,SQL
270925006318,Python
270925006318,AWS
270925006318,Java
270925006318,React
270925005993,Tableau
270925005993,Azure
270925005993,Databricks
270925005939,Java
270925005939,React
270925005605,SQL
270925004751,Python
270925004751,Azure
270925004751,React
270925004699,SQL
270925000215,Docker
270925000215,Kubernetes
261124016373,Python
261124016373,AWS
260925930483,Python
260925930483,SQL
260925930483,Azure
260925930407,SQL
260925930369,SQL
260925930354,SQL
260925930354,Git
260925930354,JavaScript
260925930087,SQL
260925929974,React
260925929732,Python
260925929732,Cybersecurity
260925929732,Linux
260925929729,Python
260925929727,Azure
260925929613,Java
260925929612,Java
260925928095,Java
260925928083,Cybersecurity
260925928080,Python
260925928080,Java
260925928079,Python
260925928079,Kubernetes
260925928075,Python
260925928075,AWS
260925928053,Kubernetes
260925928053,Java
260925928047,SQL
260925928047,AWS
260925928047,Spark
260925928043,Python
260925928043,SQL
260925928039,Linux
260925928035,JavaScript
260925928022,Python
260925928022,SQL
260925928022,Spark
260925928022,Java
260925928018,SQL
260925928018,Git
260925928018,Java
260925927961,SQL
260925927961,Tableau
260925927955,JavaScript
260925927861,Docker
260925927861,Kubernetes
260925927836,Git
260925927836,Java
260925927827,SQL
260925927827,Linux
260925927826,JavaScript
260925927826,React
260925927820,Python
260925927820,Kubernetes
260925927820,Linux
260925927815,Python
260925927815,Linux
260925927528,Git
260925927527,Python
260925927523,Java
260925927516,Git
260925927516,Java
260925927516,JavaScript
260925927512,Git
260925927504,Azure
260925927478,Java
260925927475,Java
260925927470,Git
260925927470,Java
260925927240,Python
260925927239,Python
260925927237,Python
260925927236,Linux
260925927222,Python
260925927222,Java
260925926987,SQL
260925926979,SQL
260925926861,SQL
260925926861,JavaScript
260925926855,Python
260925926855,JavaScript
260925926853,SQL
260925926845,Python
260925926843,Python
260925925798,SQL
260925925797,SQL
260925925797,Azure
260925925796,SQL
260925925794,SQL
260925925794,Azure
260925925793,SQL
260925925793,Azure
260925925791,SQL
260925924313,AWS
260925924313,Azure
260925924313,Docker
260925924313,React
260925924308,Azure
260925924308,Kubernetes
260925924308,Java
260925924304,Python
260925924304,Docker
260925924304,Git
260925924303,Java
260925924303,React
260925924303,Linux
260925924301,AWS
260925924299,Java
260925924293,Git
260925924293,React
260925924292,SQL
260925924291,SQL
260925924291,JavaScript
260925924289,AWS
260925924284,Python
260925924284,Linux
260925924283,SQL
260925924282,Python
260925924281,Kubernetes
260925924281,Java
260925924279,Python
260925924279,Linux
260925924278,SQL
260925924276,React
260925924255,AWS
260925924255,Spark
260925924255,Docker
260925924243,SQL
260925924243,JavaScript
260925924241,Cybersecurity
260925924240,Power BI
260925924240,Tableau
260925924240,Spark
260925924239,SQL
260925924239,JavaScript
260925924236,Git
260925924234,Git
260925924232,JavaScript
260925924228,AWS
260925924227,JavaScript
260925924224,Python
260925924224,Java
260925924224,JavaScript
260925924218,SQL
260925924217,SQL
260925924214,Python
260925924214,SQL
260925924213,Git
260925924209,Python
260925924209,Java
260925924208,Python
260925924208,SQL
260925924208,JavaScript
260925924206,SQL
260925924202,SQL
260925924200,Java
260925924197,Java
260925924196,AWS
260925924196,Java
260925924195,GCP
260925924195,Java
260925924194,SQL
260925924194,Azure
260925924187,React
260925924186,Git
260925924184,SQL
260925924165,Python
260925924165,Spark
260925924134,Python
260925924134,SQL
260925924134,NLP
260925924132,Python
260925924132,SQL
260925924132,NLP
260925924124,Java
260925924120,JavaScript
260925924119,Python
260925924116,SQL
260925924115,SQL
260925924110,AWS
260925924110,Git
260925924110,Java
260925924104,Git
260925924104,Java
260925924103,GCP
260925924102,Python
260925924102,Power BI
260925924102,Tableau
260925924102,Databricks
260925924098,Git
260925924097,Git
260925924090,AWS
260925924090,Git
260925924090,Java
260925924088,Python
260925924088,SQL
260925924088,Spark
260925924087,Spark
260925924031,Kubernetes
260925924028,Docker
260925924028,Java
260925923991,Python
260925923989,Azure
260925923945,JavaScript
260925923944,Java
260925923943,Python
260925923925,Docker
260925923925,Java
260925923923,Java
260925923901,Git
260925923901,Java
260925923900,Git
260925923900,Java
260925923895,SQL
260925923895,Spark
260925923895,Docker
260925923894,SQL
260925923894,Spark
260925923894,Docker
260925923889,AWS
260925923889,Spark
260925923889,Git
260925923867,Git
260925923866,Git
260925923827,JavaScript
260925923826,AWS
260925923826,Spark
260925923773,JavaScript
260925923771,SQL
260925923768,Python
260925923768,GCP
260925923768,Spark
260925923766,Python
260925923766,GCP
260925923766,Spark
260925923765,Python
260925923765,SQL
260925923765,Power BI
260925923765,Tableau
260925923760,JavaScript
260925923759,JavaScript
260925923757,Git
260925923755,Git
260925923754,SQL
260925923754,Java
260925923753,Python
260925923752,Java
260925923750,Kubernetes
260925923750,Java
260925923732,Python
260925923729,Python
260925923729,AWS
260925923728,JavaScript
260925923623,Spark
260925923543,Python
260925923543,Linux
260925923524,Java
260925923447,SQL
260925923447,Linux
260925923446,AWS
260925923446,Spark
260925923446,Docker
260925923361,Git
260925923361,Java
260925923340,Java
260925923340,React
260925923339,Databricks
260925923337,SQL
260925923335,SQL
260925923334,Spark
260925923317,Java
260925923132,JavaScript
260925923123,Git
260925923123,Java
260925922955,Python
260925922951,Python
260925922946,Java
260925922944,Python
260925922944,SQL
260925922944,Java
260925922676,Azure
260925922676,React
260925922582,Git
260925922361,SQL
260925922361,Git
260925922361,Linux
260925922360,Python
260925922360,AWS
260925922355,Java
260925922355,JavaScript
260925922354,Git
260925922351,Java
260925922223,Docker
260925922223,Java
260925922102,SQL
260925922099,SQL
260925922085,SQL
260925922085,Tableau
260925922053,AWS
260925922053,Spark
260925922049,Git
260925922049,Java
260925922048,Python
260925922048,Databricks
260925922048,Machine Learning
260925922048,Deep Learning
260925921487,SQL
260925921487,Power BI
260925921487,Tableau
260925921486,SQL
260925921486,Git
260925921119,SQL
260925921100,Java
260925921100,JavaScript
260925921074,Java
260925921074,React
260925921072,Java
260925921071,Java
260925921004,Python
260925921004,SQL
260925921001,Power BI
260925921001,Excel
260925921000,AWS
260925921000,Java
260925921000,React
260925920987,SQL
260925920983,Java
260925920981,Java
260925920976,SQL
260925920975,SQL
260925920968,Python
260925920968,SQL
260925920968,Spark
260925920967,Python
260925920967,SQL
260925920967,Spark
260925920958,Python
260925920946,AWS
260925920946,GCP
260925920943,Azure
260925920943,GCP
260925920936,GCP
260925920936,Git
260925920933,Java
260925920888,SQL
260925920888,Java
260925920885,Python
260925920885,SQL
260925920885,Spark
260925920883,Python
260925920883,SQL
260925920883,Spark
260925920862,SQL
260925920862,AWS
260925920861,SQL
260925920861,AWS
260925920856,Python
260925920856,SQL
260925920855,Python
260925920855,SQL
260925920848,Kubernetes
260925920848,Git
260925920847,Kubernetes
260925920847,Git
260925920838,Python
260925920838,AWS
260925920838,Azure
260925920838,Spark
260925920836,Python
260925920836,AWS
260925920836,Azure
260925920836,Spark
260925920833,JavaScript
260925920831,JavaScript
260925920764,SQL
260925920764,AWS
260925920761,SQL
260925920761,AWS
260925920760,SQL
260925920748,SQL
260925920732,Python
260925920732,SQL
260925920732,AWS
260925920732,Spark
260925920637,SQL
260925920637,AWS
260925920636,SQL
260925920636,AWS
260925920565,AWS
260925920565,React
260925920529,SQL
260925920529,React
260925920524,SQL
260925920524,Java
260925920522,SQL
260925920522,Java
260925920521,SQL
260925920519,SQL
260925920509,SQL
260925920507,SQL
260925920441,Azure
260925920441,Linux
260925920431,Java
260925920405,AWS
260925920404,AWS
260925920301,Java
260925920300,Java
260925920282,Python
260925920282,SQL
260925920282,Power BI
260925920282,Tableau
260925920251,Python
260925920251,Azure
260925920223,JavaScript
260925920222,JavaScript
260925920214,Python
260925920188,Spark
260925920182,Spark
260925920062,Python
260925920062,Machine Learning
260925920059,Python
260925920059,Machine Learning
260925920045,Power BI
260925920045,Tableau
260925920042,Power BI
260925920042,Tableau
260925920037,Azure
260925920037,Spark
260925920037,Databricks
260925920019,AWS
260925920019,Java
260925920019,React
260925920015,AWS
260925920015,Java
260925920015,React
260925920007,Linux
260925920005,SQL
260925920005,Kubernetes
260925919999,Linux
260925919997,Azure
260925919997,Linux
260925919982,Python
260925919982,Power BI
260925919961,Java
260925919960,AWS
260925919886,Python
260925919886,Power BI
260925919879,Azure
260925919879,Spark
260925919879,Databricks
260925919873,Python
260925919873,Spark
260925919848,Java
260925919844,Java
260925919840,Java
260925919838,Linux
260925919837,SQL
260925919837,Spark
260925919837,Docker
260925919827,Java
260925919826,Java
260925919823,React
260925919822,SQL
260925919822,Linux
260925919820,React
260925919818,SQL
260925919815,React
260925919813,Python
260925919813,AWS
260925919812,Kubernetes
260925919812,Java
260925919796,SQL
260925919795,SQL
260925919786,SQL
260925919780,SQL
260925919772,AWS
260925919731,Azure
260925919730,Azure
260925919698,Azure
260925919697,Spark
260925919693,GCP
260925919673,Python
260925919671,Python
260925919669,Spark
260925919668,Spark
260925919664,Python
260925919664,Tableau
260925919654,React
260925919603,Spark
260925919598,AWS
260925919598,GCP
260925919598,Java
260925919597,AWS
260925919597,GCP
260925919597,Java
260925919587,AWS
260925919587,Azure
260925919587,Java
260925919586,AWS
260925919586,Azure
260925919586,Java
260925919584,GCP
260925919581,SQL
260925919581,GCP
260925919574,AWS
260925919561,Azure
260925919561,Kubernetes
260925919561,Cybersecurity
260925919560,Azure
260925919560,Kubernetes
260925919560,Cybersecurity
260925919541,SQL
260925919538,AWS
260925919538,Linux
260925919530,AWS
260925919530,Cybersecurity
260925919528,React
260925919526,AWS
260925919526,React
260925919521,JavaScript
260925919521,Linux
260925919516,Git
260925919512,Git
260925919512,React
260925919511,Azure
260925919510,Cybersecurity
260925919508,JavaScript
260925919486,SQL
260925919484,Python
260925919484,SQL
260925919484,Azure
260925919468,Python
260925919468,JavaScript
260925919436,AWS
260925919436,Java
260925919432,Python
260925919428,Git
260925919427,Java
260925919419,Python
260925919419,Java
260925919417,Java
260925919389,Cybersecurity
260925919357,JavaScript
260925919356,JavaScript
260925919337,AWS
260925919306,Python
260925919306,Docker
260925919306,React
260925919305,Python
260925919305,Docker
260925919305,React
260925919301,AWS
260925919301,Java
260925919300,AWS
260925919300,Java
260925919297,GCP
260925919297,Java
260925919296,GCP
260925919296,Java
260925919291,Azure
260925919282,Python
260925919262,AWS
260925919262,Docker
260925919262,Kubernetes
260925919262,Java
260925919245,Power BI
260925919238,Python
260925919238,Azure
260925919238,Spark
260925919237,Python
260925919237,Azure
260925919237,Spark
260925919232,Power BI
260925919232,Azure
260925919232,Databricks
260925919231,Power BI
260925919231,Azure
260925919231,Databricks
260925919157,SQL
260925919139,Excel
260925919076,SQL
260925918939,Java
260925918938,Java
260925918827,Python
260925918827,SQL
260925918827,Azure
260925918827,Spark
260925918826,Python
260925918826,SQL
260925918826,Azure
260925918826,Spark
260925918819,Azure
260925918817,Azure
260925918814,Tableau
260925918811,Tableau
260925918810,JavaScript
260925918808,SQL
260925918808,Power BI
260925918808,AWS
260925918808,Azure
260925918807,SQL
260925918807,Power BI
260925918807,AWS
260925918807,Azure
260925918779,Python
260925918779,SQL
260925918779,Azure
260925918779,Spark
260925918779,Databricks
260925918769,Kubernetes
260925918767,AWS
260925918767,Git
260925918744,SQL
260925918743,SQL
260925918741,Cybersecurity
260925918736,AWS
260925918734,SQL
260925918732,SQL
260925918732,Power BI
260925918729,SQL
260925918728,SQL
260925918727,Python
260925918604,SQL
260925918604,Power BI
260925918604,AWS
260925918604,Azure
260925918604,GCP
260925918603,Excel
260925918583,Java
260925918568,Java
260925918534,Git
260925918533,AWS
260925918522,SQL
260925918496,Python
260925918496,Java
260925918495,Python
260925918495,Java
260925918492,Python
260925918492,SQL
260925918492,Spark
260925918490,Java
260925918484,Python
260925918484,Spark
260925918029,SQL
260925918029,Java
260925918028,SQL
260925918016,Python
260925918016,AWS
260925918016,Azure
260925918016,GCP
260925918016,Kubernetes
260925918015,Kubernetes
260925916909,JavaScript
260925916907,Python
260925916907,SQL
260925916906,Python
260925916906,SQL
260925916885,Python
260925916885,SQL
260925916885,Azure
260925916884,Linux
260925916881,Java
260925916881,JavaScript
260925916879,Python
260925916879,SQL
260925916879,AWS
260925916879,GCP
260925916879,Kubernetes
260925916601,Python
260925916601,Azure
260925916601,Kubernetes
260925915751,Python
260925915750,Tableau
260925915747,Java
260925915746,Python
260925915744,SQL
260925915694,JavaScript
260925915692,Python
260925915692,SQL
260925915692,Azure
260925915692,Databricks
260925915688,Java
260925915688,JavaScript
260925915686,AWS
260925915683,Python
260925915683,AWS
260925915683,Git
260925915681,Linux
260925915680,Azure
260925915680,Databricks
260925915677,Linux
260925915675,Python
260925915675,SQL
260925915672,JavaScript
260925915666,Java
260925915665,Python
260925915656,Python
260925915655,SQL
260925915649,Python
260925915649,SQL
260925915649,AWS
260925915649,Spark
260925915645,Python
260925915644,Python
260925915644,SQL
260925915641,JavaScript
260925915640,Python
260925915635,Python
260925915635,SQL
260925915634,Kubernetes
260925915633,SQL
260925915630,Java
260925915626,SQL
260925915618,SQL
260925915616,Excel
260925915615,Python
260925915615,GCP
260925915615,Java
260925915610,SQL
260925915610,Java
260925915609,Java
260925915609,JavaScript
260925915609,React
260925915608,Java
260925915607,SQL
260925915603,SQL
260925915594,Python
260925915593,Python
260925915593,Git
260925915593,Linux
260925915587,SQL
260925915587,JavaScript
260925915463,React
260925915461,Kubernetes
260925915295,Java
260925915289,SQL
260925915275,SQL
260925915275,Java
260925915246,Python
260925915246,Kubernetes
260925915246,Linux
260925915242,Python
260925915242,NLP
260925915242,Java
260925915242,Linux
260925915233,SQL
260925915225,Python
260925915225,SQL
260925915218,SQL
260925915218,Java
260925915216,SQL
260925915195,Python
260925915195,GCP
260925915195,Java
260925915191,SQL
260925915191,Java
260925915188,AWS
260925915188,Kubernetes
260925915188,Java
260925915186,Azure
260925915185,Kubernetes
260925915185,Java
260925915176,Kubernetes
260925915176,JavaScript
260925915164,Python
260925915164,Spark
260925915140,Java
260925915133,Python
260925915133,Java
260925915131,JavaScript
260925915131,React
260925915099,Python
260925915099,Machine Learning
260925915096,Java
260925915093,Azure
260925915089,Java
260925915085,Java
260925915079,Python
260925915076,Linux
260925915074,Spark
260925915074,Git
260925915072,SQL
260925915066,Kubernetes
260925915066,Cybersecurity
260925914979,SQL
260925914821,SQL
260925914821,AWS
260925914821,Azure
260925914820,SQL
260925914820,AWS
260925914820,Linux
260925914819,Python
260925914819,SQL
260925914816,Python
260925914815,SQL
260925914814,Java
260925914814,Linux
260925914813,AWS
260925914809,Python
260925914806,Python
260925914800,SQL
260925914800,Power BI
260925914793,Python
260925914793,Kubernetes
260925914793,Git
260925914788,Python
260925914788,Machine Learning
260925914788,NLP
260925914783,Python
260925914783,SQL
260925914783,JavaScript
260925914779,SQL
260925914779,Java
260925914776,Java
260925914769,Kubernetes
260925914769,Git
260925914639,Python
260925914636,Python
260925914636,Kubernetes
260925914636,Java
260925914636,React
260925914334,Azure
260925914305,Java
260925914305,JavaScript
260925914302,Azure
260925914289,Python
260925914289,Git
260925914289,Linux
260925914284,Java
260925914284,JavaScript
260925914274,SQL
260925914272,SQL
260925914265,Java
260925914258,Java
260925914256,Java
260925914256,JavaScript
260925914252,AWS
260925914252,Java
260925914248,Python
260925914242,Power BI
260925914242,Excel
260925914241,SQL
260925914241,Azure
260925914241,Databricks
260925914238,SQL
260925914237,Git
260925914229,AWS
260925914229,Git
260925914229,Java
260925914227,Python
260925914227,Git
260925914226,Python
260925914222,SQL
260925914217,Docker
260925914214,Kubernetes
260925914208,SQL
260925914204,Python
260925914204,SQL
260925914200,JavaScript
260925914193,Azure
260925914189,SQL
260925914181,Java
260925914179,Python
260925914178,Java
260925914175,Git
260925914172,Python
260925914172,SQL
260925914172,AWS
260925914171,Python
260925914171,Power BI
260925914171,Java
260925914171,JavaScript
260925913298,Python
260925913298,SQL
260925913298,AWS
260925913298,Spark
260925912786,SQL
260925912786,Java
260925912784,Java
260925912742,Java
260925911922,Python
260925911922,React
260925911312,Python
260925911312,Kubernetes
260925911293,Python
260925911293,Azure
260925911208,Python
260925910550,JavaScript
260925910550,React
260925910295,Java
260925910263,Java
260925910263,JavaScript
260925908919,Python
260925908918,Linux
260925908787,Python
260925908785,SQL
260925908780,Azure
260925908779,AWS
260925908779,Linux
260925908758,Python
260925908758,SQL
260925908757,SQL
260925908750,Python
260925908750,Spark
260925908750,Git
260925908750,Java
260925908749,SQL
260925908739,Power BI
260925908736,JavaScript
260925908732,Python
260925908732,Kubernetes
260925908732,Linux
260925908722,Linux
260925908718,Python
260925908718,AWS
260925908718,GCP
260925908718,Kubernetes
260925908718,Linux
260925908715,SQL
260925908709,Python
260925908709,AWS
260925908709,Azure
260925908700,SQL
260925908658,SQL
260925908658,Azure
260925908635,Python
260925908635,SQL
260925908635,Azure
260925908634,Java
260925908631,Java
260925908563,Python
260925907404,AWS
260925907393,Python
260925504599,JavaScript
260925504596,SQL
260925504596,JavaScript
260925504535,SQL
260925504535,JavaScript
260925504523,Git
260925504523,React
260925504510,Java
260925504500,Git
260925504478,Git
260925504475,SQL
260925504467,JavaScript
260925504413,Python
260925504413,SQL
260925504413,Machine Learning
260925504411,JavaScript
260925504359,Python
260925504359,SQL
260925504359,Machine Learning
260925504357,GCP
260925504324,SQL
260925504321,SQL
260925504281,Python
260925504279,Excel
260925504222,SQL
260925504026,Python
260925504026,NLP
260925503773,JavaScript
260925503770,JavaScript
260925503769,JavaScript
260925503720,Git
260925503720,Linux
260925503705,Linux
260925503704,Linux
260925503679,GCP
260925503668,Excel
260925503597,Power BI
260925503597,Excel
260925502577,Power BI
260925502534,Azure
260925502534,Spark
260925502532,Python
260925502532,Machine Learning
260925502532,Deep Learning
260925502532,NLP
260925502530,Python
260925502530,Git
260925502529,SQL
260925502481,Power BI
260925502210,Docker
260925502210,Git
260925502210,Java
260925502210,React
260925502204,Azure
260925502198,Azure
260925502196,Azure
260925502195,SQL
260925502176,SQL
260925502162,Python
260925502162,Machine Learning
260925502161,Python
260925502139,Docker
260925502139,Git
260925502139,Java
260925502015,Python
260925502015,Azure
260925502015,Machine Learning
260925502011,Python
260925501330,Excel
260925501285,GCP
260925501265,JavaScript
260925501259,Excel
260925501255,GCP
260925501249,Git
260925501249,JavaScript
260925501248,Git
260925501248,JavaScript
260925501244,Linux
260925501238,Linux
260925501233,Linux
260925501225,Linux
260925501165,Git
260925501161,Git
260925501056,GCP
260925500989,JavaScript
260925500967,AWS
260925500967,JavaScript
260925500953,Git
260925500933,Machine Learning
260925500879,AWS
260925500879,GCP
260925500870,Git
260925500844,Linux
260925500789,Linux
260925500779,JavaScript
260925500775,Git
260925500765,JavaScript
260925500764,Linux
260925500731,Git
260925500713,Linux
260925500712,Machine Learning
260925500712,NLP
260925500586,JavaScript
260925500584,SQL
260925500518,JavaScript
260925500518,Linux
260925500446,JavaScript
260925500445,JavaScript
260925500442,JavaScript
260925032123,SQL
260925031859,SQL
260925031217,SQL
260925031217,Azure
260925031217,Git
260925031151,Java
260925031016,SQL
260925030729,SQL
260925030622,JavaScript
260925030622,React
260925030429,JavaScript
260925030429,React
260925030309,SQL
260925030309,Azure
260925030309,Java
260925030309,JavaScript
260925030145,Git
260925030145,Java
260925029641,React
260925029437,JavaScript
260925029437,React
260925029408,JavaScript
260925029408,React
260925029101,SQL
260925029101,AWS
260925029101,Java
260925029093,Python
260925029093,Generative AI
260925029093,React
260925028087,Excel
260925028070,Python
260925028070,Git
260925028067,Excel
260925027925,Machine Learning
260925027644,Excel
260925027554,Excel
260925027232,Excel
260925026544,SQL
260925026126,SQL
260925026122,SQL
260925025830,Python
260925025671,Git
260925025671,React
260925025272,Power BI
260925025152,Power BI
260925025152,GCP
260925024994,Azure
260925024994,Kubernetes
260925024976,Python
260925024976,Azure
260925024976,Docker
260925024976,Kubernetes
260925024733,SQL
260925024733,Power BI
260925024733,Azure
260925024733,Generative AI
260925024323,Python
260925024323,SQL
260925024323,Power BI
260925024258,Java
260925024237,SQL
260925023306,Linux
260925023109,Azure
260925023109,Docker
260925023050,Python
260925022830,Python
260925022830,SQL
260925022830,GCP
260925022830,Spark
260925022814,Kubernetes
260925022741,SQL
260925022741,Power BI
260925022140,Power BI
260925022140,Azure
260925022139,Power BI
260925020635,AWS
260925020635,React
260925020556,Python
260925019030,Excel
260925018466,Power BI
260925018466,Tableau
260925018355,JavaScript
260925017721,SQL
260925017721,Power BI
260925017425,Java
260925017425,JavaScript
260925017425,React
260925017346,Python
260925017346,Java
260925017257,Python
260925017257,Machine Learning
260925017257,Generative AI
260925016857,AWS
260925015349,Python
260925015349,JavaScript
260925015231,Docker
260925015231,Java
260925014660,Python
260925014660,Generative AI
260925014479,Azure
260925014479,Java
260925014477,SQL
260925014477,Linux
260925014366,Python
260925014107,SQL
260925014107,Azure
260925013479,Linux
260925013462,Excel
260925013412,Azure
260925012671,AWS
260925012653,GCP
260925012653,Cybersecurity
260925012619,Git
260925012619,React
260925012583,Python
260925012583,Machine Learning
260925012508,Azure
260925012508,Git
260925012508,React
260925012407,SQL
260925012407,AWS
260925012407,Azure
260925012243,Docker
260925011656,GCP
260925011271,AWS
260925011037,Python
260925011037,Kubernetes
260925010987,Power BI
260925010945,Azure
260925010945,Kubernetes
260925010676,Java
260925010627,Java
260925009385,Java
260925009093,Power BI
260925008817,SQL
260925008817,AWS
260925008817,Azure
260925008333,Python
260925008231,Linux
260925008196,SQL
260925007661,Excel
260925007336,Python
260925005831,Excel
260925000534,Azure
260925000534,Spark
260925000534,Databricks
260925000534,Java
260925000534,JavaScript
260925000385,Excel
260925000208,AWS
260825020362,Azure
260825004545,Python
250925913516,Python
250925507434,SQL
250925024684,React
250925023466,Power BI
250925023466,Excel
250925023356,SQL
250925023356,Java
250925021189,Python
250925021189,Java
250925021189,Linux
250925015757,Excel
250925008003,Spark
250925008003,Java
250925007472,Kubernetes
250925007161,Java
250925006683,SQL
250925006650,SQL
250825007170,AWS
250825007170,Azure
250825007170,GCP
250825007170,JavaScript
250825006644,Excel
250725025562,SQL
250725025562,AWS
240925929473,JavaScript
240925503794,Git
240925503475,Linux
240925028761,Git
240925013942,Excel
240925013019,SQL
240925013019,Excel
240925009309,SQL
240925009309,Power BI
240925009309,Tableau
240925008936,Python
230925926857,Python
230925926400,Python
230925926400,NLP
230925917156,Python
230925917156,Machine Learning
230925917156,NLP
230925917156,Cybersecurity
230925917142,Python
230925917142,AWS
230925917142,Kubernetes
230925507852,Python
230925507852,NLP
230925507852,Kubernetes
230925506814,Excel
230925506649,Excel
230925506604,Excel
230925506261,Excel
230925506202,Linux
230925506033,Excel
230925506014,Excel
230925505525,Git
230925505525,JavaScript
230925505525,Linux
230925505465,Excel
230925505465,Machine Learning
230925505245,Excel
230925505185,Machine Learning
230925505185,Deep Learning
230925505157,Git
230925505126,Git
230925504323,Python
230925504323,Azure
230925504323,Docker
230925504323,Kubernetes
230925036785,JavaScript
230925036785,React
230925027533,Excel
230925011683,Python
230925011683,Machine Learning
230925011683,Deep Learning
230925010783,Python
230925010783,Spark
230625021994,Java
220925026790,Azure
220925018878,Java
220925011738,Excel
220925010769,Java
220925003974,Python
220925003974,Docker
220925003974,JavaScript
220925001851,Azure
220825011661,SQL
220825011661,Azure
220825011661,JavaScript
220725023231,Python
220725023231,Azure
210925005860,Power BI
210825028579,Excel
210825022256,SQL
200925009483,Java
200925009236,SQL
200825033449,Spark
200825033449,Java
200825015390,Java
200825015390,React
200325007554,SQL
190925916730,SQL
190925023784,SQL
190925023784,Java
190925022062,Python
190925008841,Java
190825010178,Python
190825010178,SQL
190825010178,Power BI
190825010178,Tableau
190225017288,Git
180925033362,Python
180925033362,Azure
180925033362,GCP
180925033362,Docker
180925033362,JavaScript
180925032872,Python
180925032872,Git
180925028253,Python
180925028253,Azure
180625012306,SQL
180625012306,GCP
180625012306,Kubernetes
180625012306,JavaScript
180625011226,Linux
180225025812,Azure
180225025812,Kubernetes
170725037503,AWS
170725037503,Java
170725033151,Cybersecurity
160725026780,SQL
160525031780,Python
150925011370,Excel
131224004309,SQL
130825003586,Azure
130825003586,Generative AI
130825003586,JavaScript
130225016998,Excel
120925014368,Java
120925008123,Cybersecurity
120925006366,JavaScript
120925006366,React
120925001503,JavaScript
120925001503,React
110925035984,Java
110925010932,Python
110925010932,AWS
110925010932,Docker
110925010932,Kubernetes
110925010932,Linux
110825013670,SQL
110825013670,Azure
110825013670,Spark
110825013670,Databricks
110825008721,AWS
110825008721,Azure
100925041647,Python
100925041647,AWS
100925026860,SQL
100925023006,Kubernetes
100925013977,Python
100925009047,Excel
100725017814,SQL
100725017814,Spark
90725017546,Excel
80925015963,Power BI
80925015963,Tableau
80925015963,Excel
80825931144,SQL
80825931144,Power BI
80825011664,SQL
80825011664,JavaScript
80425017177,SQL
80425017177,Power BI
80125019992,GCP
70825013702,Python
60925007715,Excel
60825021840,Azure
60825021840,JavaScript
60825021840,React
50925921332,Java
50925921332,JavaScript
50925919824,SQL
50925919824,Java
50925023987,Python
50925023987,SQL
50925023987,Cybersecurity
50925023987,Linux
50925018126,AWS
50925018126,Java
50925011358,Python
50925006045,Azure
50925006045,Cybersecurity
40925029837,Python
40925017366,Azure
40925015321,AWS
40925008338,SQL
40925008338,Azure
40825010354,Java
40825009821,AWS
40825009821,Java
40825007053,Python
40825007053,GCP
40825007053,Kubernetes
40725019304,Python
31025920075,SQL
31025920075,Power BI
31025920075,Tableau
31025913534,Machine Learning
31025913534,NLP
31025909350,Machine Learning
31025020527,Python
31025020527,SQL
31025020527,AWS
31025020241,AWS
31025020241,React
31025019787,SQL
31025019584,Python
31025019584,JavaScript
31025019584,React
31025019583,Excel
31025017997,Java
31025017920,Java
31025017521,AWS
31025017099,AWS
31025017099,Azure
31025017099,Git
31025017099,Java
31025016275,Python
31025016275,Generative AI
31025015923,Python
31025015923,AWS
31025015923,Azure
31025015923,Java
31025015923,JavaScript
31025013719,Java
31025012291,AWS
31025011354,Git
31025011354,Java
31025010508,Python
31025010508,Azure
31025009133,Python
31025009133,SQL
31025009133,React
31025008526,React
31025007593,Python
31025007593,JavaScript
31025007593,React
31025007318,Python
31025007318,SQL
31025006639,SQL
31025005101,SQL
31025004853,Java
31025004694,Spark
31025004314,SQL
31025003881,Power BI
31025003695,AWS
31025003695,Azure
31025003695,React
31025003160,Excel
31025002853,Deep Learning
31025002853,NLP
31025002820,Excel
31025002600,SQL
31025002600,AWS
31025002600,Azure
31025002600,Java
31025001572,Python
31025001572,SQL
31025001572,AWS
31025001281,Python
31025001281,AWS
31025001281,Azure
30925026733,Azure
30925026733,Generative AI
30925026733,JavaScript
30925011214,Excel
30925011082,Excel
30725912756,AWS
30725912756,Azure
30725912756,GCP
30725912683,JavaScript
30725912033,Java
30725029906,React
30625012324,AWS
30125007168,Linux
21025009438,Excel
21025008478,Excel
21025008074,Excel
21025007723,Python
21025007628,JavaScript
21025007524,Excel
21025007354,Java
20925022111,Python
20925022111,Azure
20925016477,Python
20925016477,Java
20925016477,React
20925011682,Power BI
20925011682,Azure
20925011682,Databricks
20925009971,Python
20925009971,Azure
20824015456,Python
20824015456,Java
20725930471,JavaScript
20725930470,Cybersecurity
20725928716,Python
20725928716,SQL
20725928715,Python
20725928715,Cybersecurity
20725928712,SQL
20725928710,SQL
20725928710,Docker
20725928710,Java
20725928707,SQL
20725928707,Tableau
20725928706,Python
20725928706,NLP
20725928705,Python
20725928705,NLP
20725928694,SQL
20725928692,Python
20725928692,SQL
20725928692,Spark
20725928691,Azure
20725928691,Kubernetes
20725928216,AWS
20725928216,Azure
20725928212,Python
20725928204,Python
20725928204,SQL
20725928203,Power BI
20725928199,Python
20725928199,SQL
20725928199,Spark
20725928198,Python
20725928196,JavaScript
20725928193,AWS
20725928193,Azure
20725927948,Python
20725927948,Cybersecurity
20725927943,JavaScript
20725927887,JavaScript
20725927886,Python
20725927886,Machine Learning
20725927886,NLP
20725927885,JavaScript
20725027216,SQL
20725027216,Git
20725027216,JavaScript
20225001519,Machine Learning
11025918079,Excel
11025918077,Excel
11025021731,AWS
11025021731,Azure
11025021731,GCP
11025019472,Excel
11025018831,Python
11025018831,Docker
11025018831,Git
11025016640,Azure
11025015143,SQL
11025015025,SQL
11025015025,Java
11025012579,Power BI
11025011816,Java
11025011585,Python
11025011585,SQL
11025010188,Power BI
11025010188,React
10925004620,Python
10825912820,Python
10825912820,Machine Learning
10825912820,Kubernetes
10825912818,SQL
300925930305,SQL
300925930305,Power BI
300925930305,Excel
300925930300,Power BI
300925930300,Azure
300925930292,Cybersecurity
300925930278,SQL
300925930278,Power BI
300925930278,Azure
300925930258,SQL
300925930258,Power BI
300925930258,Tableau
300925930247,Power BI
300925930247,Tableau
300925926128,Excel
300925926126,Excel
300925926123,Excel
300925925895,Cybersecurity
300925925656,SQL
300925925656,Spark
300925925656,Databricks
300925925101,Git
300925925101,Java
300925924114,Azure
300925924112,AWS
300925924112,Kubernetes
300925924112,Linux
300925924050,Python
300925924050,NLP
300925924050,Kubernetes
300925924047,Python
300925924047,Kubernetes
300925924044,Python
300925923703,Power BI
300925922291,SQL
300925918289,Git
300925918289,React
300925915667,Python
300925915667,Kubernetes
300925915666,Python
300925915666,AWS
300925915666,Kubernetes
300925915660,Python
300925915660,Docker
300925915660,Kubernetes
300925915660,Java
300925914390,NLP
300925914390,Docker
300925914390,Kubernetes
300925914390,React
300925914235,Git
300925914235,Java
300925914222,Machine Learning
300925914222,Docker
300925914222,Kubernetes
300925914220,Docker
300925914220,Kubernetes
300925914220,React
300925912091,Java
300925504950,JavaScript
300925504950,Linux
300925504915,Azure
300925504914,Excel
300925504640,Git
300925504563,Python
300925504499,Git
300925504481,Git
300925504404,JavaScript
300925504392,Git
300925504392,JavaScript
300925504390,Linux
300925504372,Cybersecurity
300925504358,Excel
300925504345,JavaScript
300925504314,Python
300925504314,Linux
300925504294,Machine Learning
300925504207,Linux
300925504200,SQL
300925504199,Linux
300925504197,GCP
300925504197,Machine Learning
300925504146,Linux
300925504129,Excel
300925504072,Excel
300925504062,SQL
300925504062,Machine Learning
300925504062,NLP
300925503969,Machine Learning
300925503817,GCP
300925503047,SQL
300925502866,Excel
300925502766,SQL
300925502766,Power BI
300925502763,JavaScript
300925502758,SQL
300925502732,Machine Learning
300925502726,Machine Learning
300925502726,Deep Learning
300925502658,Machine Learning
300925502658,NLP
300925502614,SQL
300925502614,AWS
300925502614,Machine Learning
300925502503,Excel
300925502463,Java
300925502463,JavaScript
300925502462,Java
300925502462,JavaScript
300925502458,Git
300925502458,JavaScript
300925502454,Java
300925501067,Git
300925501064,Git
300925501063,SQL
300925500946,Python
300925500946,Machine Learning
300925500946,NLP
300925500875,GCP
300925500859,Git
300925500643,Git
300925500639,Machine Learning
300925500637,SQL
300925500637,Machine Learning
300925500637,JavaScript
300925500622,Linux
300925500498,Git
300925500447,SQL
300925500447,GCP
300925500329,AWS
300925500258,SQL
300925500258,Machine Learning
300925500258,Java
300925500234,GCP
300925500234,Machine Learning
300925500232,Git
300925500232,JavaScript
300925500231,AWS
300925500230,GCP
300925500230,Machine Learning
300925500053,Python
300925030142,SQL
300925029728,GCP
300925029728,Java
300925029479,Python
300925029479,Power BI
300925029479,GCP
300925029120,AWS
300925029120,Git
300925029120,JavaScript
300925028740,Docker
300925028740,Kubernetes
300925028740,Linux
300925028671,Python
300925028671,Azure
300925028671,Machine Learning
300925028531,AWS
300925028531,Git
300925028531,Java
300925027990,Java
300925027845,Python
300925027845,Azure
300925026780,Excel
300925026331,AWS
300925025777,Java
300925025053,Excel
300925024736,Power BI
300925024478,React
300925022184,React
300925022148,SQL
300925022148,AWS
300925022148,Spark
300925022115,Java
300925021938,Python
300925021938,AWS
300925021823,SQL
300925021823,AWS
300925021823,Azure
300925021823,GCP
300925021823,Spark
300925021823,Java
300925021653,Excel
300925021349,SQL
300925021135,Python
300925021135,Machine Learning
300925021135,Generative AI
300925020601,Excel
300925019684,Power BI
300925019684,Tableau
300925018139,React
300925017582,SQL
300925015290,Python
300925015290,SQL
300925014956,SQL
300925014956,Azure
300925014956,React
300925014926,Java
300925014872,Python
300925014872,Machine Learning
300925014468,SQL
300925014468,React
300925014232,Git
300925013443,Python
300925013443,Azure
300925013443,Machine Learning
300925012947,AWS
300925012947,Azure
300925012947,GCP
300925012947,Git
300925012284,SQL
300925012284,Power BI
300925012284,Tableau
300925012070,Python
300925012070,Java
300925011646,Python
300925011646,SQL
300925011646,Machine Learning
300925011539,Python
300925011539,SQL
300925011539,Azure
300925011539,Spark
300925011289,Python
300925011289,SQL
300925011289,Azure
300925011289,Git
300925011289,React
300925011113,Python
300925011113,SQL
300925011113,Power BI
300925011113,Tableau
300925011113,Azure
300925011113,Machine Learning
300925011112,Python
300925011112,Java
300925011077,Python
300925011077,Java
300925010553,SQL
300925010553,Java
300925010459,Azure
300925010067,Java
300925009916,Python
300925009916,Java
300725018411,Azure
300624001639,JavaScript
300525019157,SQL
300525019157,Linux
290925926555,Cybersecurity
290925926554,Python
290925926554,Machine Learning
290925926553,Python
290925926553,Machine Learning
290925926553,NLP
290925920682,Java
290925920682,React
290925919805,Python
290925919805,Docker
290925919805,Kubernetes
290925919805,Git
290925919802,Python
290925919802,Kubernetes
290925919801,Python
290925919801,Kubernetes
290925919799,Python
290925919799,Spark
290925919798,Python
290925919798,Kubernetes
290925919797,Python
290925919797,AWS
290925919797,Azure
290925919792,AWS
290925919440,Python
290925919440,Kubernetes
290925919437,Python
290925919437,Docker
290925919437,Kubernetes
290925919437,Java
290925919434,Java
290925918650,Python
290925918650,SQL
290925918650,Spark
290925918413,Python
290925918412,Python
290925918412,Machine Learning
290925918412,Kubernetes
290925918408,Python
290925918408,Linux
290925918403,Python
290925918403,Kubernetes
290925918285,Java
290925918285,JavaScript
290925918280,Python
290925918280,NLP
290925918279,Python
290925918279,Kubernetes
290925918278,Python
290925918278,Docker
290925918278,Kubernetes
290925918278,Java
290925918277,Python
290925918277,SQL
290925918277,GCP
290925918277,Java
290925917752,Python
290925917606,Python
290925917606,Azure
290925917606,Spark
290925917606,Databricks
290925917498,Linux
290925915451,Git
290925915094,Java
290925915063,Java
290925915063,JavaScript
290925914935,JavaScript
290925914395,Java
290925914391,JavaScript
290925914384,JavaScript
290925914384,React
290925914032,SQL
290925914032,Kubernetes
290925914032,Java
290925913942,JavaScript
290925913938,JavaScript
290925913287,Java
290925913238,Python
290925913238,Power BI
290925913238,Tableau
290925913238,Spark
290925912819,Java
290925912819,React
290925912365,AWS
290925912365,Docker
290925912365,Kubernetes
290925912222,Java
290925912222,JavaScript
290925911235,Linux
290925910595,Excel
290925910584,Python
290925903252,Python
290925903252,SQL
290925903242,SQL
290925903242,Spark
290925903210,Python
290925903210,Git
290925903210,Linux
290925903120,Python
290925903120,Linux
290925903114,SQL
290925903060,Java
290925902981,Java
290925902352,Python
290925902352,Azure
290925902352,NLP
290925902352,Generative AI
290925902325,Power BI
290925902325,Tableau
290925901812,Azure
290925901812,GCP
290925901812,NLP
290925901812,Generative AI
290925503663,Excel
290925503614,Excel
290925503409,GCP
290925503400,GCP
290925503307,Java
290925503274,Java
290925503236,Machine Learning
290925503236,Git
290925503206,Linux
290925503169,JavaScript
290925503147,Excel
290925503117,Git
290925503117,Linux
290925503112,Git
290925503063,Python
290925503063,SQL
290925503063,Git
290925503062,Python
290925503062,GCP
290925503062,JavaScript
290925503023,Python
290925503023,SQL
290925503023,Git
290925502901,Python
290925502901,Machine Learning
290925502901,NLP
290925502600,Excel
290925502520,Python
290925502497,Cybersecurity
290925502480,React
290925502454,SQL
290925502385,GCP
290925502384,Git
290925502369,Linux
290925502342,Git
290925502342,JavaScript
290925502326,JavaScript
290925502323,Linux
290925502283,GCP
290925502258,Linux
290925502125,AWS
290925502122,Linux
290925502121,JavaScript
290925502112,Power BI
290925502111,GCP
290925502059,GCP
290925502059,Machine Learning
290925502039,Machine Learning
290925502035,GCP
290925502035,Linux
290925502030,Linux
290925501970,Git
290925501934,JavaScript
290925501833,Python
290925501833,Azure
290925501833,Machine Learning
290925501833,NLP
290925501790,Kubernetes
290925501774,Python
290925501774,Kubernetes
290925501455,Python
290925501455,Machine Learning
290925501348,Python
290925501348,Spark
290925501344,Python
290925501344,Machine Learning
290925501344,JavaScript
290925501343,Python
290925501343,Power BI
290925501342,Excel
290925501305,Azure
290925500877,GCP
290925500769,Tableau
290925500739,Linux
290925500723,Python
290925500687,Java
290925500686,Java
290925500667,SQL
290925500667,Git
290925500658,Linux
290925500647,Git
290925500647,JavaScript
290925500634,Linux
290925500627,SQL
290925500498,Machine Learning
290925500449,GCP
290925500432,Excel
290925500402,JavaScript
290925500316,Cybersecurity
290925027979,Python
290925027979,Machine Learning
290925027843,Python
290925027843,Generative AI
290925027652,Linux
290925027504,Azure
290925027504,Spark
290925027454,Excel
290925026810,SQL
290925026800,Docker
290925026800,Kubernetes
290925026800,Linux
290925025563,SQL
290925024222,Generative AI
290925023050,Docker
290925023050,Git
290925023050,React
290925023015,Python
290925019311,AWS
290925019022,Java
290925018600,JavaScript
290925018600,React
290925018528,Python
290925018528,Azure
290925018528,JavaScript
290925018528,React
290925017987,JavaScript
290925017475,Java
290925017453,Python
290925017453,Machine Learning
290925017453,JavaScript
290925016138,Azure
290925015797,Java
290925015614,SQL
290925015246,JavaScript
290925015246,React
290925015197,Python
290925015197,SQL
290925015197,Machine Learning
290925015197,Generative AI
290925014866,Java
290925014259,AWS
290925014259,Java
290925014259,React
290925013847,SQL
290925013847,AWS
290925013847,Azure
290925013847,Spark
290925013847,Databricks
290925013639,Excel
290925012874,Python
290925012874,GCP
290925012874,Deep Learning
290925012874,NLP
290925012759,Excel
290925011861,Azure
290925011690,AWS
290925011690,Java
290925011395,Python
290925011395,Java
290925010945,Cybersecurity
290925010657,Python
290925010657,SQL
290925010489,Python
290925010489,AWS
290925009466,Kubernetes
290925009466,Java
290925008570,SQL
290925008570,Java
290925008348,Python
290925007847,Java
290925005731,JavaScript
290925004530,React
290925003941,Python
290925003941,Machine Learning
290925003941,Generative AI
290925003912,Power BI
290925003912,Excel
290925003526,JavaScript
290925003526,React
290925003216,SQL
290925003216,Java
290925003111,Java
290925003111,JavaScript
290925003111,React
290925003092,SQL
290925003092,AWS
290925003092,React
290925002607,SQL
290925002607,Java
290925002344,Python
290925002344,AWS
290925002344,JavaScript
290925002344,React
290925002312,Azure
290925002312,JavaScript
290825000141,Python
290625003301,Java
280925004978,SQL
280925004978,JavaScript
280925004978,React
280925004494,Java
280925004474,SQL
280925004474,Java
280925004436,AWS
280925004436,GCP
280925004381,Java
280925003756,React
280925003334,Excel
280925003077,SQL
280525015942,SQL
280425019518,Cybersecurity
280225012548,SQL
280225012548,AWS
280225012548,React
270925011675,Generative AI
270925009870,Java
270925009322,AWS
270925009322,Azure
270925009322,React
270925008883,Python
270925008883,SQL
270925008883,AWS
270925007651,SQL
270925006915,Python
270925006915,Java
270925005899,SQL
270925005515,Java
270925005094,Azure
270925005094,Generative AI
270925000031,Python
270925000031,GCP
270925000031,Machine Learning
270925000031,Generative AI
270825018987,Excel
260925930380,Python
260925930380,Tableau
260925930380,Spark
260925929728,SQL
260925929728,JavaScript
260925927990,JavaScript
260925927986,SQL
260925927875,AWS
260925927875,Java
260925926876,Cybersecurity
260925924300,Java
260925924285,SQL
260925924219,SQL
260925924122,JavaScript
260925923940,SQL
260925923937,Java
260925923929,Docker
260925923929,Java
260925923891,AWS
260925923891,Spark
260925923891,Git
260925923834,AWS
260925923834,Java
260925923770,Python
260925923770,GCP
260925923770,Spark
260925923547,Python
260925923547,SQL
260925923547,NLP
260925923526,SQL
260925923526,Power BI
260925923526,Tableau
260925923526,Azure
260925923331,JavaScript
260925923331,React
260925923319,Java
260925923122,Python
260925923122,Linux
260925922398,Java
260925922381,Python
260925922381,NLP
260925921463,Kubernetes
260925921463,Java
260925921127,SQL
260925921127,Power BI
260925921127,Azure
260925921114,SQL
260925921114,Java
260925921073,Java
260925920986,Java
260925920934,Java
260925920859,Python
260925920859,SQL
260925920527,AWS
260925920527,Git
260925920526,JavaScript
260925920525,SQL
260925920525,Java
260925920517,SQL
260925920437,Java
260925920413,SQL
260925920332,Excel
260925920293,Git
260925920291,Java
260925920286,Java
260925920215,Python
260925920063,Python
260925920063,Machine Learning
260925920053,AWS
260925920046,Power BI
260925920046,Tableau
260925920002,AWS
260925919896,Azure
260925919896,Spark
260925919896,Databricks
260925919831,Azure
260925919831,Kubernetes
260925919829,Python
260925919829,Kubernetes
260925919816,Java
260925919816,React
260925919811,Java
260925919811,JavaScript
260925919807,Java
260925919797,SQL
260925919788,SQL
260925919783,SQL
260925919675,Python
260925919674,Python
260925919599,AWS
260925919599,GCP
260925919599,Java
260925919596,Python
260925919573,Git
260925919573,JavaScript
260925919515,SQL
260925919515,Docker
260925919515,Kubernetes
260925919515,Java
260925919482,React
260925919453,Azure
260925919453,Docker
260925919453,Kubernetes
260925919386,AWS
260925919386,Java
260925919383,React
260925919378,Python
260925919358,JavaScript
260925919307,Python
260925919307,Docker
260925919307,React
260925919303,AWS
260925919303,Java
260925919298,GCP
260925919298,Java
260925919159,SQL
260925918862,Git
260925918862,Java
260925918862,JavaScript
260925918862,React
260925918809,SQL
260925918809,Power BI
260925918809,AWS
260925918809,Azure
260925918608,SQL
260925918608,Power BI
260925918608,AWS
260925918608,Azure
260925918608,GCP
260925918584,Java
260925916111,JavaScript
260925916109,Python
260925915664,Python
260925915664,SQL
260925915664,Power BI
260925915338,Java
260925915070,SQL
260925914807,SQL
260925914807,Azure
260925914807,Docker
260925914807,Kubernetes
260925914771,Python
260925914296,SQL
260925914290,Python
260925914290,Docker
260925914290,Kubernetes
260925914273,SQL
260925914273,Power BI
260925914273,Azure
260925914196,SQL
260925912810,JavaScript
260925912810,React
260925912776,SQL
260925912776,Excel
260925912739,Java
260925911940,Python
260925911940,Docker
260925911940,Kubernetes
260925911895,Python
260925911895,Cybersecurity
260925911268,SQL
260925911268,Azure
260925911234,Python
260925911234,Azure
260925911234,Kubernetes
260925911230,Python
260925911224,SQL
260925911224,Tableau
260925911220,SQL
260925911220,Java
260925909620,SQL
260925908770,Python
260925908686,SQL
260925908660,Java
260925908652,SQL
260925908652,JavaScript
260925908652,React
260925908613,SQL
260925908613,Azure
260925908572,SQL
260925907385,Python
260925907385,SQL
260925907385,AWS
260925907385,Kubernetes
260925504513,Power BI
260925504509,SQL
260925504509,AWS
260925504497,Excel
260925504410,Linux
260925504407,Linux
260925504368,Linux
260925504344,Git
260925504326,SQL
260925504326,Git
260925504285,Linux
260925504284,Linux
260925504248,JavaScript
260925504247,Java
260925504247,JavaScript
260925504245,JavaScript
260925504244,Git
260925503876,GCP
260925503755,SQL
260925503726,SQL
260925503725,SQL
260925502608,Excel
260925502595,SQL
260925502593,SQL
260925502593,Azure
260925502510,Excel
260925502228,JavaScript
260925502172,Docker
260925502155,Azure
260925502155,Docker
260925502155,Kubernetes
260925502144,SQL
260925502126,Python
260925502126,Azure
260925502126,Kubernetes
260925502081,Python
260925502081,SQL
260925502044,Kubernetes
260925501960,Power BI
260925501960,Tableau
260925501960,Excel
260925501960,Machine Learning
260925501914,GCP
260925501905,Python
260925501895,Linux
260925501890,JavaScript
260925501887,JavaScript
260925501882,Python
260925501882,SQL
260925501882,AWS
260925501882,JavaScript
260925501880,Git
260925501880,JavaScript
260925501877,Linux
260925501876,Linux
260925501871,JavaScript
260925501869,Azure
260925501865,Git
260925501858,GCP
260925501857,Machine Learning
260925501857,NLP
260925501856,Excel
260925501846,JavaScript
260925501843,JavaScript
260925501842,JavaScript
260925501839,JavaScript
260925501835,Linux
260925501834,SQL
260925501834,JavaScript
260925501832,JavaScript
260925501830,Python
260925501830,Machine Learning
260925501828,Java
260925501828,Linux
260925501827,GCP
260925501825,Linux
260925501822,Git
260925501821,SQL
260925501809,JavaScript
260925501808,GCP
260925501808,JavaScript
260925501804,Linux
260925501797,JavaScript
260925501795,JavaScript
260925501793,JavaScript
260925501792,JavaScript
260925501791,Git
260925501787,Java
260925501783,JavaScript
260925501774,Excel
260925501768,SQL
260925501768,Power BI
260925501767,AWS
260925501767,Linux
260925501766,Excel
260925501755,AWS
260925501755,GCP
260925501750,Power BI
260925501749,SQL
260925501748,SQL
260925501747,SQL
260925501742,JavaScript
260925501741,JavaScript
260925501740,JavaScript
260925501738,Git
260925501738,JavaScript
260925501733,JavaScript
260925501732,JavaScript
260925501713,SQL
260925501705,Excel
260925501689,SQL
260925501684,Linux
260925501680,SQL
260925501680,JavaScript
260925501675,SQL
260925501671,Git
260925501671,JavaScript
260925501670,JavaScript
260925501669,React
260925501667,Linux
260925501666,Excel
260925501664,JavaScript
260925501662,Python
260925501660,Linux
260925501659,JavaScript
260925501656,JavaScript
260925501649,Power BI
260925501648,Power BI
260925501647,Power BI
260925501645,Git
260925501644,Git
260925501643,JavaScript
260925501635,SQL
260925501605,SQL
260925501603,Git
260925501602,GCP
260925501596,Python
260925501596,Machine Learning
260925501596,Deep Learning
260925501589,JavaScript
260925501569,Linux
260925501568,Linux
260925501567,Linux
260925501564,AWS
260925501562,Machine Learning
260925501562,Deep Learning
260925501554,JavaScript
260925501553,Python
260925501553,AWS
260925501553,JavaScript
260925501552,AWS
260925501551,JavaScript
260925501550,JavaScript
260925501548,Java
260925501544,Git
260925501543,JavaScript
260925501542,Git
260925501539,Java
260925501539,JavaScript
260925501535,SQL
260925501535,AWS
260925501535,Java
260925501535,JavaScript
260925501534,AWS
260925501532,Python
260925501532,AWS
260925501532,JavaScript
260925501530,GCP
260925501529,Java
260925501529,JavaScript
260925501528,SQL
260925501528,AWS
260925501526,SQL
260925501526,AWS
260925501525,Git
260925501510,Linux
260925501503,Cybersecurity
260925501492,JavaScript
260925501491,SQL
260925501491,AWS
260925501491,JavaScript
260925501490,Python
260925501490,GCP
260925501490,Git
260925501489,NLP
260925501489,Git
260925501488,SQL
260925501488,Machine Learning
260925501487,JavaScript
260925501485,Git
260925501485,JavaScript
260925501481,SQL
260925501466,Git
260925501465,JavaScript
260925501464,SQL
260925501463,JavaScript
260925501457,Python
260925501457,AWS
260925501457,Linux
260925501456,SQL
260925501451,Git
260925501449,Machine Learning
260925501449,Deep Learning
260925501449,NLP
260925501448,Machine Learning
260925501447,SQL
260925501443,SQL
260925501440,SQL
260925501440,GCP
260925501437,GCP
260925501436,JavaScript
260925501434,Cybersecurity
260925501432,Cybersecurity
260925501431,Tableau
260925501415,Azure
260925501413,GCP
260925501413,Linux
260925501399,SQL
260925501398,Machine Learning
260925501395,SQL
260925501395,Azure
260925501391,Git
260925501389,SQL
260925501388,SQL
260925501386,Machine Learning
260925501384,Power BI
260925501383,AWS
260925501382,AWS
260925501382,Linux
260925501381,AWS
260925501379,SQL
260925501379,AWS
260925501379,GCP
260925501379,Linux
260925501378,AWS
260925501377,AWS
260925501377,Git
260925501376,AWS
260925501373,JavaScript
260925501371,JavaScript
260925501369,Machine Learning
260925501368,Git
260925501367,Git
260925501361,JavaScript
260925501360,SQL
260925501357,Git
260925501357,Linux
260925501356,Linux
260925501349,Git
260925501344,JavaScript
260925501334,AWS
260925501334,Git
260925501333,Machine Learning
260925501333,JavaScript
260925501202,Linux
260925501181,Excel
260925501179,Linux
260925501178,NLP
260925501144,Linux
260925501085,Git
260925500978,Excel
260925500975,JavaScript
260925500971,JavaScript
260925500938,Git
260925500938,JavaScript
260925500914,Git
260925500914,JavaScript
260925500903,Git
260925500868,JavaScript
260925500866,Excel
260925500865,GCP
260925500827,JavaScript
260925500523,GCP
260925032170,Python
260925032170,Java
260925032102,Python
260925032102,GCP
260925032102,Generative AI
260925032081,Java
260925032059,Java
260925031944,GCP
260925031886,Python
260925031886,NLP
260925031886,Generative AI
260925031576,SQL
260925031453,Power BI
260925031453,Excel
260925031205,Excel
260925030750,Excel
260925030526,Python
260925030471,Excel
260925030305,Java
260925030305,React
260925030159,Python
260925029915,Python
260925029915,Machine Learning
260925029905,AWS
260925029905,GCP
260925029707,AWS
260925029707,Azure
260925029707,Docker
260925029707,Git
260925029189,SQL
260925028662,Python
260925028662,Azure
260925028662,Java
260925028662,React
260925028608,JavaScript
260925028608,React
260925028578,Excel
260925028259,AWS
260925028259,Azure
260925028231,SQL
260925028186,SQL
260925028186,Azure
260925027769,JavaScript
260925027107,AWS
260925026921,Python
260925026921,React
260925026477,SQL
260925026477,Power BI
260925026477,Tableau
260925026477,Excel
260925026260,SQL
260925026171,AWS
260925026171,JavaScript
260925026171,React
260925025888,Python
260925025888,AWS
260925025888,Machine Learning
260925025888,Generative AI
260925025375,Python
260925025375,SQL
260925025375,GCP
260925025375,Machine Learning
260925025375,NLP
260925025375,Generative AI
260925024781,Python
260925024781,SQL
260925024781,GCP
260925024781,Generative AI
260925024494,Azure
260925024361,Python
260925024361,Azure
260925024361,Java
260925024361,React
260925023912,Excel
260925023769,Python
260925023769,SQL
260925023769,GCP
260925023769,Machine Learning
260925023769,Generative AI
260925023370,SQL
260925023161,Excel
260925022842,AWS
260925022842,Machine Learning
260925021840,Java
260925021622,Python
260925021622,Deep Learning
260925021622,NLP
260925021543,Excel
260925020930,Java
260925020911,Excel
260925017390,Python
260925017390,Generative AI
260925017390,Java
260925017294,AWS
260925017294,JavaScript
260925017258,React
260925017046,SQL
260925016936,Azure
260925015183,AWS
260925014672,Excel
260925014377,Generative AI
260925014315,Azure
260925014161,SQL
260925013228,Power BI
260925013228,Excel
260925013188,Excel
260925012499,Azure
260925012461,JavaScript
260925012382,Python
260925012379,Python
260925012379,SQL
260925012379,AWS
260925011383,Java
260925011366,Linux
260925010657,Java
260925009454,Python
260925008794,Python
260925008794,Java
260925008464,Python
260925008464,Docker
260925008464,Kubernetes
260925007331,SQL
260925007331,React
260925003932,JavaScript
260925003932,React
260925000312,Excel
260925000295,SQL
260825027239,Java
260825027239,Linux
260825010269,SQL
260725000370,Machine Learning
260725000370,NLP
250925509123,Git
250925509123,JavaScript
250925507454,Linux
250925027629,SQL
250925022873,SQL
250925022873,Git
250925022873,Java
250925018636,SQL
250925018197,Docker
250925018197,Kubernetes
250925010054,AWS
250925010054,Linux
250925008244,Power BI
250925008244,Azure
250925006170,Power BI
250925006170,Excel
250925002966,Excel
240925932322,Excel
240925925768,Excel
240925925279,Excel
240925925270,Excel
240925026291,Excel
240925026276,SQL
240925025637,Excel
240925020181,Python
240925020181,SQL
240925020181,Java
240925018043,Excel
240925016354,Python
240925016354,AWS
240925016354,Spark
240925011854,React
240925007749,AWS
240925007749,Java
240925000376,Excel
240323006275,SQL
240323006275,JavaScript
240323006275,React
230925928666,Excel
230925928624,Python
230925928624,Linux
230925918036,Linux
230925507642,Python
230925507642,AWS
230925507642,Machine Learning
230925507642,NLP
230925507242,React
230925505745,Git
230925505745,JavaScript
230925504482,Git
230925504482,Linux
230925027540,SQL
230925027540,Java
230925026817,Excel
230925026436,Python
230925026436,SQL
230925023634,Python
230925023634,Generative AI
230925019558,Python
230925019558,Java
230925019259,Python
230925019259,SQL
230925019124,Excel
230925017139,Excel
230925014134,AWS
230925014134,Java
230925009219,Java
230423000957,Excel
220925018371,SQL
220925013259,SQL
220925013259,Java
220825002503,GCP
220725031108,Java
220725026055,Python
220725026055,React
201224011522,SQL
201224011522,AWS
201224011522,Git
190925033651,Java
190925030708,Azure
190925026179,Azure
190925026179,Git
190925026179,React
180925035879,Python
180925035879,Java
180925030775,Python
180925030775,Git
180925030775,Java
180925027666,SQL
180825015196,Python
180825015196,Machine Learning
180825006993,Excel
180825004921,SQL
180725014435,Python
180725014435,AWS
180625025113,Python
180625025113,Generative AI
170925041568,Power BI
170925028642,JavaScript
160925037330,Git
160925037330,React
160924007178,Python
160825004553,Java
160825004553,React
160125014064,AWS
160125014064,React
150925027198,AWS
150925027198,Git
150925027198,React
150925024660,Python
150925024660,React
150525009594,GCP
130825012736,Excel
130223000933,Cybersecurity
120925025818,Python
120925025818,AWS
120925025818,Azure
120925018792,Python
120925018792,SQL
120925018792,Spark
110925023232,JavaScript
110825000111,SQL
110825000111,Azure
101224012432,Excel
100725020853,Azure
100425020390,SQL
90925027451,Excel
90725001905,Python
80925035642,Azure
80925022600,Java
50925924618,JavaScript
50925026952,JavaScript
50525006971,JavaScript
40825004031,Azure
40325016733,SQL
40325016733,Power BI
40325016733,Azure
40325016733,Databricks
31025920105,Git
31025920077,SQL
31025920077,Power BI
31025920077,Tableau
31025909344,SQL
31025020383,Python
31025020383,AWS
31025020274,Python
31025019591,Excel
31025017458,Python
31025017458,Machine Learning
31025015916,Excel
31025015821,Python
31025015821,Java
31025015281,SQL
31025015281,JavaScript
31025013809,Cybersecurity
31025013593,Python
31025013593,SQL
31025013593,AWS
31025011371,JavaScript
31025011016,JavaScript
31025010694,React
31025010420,Java
31025010420,React
31025010346,Git
31025010346,React
31025010235,AWS
31025010235,Azure
31025010235,GCP
31025009478,Excel
31025009466,JavaScript
31025009466,React
31025009125,AWS
31025009125,GCP
31025009125,Java
31025008757,Power BI
31025007912,JavaScript
31025007912,React
31025006628,SQL
31025005993,Python
31025005993,Spark
31025005993,Machine Learning
31025005993,Deep Learning
31025005993,NLP
31025005884,React
31025005164,SQL
31025005164,Tableau
31025004752,JavaScript
31025004752,React
31025004490,Excel
31025004206,SQL
31025004206,Spark
31025002684,Python
31025002684,AWS
31025002684,Git
30225012337,Azure
21025008672,React
21025008310,Excel
21025007193,Java
21025006870,SQL
11025918080,Excel
11025918074,Excel
11025918067,Excel
11025023734,React
11025023145,Python
11025023040,Excel
11025022272,Azure
11025021026,SQL
11025018533,Excel
11025014796,Python
11025014796,Machine Learning
11025014796,Deep Learning
11025014796,NLP
11025013317,JavaScript
11025009856,React
11025009322,Excel
11025005529,Excel
11025000296,Python
11025000296,Tableau
10925908879,Python
10925908879,SQL
10925908879,AWS
10925908879,Spark
10925908874,Deep Learning
10925908874,NLP
10425004995,JavaScript
300925028317,Java
300925020517,NLP
300925011629,Excel
300925011188,AWS
300925011188,Azure
300925011188,Java
300925011188,React
290925502148,Linux
290925002578,AWS
280925003267,Excel
270925011887,JavaScript
270925011887,React
260925504465,Excel
260925504373,AWS
260925502658,Git
260925502120,SQL
260925500956,JavaScript
260925027695,Azure
260925027695,Spark
260925027695,Databricks
260925024517,SQL
260925023092,SQL
260925013507,AWS
260925013507,Azure
260925013507,GCP
260925013507,Git
260925012686,React
260925012248,Excel
260925000056,Java
250825019961,Python
250825019961,AWS
250825019961,NLP
250825007074,NLP
250825007074,React
240925011136,Python
240925011136,SQL
240925011136,Machine Learning
230925506758,SQL
230925506758,Excel
180625023932,SQL
180625023932,JavaScript
150725030683,SQL
40725019438,SQL
250925035801,Python
250925035801,SQL
250925035801,AWS
250925035801,Spark
271123005129,Java
250925011706,JavaScript
240925034788,Java
240925034788,JavaScript
240925034788,React
240925031030,JavaScript
240925026899,Java
240925016702,SQL
150725011183,JavaScript
150725011183,React
140825041634,AWS
140825041634,Java
70725010735,Python
70725010735,SQL
70725010735,Git
250925017086,Python
250925017086,Generative AI
240925015110,Azure
240925015110,Java
230925032798,Java
230925013844,Generative AI
140725008184,Python
140725008184,AWS
140725008184,Docker
110925015166,Azure
270825021717,SQL
240925031960,React
270825022828,Excel
250925925806,Java
250925925724,AWS
250925925724,Java
250925035455,Power BI
250925017988,SQL
250925017759,Python
250925017759,Machine Learning
250925010900,SQL
250925010900,Power BI
250925004224,Python
250925004224,AWS
250925004224,Java
250625022013,SQL
250625022013,Java
240925933398,SQL
240925913735,JavaScript
240925036424,SQL
240925036424,Azure
240925036218,AWS
240925033724,AWS
240925033724,Java
240925033724,JavaScript
240925031230,Python
240925031230,GCP
240925031230,Docker
240925027510,Python
240925027510,SQL
240925027510,Power BI
240925023895,JavaScript
240925010660,AWS
240925010660,Java
240925010660,React
240925010372,AWS
240925010372,Java
240925010372,React
230925038248,Excel
230925023358,React
230925018879,Power BI
230925018879,Tableau
230925018879,Azure
230925015929,Azure
230925015929,JavaScript
230925015929,React
230925014223,Azure
230925013770,Java
230925013172,Cybersecurity
230925012213,SQL
230925012213,Azure
230925010381,Python
230925010381,Generative AI
210825013755,Linux
200625013404,React
190825014357,Azure
190825014357,Docker
190825014357,Linux
130825015027,AWS
120925027406,SQL
120925013997,SQL
100925039565,Python
100925039565,SQL
250925925396,Spark
250925925358,Python
250925925358,SQL
250925925358,Spark
250925925357,SQL
250925925357,Linux
250925925352,SQL
250925925352,Tableau
250925925352,AWS
250925925352,Azure
250925925317,Python
250925925317,React
250925925316,React
250925925315,Python
250925925315,React
240925026015,Python
240925026015,AWS
240925026015,Azure
240925026015,Docker
240925026015,Git
220825019200,Python
220825019200,JavaScript
220825019200,React
250925932289,Java
250925931105,JavaScript
250925930434,Python
250925930434,SQL
250925917904,SQL
250925914236,Python
250925914236,Kubernetes
250925914236,Git
250925910029,SQL
250925901156,SQL
250925901156,JavaScript
250925010867,Python
250925010867,SQL
250925010867,AWS
250425012968,Java
240925934778,Java
240925929443,Azure
240925506132,Python
240925506132,JavaScript
240925036925,Java
240925036925,React
240925016984,Python
240925016984,SQL
240925016984,AWS
240925015972,SQL
240925015144,JavaScript
240925013176,Python
240925013176,SQL
240925012557,Azure
240925012427,Python
240925012427,SQL
230925500919,Machine Learning
230925038254,Python
230925038254,AWS
230925038253,Azure
230925037011,GCP
230925037011,Machine Learning
230925026999,Java
230925017678,Java
190825026048,AWS
190825026048,Java
150225005334,Tableau
150225005334,Excel
30925034896,Tableau
30925034896,Excel
300925026685,Python
300925026685,Generative AI
290925027606,AWS
290925027606,Java
280525035294,Kubernetes
260925026160,Python
260925026160,AWS
260925022661,SQL
260925018110,Azure
260925008079,Java
260925008079,Linux
260925005940,AWS
260925005940,React
260625020341,Python
260625020341,AWS
260625020341,GCP
250925932620,Java
250925932383,Python
250925932383,AWS
250925932383,Docker
250925932383,Kubernetes
250925932286,SQL
250925932239,SQL
250925932239,JavaScript
250925932217,SQL
250925932217,Azure
250925932154,Python
250925932154,SQL
250925932154,Azure
250925932154,Spark
250925932154,Databricks
250925932096,Power BI
250925932096,Azure
250925932004,SQL
250925932004,Git
250925931846,Java
250925931701,Python
250925931636,Kubernetes
250925931575,JavaScript
250925931557,Python
250925931557,Spark
250925931544,Python
250925931544,SQL
250925931541,SQL
250925931541,JavaScript
250925931194,Kubernetes
250925931194,Java
250925931061,JavaScript
250925930598,Python
250925930598,Git
250925930456,Azure
250925930456,Docker
250925930456,Kubernetes
250925930421,JavaScript
250925930417,SQL
250925930415,Java
250925930415,React
250925930410,Kubernetes
250925930410,Java
250925930393,Python
250925930393,AWS
250925930286,Java
250925930219,Java
250925930219,React
250925930128,Python
250925930128,Docker
250925930128,Kubernetes
250925929982,Python
250925929982,AWS
250925929982,Kubernetes
250925929469,SQL
250925929469,Git
250925929425,Cybersecurity
250925929356,Python
250925929356,Git
250925929330,SQL
250925929216,Python
250925929216,NLP
250925929216,Linux
250925929202,Python
250925929202,SQL
250925928524,Python
250925928463,Azure
250925928463,React
250925928454,Python
250925928454,Power BI
250925928454,Azure
250925928454,Kubernetes
250925928027,Docker
250925928027,Kubernetes
250925928027,Java
250925928025,Java
250925928017,SQL
250925927998,SQL
250925927981,Java
250925927850,SQL
250925927850,Azure
250925927812,Python
250925927812,AWS
250925927812,Kubernetes
250925927798,JavaScript
250925921521,Python
250925921521,Linux
250925921504,Kubernetes
250925921315,Python
250925921118,Azure
250925921035,Python
250925921035,Linux
250925917932,AWS
250925917615,Azure
250925917335,Python
250925917335,AWS
250925917335,Azure
250925917335,GCP
250925917335,Java
250925914688,Java
250925914232,Python
250925914232,Kubernetes
250925914232,Linux
250925914167,SQL
250925914167,Azure
250925914167,Git
250925913761,Azure
250925913685,AWS
250925913685,Azure
250925913685,GCP
250925910091,SQL
250925910091,Java
250925910091,JavaScript
250925910090,SQL
250925910090,Spark
250925909998,GCP
250925909572,Python
250925909572,Kubernetes
250925909569,SQL
250925909568,Python
250925908437,SQL
250925907352,Spark
250925906485,JavaScript
250925906185,Java
250925905628,Java
250925905345,SQL
250925905345,Azure
250925905345,React
250925904962,Python
250925904962,NLP
250925904962,Kubernetes
250925903810,SQL
250925903446,SQL
250925903446,Java
250925901194,SQL
250925901161,Python
250925038469,Python
250925038469,Azure
250925038469,Kubernetes
250925036981,Python
250925036981,SQL
250925036981,Azure
250925036981,Spark
250925036981,Databricks
250925036964,SQL
250925034956,Python
250925034956,JavaScript
250925032451,React
250925032119,SQL
250925032119,Azure
250925031591,Python
250925031591,Machine Learning
250925023671,SQL
250925023671,Java
250925022568,SQL
250925022568,AWS
250925022568,Docker
250925022568,React
250925018211,Cybersecurity
250925017409,Azure
250925017409,Java
250925016755,Cybersecurity
250925015406,SQL
250925012853,Java
250925012505,SQL
250925012289,Python
250925011565,SQL
250925010435,SQL
250925003659,Python
250925003659,GCP
250925003659,Spark
250925002194,JavaScript
250925002113,AWS
250925000275,Azure
250925000275,React
240925932789,Java
240925932789,JavaScript
240925930630,Azure
240925928283,Java
240925927996,SQL
240925917063,Python
240925917063,SQL
240925917063,AWS
240925917063,Spark
240925915782,Python
240925915782,Kubernetes
240925915781,JavaScript
240925913862,SQL
240925913862,Kubernetes
240925913862,Java
240925505035,GCP
240925505035,Java
240925502848,GCP
240925502848,Machine Learning
240925036933,Java
240925035418,GCP
240925034573,Power BI
240925032669,SQL
240925030350,Azure
240925030350,Databricks
240925030097,JavaScript
240925029531,Python
240925029531,SQL
240925026969,Kubernetes
240925026483,Python
240925026483,SQL
240925026043,Java
240925025815,Python
240925025815,AWS
240925025731,Python
240925025731,Machine Learning
240925025731,Generative AI
240925025005,Cybersecurity
240925024290,Python
240925024290,Java
240925023999,Azure
240925023882,Azure
240925023619,SQL
240925020490,SQL
240925020490,Java
240925019015,SQL
240925019015,Java
240925018932,Python
240925017860,Python
240925017259,Java
240925017259,React
240925016869,Power BI
240925016563,AWS
240925016563,Azure
240925016563,Docker
240925016563,Kubernetes
240925016213,Git
240925016213,JavaScript
240925016213,React
240925016017,Python
240925016017,AWS
240925016017,JavaScript
240925016017,React
240925016001,SQL
240925015803,Git
240925015389,Python
240925015389,Java
240925007672,Kubernetes
240925007672,Java
240925000366,SQL
240925000366,Azure
240925000366,Spark
240925000366,Databricks
240725019837,Java
240625930655,Python
240625930655,SQL
240625930655,Tableau
230925933129,Azure
230925933129,GCP
230925933129,JavaScript
230925929792,JavaScript
230925929784,SQL
230925929648,Python
230925929648,Power BI
230925927972,Cybersecurity
230925925217,Java
230925925217,JavaScript
230925918058,Python
230925918058,AWS
230925918058,Azure
230925918058,GCP
230925918052,Python
230925918052,Azure
230925918052,GCP
230925505749,JavaScript
230925500460,Excel
230925038540,Java
230925038540,JavaScript
230925037139,Java
230925036468,Machine Learning
230925036468,Deep Learning
230925035945,Kubernetes
230925035945,Java
230925033654,SQL
230925033654,AWS
230925033654,Docker
230925033654,Java
230925027138,Python
230925027138,Machine Learning
230925026203,Azure
230925023852,Python
230925023852,AWS
230925023852,Machine Learning
230925023852,NLP
230925023665,Python
230925022656,Kubernetes
230925022656,Java
230925022625,Azure
230925022199,Python
230925022199,SQL
230925021288,Azure
230925021288,Databricks
230925021288,Generative AI
230925019747,Python
230925019747,Excel
230925018767,Java
230925018767,JavaScript
230925018742,Git
230925017783,Docker
230925017783,Java
230925017090,Java
230925013001,AWS
230925013001,Spark
230925013001,Git
230925010755,Python
230925010755,Java
220924002370,AWS
220725022121,SQL
150525011710,SQL
150525011710,Java
130925003626,SQL
120925026708,Java
120925004610,AWS
120925004610,Docker
120925004610,Linux
110925038886,SQL
110225015605,Azure
100925033752,Linux
90925029815,Java
90925029815,React
90925022831,Linux
80925034135,AWS
70825024848,Python
70825024848,GCP
70825022271,SQL
70825022271,Azure
70825022271,Databricks
70824005288,Python
70824005288,SQL
70824005288,GCP
60925000051,SQL
60925000051,Excel
50925018652,AWS
50925018652,Machine Learning
50925018652,Generative AI
10925009426,SQL
310725010514,Machine Learning
310725010514,Generative AI
310725010514,Kubernetes
310325010601,SQL
300925927479,Excel
300925927475,Excel
300925926405,Excel
300925926402,Excel
300925030932,Java
300925030428,Power BI
300925030428,Excel
300925030422,JavaScript
300925030422,React
300925029381,Python
300925029381,AWS
300925029381,GCP
300925029381,Docker
300925028706,Python
300925028706,JavaScript
300925023870,Excel
300925023515,Java
300925019563,Java
300925018087,AWS
300925016891,Linux
300925016363,Python
300925016363,Git
300925014150,Python
300925014150,SQL
300925014150,Docker
300925014150,Kubernetes
300925013014,Excel
300925012734,Java
300925012734,JavaScript
300925012734,React
300925012528,Generative AI
300925010028,Azure
300925009985,AWS
300925009985,Java
300725026049,SQL
300725026049,React
300625009703,AWS
300625002965,Java
291024007094,Generative AI
290925027959,Python
290925027959,JavaScript
290925019412,Python
290925019412,SQL
290925017825,Azure
290925015736,AWS
290925015736,Docker
290925015736,Kubernetes
290925015736,Java
290925014714,Python
290925014714,AWS
290925014714,GCP
290925014714,Java
290925014491,Cybersecurity
290925013857,Excel
290925013452,Excel
290925010662,JavaScript
290925006928,Excel
290925006850,SQL
290925006850,Azure
290925006850,Databricks
290925005918,Excel
290925004455,Python
290925004455,SQL
290925004455,Power BI
290925004455,Tableau
290925003739,Java
290825012968,React
290425020196,Python
280825014757,Power BI
280825014757,Tableau
280825014757,Excel
280825011357,Excel
280825005433,JavaScript
270925011324,Power BI
270925011324,Azure
270925008829,Python
270925008829,AWS
270925008829,Azure
270925007243,AWS
270925007243,Java
270925006891,Java
270925000094,Java
270725003898,AWS
270725003898,Cybersecurity
270625029891,Python
270625017360,Cybersecurity
270625000023,Python
260925032218,Python
260925032218,AWS
260925032218,Azure
260925032218,JavaScript
260925032218,React
260925030602,Machine Learning
260925030602,NLP
260925030510,Docker
260925030510,Java
260925030194,SQL
260925030133,Power BI
260925029701,Java
260925029313,Python
260925029313,Azure
260925029313,GCP
260925029313,Spark
260925028243,AWS
260925028243,Azure
260925028243,GCP
260925027951,Python
260925027951,React
260925027787,Excel
260925027076,SQL
260925027076,Git
260925026192,Python
260925026192,AWS
260925026192,Azure
260925026192,Spark
260925025890,Python
260925025890,Machine Learning
260925025562,React
260925025209,Python
260925025209,Docker
260925025209,Kubernetes
260925025172,Java
260925025172,React
260925024929,JavaScript
260925023767,Azure
260925022942,JavaScript
260925019039,React
260925016747,Python
260925016619,Python
260925016619,SQL
260925016619,Spark
260925016619,Databricks
260925013971,JavaScript
260925013962,Java
260925013514,React
260925013501,Java
260925009057,JavaScript
260925009057,React
260925008461,SQL
260925008143,Python
260925008143,SQL
260925008143,Machine Learning
260925008143,NLP
260925006058,AWS
260925000311,Python
260925000311,SQL
260925000311,Azure
260825029245,AWS
260825029245,Azure
260825029245,React
260825019056,SQL
260825019056,Azure
260825011109,Linux
251124016190,Python
251124016190,Machine Learning
251124016190,Deep Learning
250925934656,JavaScript
250925932597,SQL
250925932343,Python
250925932343,AWS
250925932343,Kubernetes
250925932320,AWS
250925932320,Docker
250925932320,Kubernetes
250925932320,Git
250925932320,Linux
250925932284,Azure
250925932284,Databricks
250925932248,Java
250925932193,Python
250925932193,SQL
250925932171,Python
250925932171,Azure
250925932171,Databricks
250925932167,Python
250925932167,Java
250925932128,JavaScript
250925932127,Java
250925932116,Python
250925932116,Azure
250925932116,Kubernetes
250925932038,SQL
250925932035,Python
250925932035,SQL
250925932035,Java
250925932027,Python
250925932027,NLP
250925932010,Python
250925932010,Spark
250925932010,Machine Learning
250925932009,Python
250925932009,SQL
250925932009,Java
250925931986,Python
250925931986,SQL
250925931971,SQL
250925931939,JavaScript
250925931938,JavaScript
250925931930,Spark
250925931925,Python
250925931925,Java
250925931903,Python
250925931903,Azure
250925931903,Git
250925931895,SQL
250925931879,Java
250925931879,JavaScript
250925931871,Java
250925931849,Python
250925931849,Power BI
250925931825,JavaScript
250925931825,React
250925931807,Python
250925931807,AWS
250925931807,GCP
250925931807,Java
250925931787,Cybersecurity
250925931786,JavaScript
250925931777,Python
250925931777,AWS
250925931777,Docker
250925931777,Java
250925931731,Kubernetes
250925931695,Java
250925931659,Java
250925931645,SQL
250925931645,Azure
250925931624,Python
250925931616,Python
250925931616,AWS
250925931616,Azure
250925931616,Docker
250925931616,Kubernetes
250925931576,AWS
250925931576,Azure
250925931576,Docker
250925931576,Kubernetes
250925931553,Python
250925931553,SQL
250925931187,Cybersecurity
250925931182,Python
250925931182,Linux
250925931160,Python
250925931160,Spark
250925931160,Git
250925931160,Java
250925931142,Python
250925931142,AWS
250925931142,Azure
250925931142,Kubernetes
250925931142,Git
250925931142,Java
250925931136,SQL
250925931114,SQL
250925931113,SQL
250925931113,AWS
250925931113,Azure
250925931113,Kubernetes
250925931109,Python
250925931084,JavaScript
250925931083,Python
250925931080,Python
250925931080,Linux
250925931079,Linux
250925931076,SQL
250925931076,Docker
250925931062,SQL
250925931054,Python
250925931050,SQL
250925931049,Python
250925931040,Java
250925931040,JavaScript
250925931029,Linux
250925931026,Kubernetes
250925931003,Python
250925930428,Python
250925930412,Java
250925930408,JavaScript
250925930400,JavaScript
250925930369,Kubernetes
250925930369,Java
250925930362,Python
250925930342,Python
250925930342,Kubernetes
250925930342,Java
250925930302,Kubernetes
250925930299,React
250925930297,Python
250925930297,SQL
250925930297,Azure
250925930297,Databricks
250925930297,Java
250925930166,Python
250925930166,JavaScript
250925930094,Java
250925930081,Python
250925930081,SQL
250925930081,Power BI
250925930073,JavaScript
250925930060,Python
250925929979,Python
250925929972,React
250925929965,AWS
250925929662,SQL
250925929662,JavaScript
250925929662,React
250925929514,SQL
250925929396,Python
250925928775,Java
250925928764,Java
250925928758,Kubernetes
250925928758,React
250925928754,SQL
250925928754,Azure
250925928546,Python
250925928458,Python
250925928458,SQL
250925928180,Java
250925928002,Python
250925927994,Linux
250925927993,SQL
250925927967,Python
250925927520,AWS
250925927520,Azure
250925927496,AWS
250925927496,Azure
250925927495,AWS
250925927495,Azure
250925927486,SQL
250925927486,Azure
250925927486,Spark
250925927485,Python
250925927485,Machine Learning
250925927485,Deep Learning
250925927485,NLP
250925927483,Python
250925927483,Azure
250925927479,Python
250925927477,Java
250925927474,Java
250925927472,Java
250925927349,AWS
250925927346,AWS
250925927291,SQL
250925927291,Azure
250925927291,Spark
250925927254,AWS
250925926391,Python
250925926391,Azure
250925926391,Spark
250925926391,Databricks
250925926391,Java
250925926298,Python
250925926298,GCP
250925926298,Machine Learning
250925926298,NLP
250925926297,Python
250925926297,Java
250925926293,Python
250925921482,Python
250925921482,AWS
250925921482,Azure
250925921482,Kubernetes
250925921399,JavaScript
250925921272,Python
250925921272,JavaScript
250925921170,JavaScript
250925921099,AWS
250925921099,Azure
250925920836,Git
250925920816,SQL
250925920327,Git
250925920327,JavaScript
250925920327,React
250925920320,Java
250925920320,React
250925918743,Docker
250925918743,Java
250925918650,Java
250925918031,Python
250925917942,Kubernetes
250925917940,JavaScript
250925917937,Java
250925917925,Power BI
250925917916,Git
250925917907,SQL
250925917905,JavaScript
250925917341,Kubernetes
250925917341,JavaScript
250925917340,Kubernetes
250925917340,JavaScript
250925916927,AWS
250925916927,Kubernetes
250925915496,SQL
250925915496,Git
250925915496,Java
250925915491,SQL
250925915465,Python
250925915465,AWS
250925915465,Azure
250925915465,GCP
250925915465,JavaScript
250925914727,Python
250925914708,SQL
250925914706,Linux
250925914702,Kubernetes
250925914685,Python
250925914629,Python
250925914629,Machine Learning
250925914629,Deep Learning
250925914629,Kubernetes
250925914625,SQL
250925914625,Java
250925914617,Python
250925914617,JavaScript
250925914617,React
250925914240,Python
250925914240,Kubernetes
250925914234,Python
250925914234,NLP
250925914234,JavaScript
250925914220,Cybersecurity
250925914213,SQL
250925914210,SQL
250925914210,Java
250925914209,AWS
250925914207,Java
250925914198,Java
250925914194,JavaScript
250925914193,Java
250925914190,Python
250925914179,Python
250925914179,AWS
250925914179,Kubernetes
250925914097,Python
250925914097,AWS
250925914097,Git
250925914095,Azure
250925914095,Databricks
250925914095,Git
250925913917,AWS
250925913917,Azure
250925913917,GCP
250925913917,Docker
250925913917,Kubernetes
250925913915,Linux
250925913910,Linux
250925913856,JavaScript
250925913764,Machine Learning
250925913689,SQL
250925913520,Python
250925913520,Azure
250925913508,SQL
250925913177,Python
250925913177,SQL
250925913159,Python
250925913159,SQL
250925913159,JavaScript
250925913154,SQL
250925910698,SQL
250925910696,SQL
250925910695,SQL
250925910695,Docker
250925910683,Power BI
250925910227,Java
250925910225,SQL
250925910225,Java
250925910035,Linux
250925910030,SQL
250925910028,SQL
250925910026,Linux
250925910023,Python
250925910023,SQL
250925910023,Linux
250925910021,Python
250925910021,SQL
250925910021,Power BI
250925910021,Tableau
250925910016,Python
250925910016,SQL
250925910016,AWS
250925910016,Kubernetes
250925910015,SQL
250925910015,Spark
250925910014,SQL
250925910006,Python
250925910003,Python
250925909999,Python
250925909999,Java
250925909993,Java
250925909990,SQL
250925909983,Java
250925909980,Python
250925909978,JavaScript
250925909571,Python
250925909571,SQL
250925909571,Java
250925909570,SQL
250925909550,Kubernetes
250925909550,Java
250925909550,Linux
250925909546,Python
250925909545,Python
250925909545,NLP
250925909536,SQL
250925909536,Docker
250925909536,Kubernetes
250925909534,SQL
250925909288,Python
250925909288,SQL
250925909288,Machine Learning
250925909288,NLP
250925909285,Java
250925909274,Azure
250925908544,Python
250925908544,Kubernetes
250925908538,Python
250925908536,Java
250925908385,JavaScript
250925907545,Python
250925907545,Azure
250925907545,Machine Learning
250925907545,Deep Learning
250925907545,NLP
250925906093,GCP
250925906089,SQL
250925906089,GCP
250925906074,Python
250925906074,Java
250925905974,Python
250925905943,Java
250925905656,Python
250925905656,Kubernetes
250925905656,Linux
250925905384,Linux
250925905044,GCP
250925904822,Spark
250925903713,SQL
250925903707,SQL
250925902936,Java
250925902452,SQL
250925901907,GCP
250925901193,Python
250925901192,Python
250925901188,Python
250925901188,SQL
250925901188,Azure
250925901188,Git
250925901172,SQL
250925901166,Python
250925901165,Python
250925901165,SQL
250925901157,Kubernetes
250925901157,Cybersecurity
250925901153,SQL
250925901153,JavaScript
250925901152,Python
250925901152,SQL
250925901152,Tableau
250925901151,Python
250925901150,SQL
250925901150,Azure
250925901150,Spark
250925901146,Git
250925901140,SQL
250925901139,JavaScript
250925901136,Java
250925901135,SQL
250925901134,JavaScript
250925901047,Python
250925901045,Python
250925901045,Linux
250925509875,Azure
250925509871,Linux
250925509821,Linux
250925509764,JavaScript
250925509761,Git
250925509740,Linux
250925509733,JavaScript
250925509728,Machine Learning
250925509728,Git
250925509725,JavaScript
250925509723,Git
250925509668,Spark
250925509647,JavaScript
250925509579,Git
250925509548,GCP
250925509548,Machine Learning
250925509539,Excel
250925509535,Linux
250925509532,Excel
250925509512,Linux
250925509499,Linux
250925509498,Linux
250925509492,JavaScript
250925509467,SQL
250925509335,Git
250925509335,JavaScript
250925509269,Excel
250925509266,Excel
250925509254,JavaScript
250925509241,Linux
250925509223,SQL
250925509223,Linux
250925509208,JavaScript
250925509142,Linux
250925509102,Machine Learning
250925509083,Excel
250925509063,Git
250925509045,Excel
250925509018,Azure
250925509018,Git
250925508990,Cybersecurity
250925508830,SQL
250925508708,Excel
250925508702,Machine Learning
250925508678,AWS
250925508678,JavaScript
250925508581,Excel
250925508569,JavaScript
250925508569,Linux
250925508566,JavaScript
250925508562,Machine Learning
250925508549,Linux
250925508430,Excel
250925508429,Excel
250925508427,Excel
250925508366,Machine Learning
250925508293,JavaScript
250925508283,Git
250925508283,JavaScript
250925508040,SQL
250925508040,Azure
250925507941,Python
250925507670,Linux
250925507669,Linux
250925507668,Linux
250925507502,Machine Learning
250925507493,Java
250925507433,SQL
250925507405,Excel
250925507404,Excel
250925507366,Excel
250925507363,Git
250925507342,SQL
250925507237,Power BI
250925507237,Tableau
250925507231,Machine Learning
250925507197,Kubernetes
250925507160,Excel
250925507144,Python
250925507144,AWS
250925507144,Docker
250925507144,Kubernetes
250925507144,Git
250925501910,Machine Learning
250925501898,GCP
250925501898,Git
250925501898,JavaScript
250925501877,SQL
250925501877,JavaScript
250925501877,Linux
250925501873,Git
250925501860,Git
250925501860,JavaScript
250925501809,Git
250925501808,Git
250925501802,Machine Learning
250925501746,GCP
250925501746,Machine Learning
250925501746,Deep Learning
250925501738,Python
250925501716,SQL
250925501612,Git
250925501605,GCP
250925501605,Java
250925501602,JavaScript
250925501595,Linux
250925501584,Excel
250925501566,Excel
250925501564,JavaScript
250925501564,React
250925501524,Python
250925501473,JavaScript
250925501472,SQL
250925501468,Java
250925501467,Python
250925501464,Git
250925501463,JavaScript
250925501460,Git
250925501436,Git
250925501387,JavaScript
250925501329,JavaScript
250925501296,Spark
250925501290,Linux
250925501288,GCP
250925501280,Linux
250925501201,GCP
250925501198,JavaScript
250925501196,JavaScript
250925501176,Linux
250925501087,SQL
250925501087,JavaScript
250925500953,Linux
250925500915,JavaScript
250925500902,JavaScript
250925500850,JavaScript
250925500849,GCP
250925500828,JavaScript
250925500814,JavaScript
250925500809,Git
250925500809,JavaScript
250925500809,Cybersecurity
250925500804,JavaScript
250925500680,JavaScript
250925500669,Git
250925500647,JavaScript
250925500633,Git
250925500624,Linux
250925036943,Python
250925036943,AWS
250925036943,Azure
250925036943,Machine Learning
250925036943,NLP
250925036943,Generative AI
250925036109,AWS
250925036109,Git
250925036109,Java
250925036109,React
250925036109,Linux
250925035871,Python
250925035871,AWS
250925035800,SQL
250925035615,Java
250925035562,Python
250925035562,Kubernetes
250925035416,Git
250925035416,JavaScript
250925034471,GCP
250925034330,SQL
250925034330,JavaScript
250925033400,Java
250925032917,Java
250925032791,AWS
250925032791,Linux
250925031395,Python
250925031395,AWS
250925031395,Java
250925031208,Python
250925031208,Azure
250925031208,GCP
250925031208,Machine Learning
250925031208,NLP
250925031208,Generative AI
250925030802,Power BI
250925030802,Excel
250925029730,Excel
250925029026,Kubernetes
250925028583,SQL
250925028583,Azure
250925028403,AWS
250925028403,Java
250925028333,Python
250925028299,Python
250925028299,GCP
250925028299,Machine Learning
250925028299,NLP
250925028299,Generative AI
250925027927,Docker
250925027927,Kubernetes
250925027927,Java
250925027891,Python
250925026075,SQL
250925026075,Java
250925025492,Machine Learning
250925025492,Generative AI
250925024116,Python
250925024116,Docker
250925024116,Git
250925024116,JavaScript
250925023974,Docker
250925023974,Kubernetes
250925023907,SQL
250925023905,Azure
250925023905,Docker
250925023905,Kubernetes
250925023794,Azure
250925022801,Java
250925022627,Cybersecurity
250925022534,Power BI
250925022124,SQL
250925022124,Java
250925021535,React
250925020788,Python
250925020788,Machine Learning
250925020788,NLP
250925020565,SQL
250925020149,Azure
250925020149,React
250925019761,Python
250925019761,AWS
250925019761,Azure
250925019761,Docker
250925019761,Kubernetes
250925018821,Java
250925018821,React
250925018801,JavaScript
250925017975,Python
250925017872,AWS
250925017872,Java
250925017050,Python
250925017050,AWS
250925017050,Azure
250925017050,GCP
250925017050,Generative AI
250925017050,React
250925017030,SQL
250925016851,Python
250925016851,Generative AI
250925015849,Python
250925015849,GCP
250925015849,Kubernetes
250925015787,AWS
250925014832,Python
250925014832,SQL
250925014495,SQL
250925014495,GCP
250925014258,Excel
250925014243,Excel
250925014131,Python
250925014131,AWS
250925014131,React
250925013819,SQL
250925013819,Power BI
250925013711,Azure
250925013206,Azure
250925013114,Git
250925013114,Java
250925012851,Python
250925012851,Spark
250925012058,Java
250925012037,Git
250925012037,Java
250925011779,Python
250925011755,SQL
250925011755,Power BI
250925011755,Tableau
250925011645,SQL
250925011645,Java
250925011593,SQL
250925011593,Power BI
250925011593,Tableau
250925011543,Python
250925011543,AWS
250925011543,Docker
250925011543,Kubernetes
250925011340,Cybersecurity
250925011199,SQL
250925011059,JavaScript
250925011059,React
250925010892,Machine Learning
250925010892,NLP
250925010892,Generative AI
250925010570,Linux
250925010140,Java
250925009205,Python
250925009126,Java
250925009025,AWS
250925009025,Java
250925008990,JavaScript
250925008990,React
250925008977,JavaScript
250925008914,Tableau
250925008914,Machine Learning
250925008854,Java
250925008854,JavaScript
250925008741,Azure
250925008741,Docker
250925008741,Kubernetes
250925008680,SQL
250925008680,Java
250925008436,Azure
250925006996,Python
250925006996,SQL
250925006996,Spark
250925006840,Python
250925006840,SQL
250925006840,Power BI
250925006840,JavaScript
250925006629,Tableau
250925006539,Java
250925006539,JavaScript
250925006201,Python
250925006179,SQL
250925005558,Azure
250925004680,Git
250925003830,Python
250925003830,JavaScript
250925003640,Python
250925003640,SQL
250925003578,Java
250925003545,Python
250925002146,Python
250925002146,SQL
250925002146,Machine Learning
250925002033,Azure
250925001918,GCP
250925001258,Java
250925001055,Python
250925001055,AWS
250925001055,Java
250925000685,Excel
250925000567,Python
250925000567,Power BI
250925000567,Excel
250925000567,Azure
250925000135,Python
250925000135,SQL
250825022998,Excel
250825019493,Kubernetes
250825004831,Java
250825004831,React
250325009863,Cybersecurity
240925934779,SQL
240925934779,Azure
240925934777,JavaScript
240925933365,Python
240925933365,AWS
240925933365,NLP
240925933362,Deep Learning
240925933362,NLP
240925933347,AWS
240925933299,Python
240925933295,Python
240925933221,React
240925933217,React
240925933214,React
240925933202,React
240925933139,AWS
240925933139,Docker
240925933139,React
240925933118,AWS
240925933118,Docker
240925933118,React
240925933115,Python
240925933115,AWS
240925933115,GCP
240925933115,Kubernetes
240925933115,Java
240925933113,Python
240925933113,AWS
240925933113,GCP
240925933113,Kubernetes
240925933113,Java
240925933092,Python
240925933092,Azure
240925933086,Python
240925933086,Azure
240925933051,Python
240925933051,GCP
240925933051,NLP
240925933039,Python
240925933039,GCP
240925933039,NLP
240925933014,Python
240925933014,GCP
240925933014,NLP
240925933002,AWS
240925933002,GCP
240925933002,Java
240925932996,AWS
240925932996,GCP
240925932996,Java
240925932988,AWS
240925932988,GCP
240925932988,Java
240925932986,AWS
240925932986,GCP
240925932986,Java
240925932983,AWS
240925932983,GCP
240925932983,Java
240925932946,JavaScript
240925932946,React
240925932893,Python
240925932893,GCP
240925932893,Linux
240925932885,Python
240925932885,GCP
240925932885,Linux
240925932847,Python
240925932847,GCP
240925932847,Linux
240925932824,AWS
240925932824,Azure
240925932756,JavaScript
240925932723,Java
240925932723,JavaScript
240925932671,Python
240925932671,Machine Learning
240925932671,Deep Learning
240925932671,NLP
240925932671,Generative AI
240925932666,Python
240925932666,Machine Learning
240925932666,Deep Learning
240925932666,NLP
240925932666,Generative AI
240925932629,Python
240925932629,Machine Learning
240925932629,Deep Learning
240925932629,NLP
240925932629,Generative AI
240925932627,Python
240925932627,Machine Learning
240925932627,Deep Learning
240925932627,NLP
240925932627,Generative AI
240925932614,Generative AI
240925932609,Generative AI
240925932568,Python
240925932564,Python
240925932523,Java
240925932519,Java
240925932517,Java
240925932488,Azure
240925932485,Azure
240925932441,Machine Learning
240925932438,Python
240925932438,Java
240925932434,Python
240925932433,Python
240925932433,Machine Learning
240925932433,NLP
240925932432,Deep Learning
240925932432,Generative AI
240925932428,SQL
240925932427,AWS
240925932427,Docker
240925932427,Java
240925932422,Java
240925932422,JavaScript
240925932422,React
240925932413,Java
240925932413,React
240925932412,SQL
240925932412,Java
240925932412,React
240925932411,AWS
240925932411,Azure
240925932411,React
240925932410,AWS
240925932410,Azure
240925932410,React
240925932407,Python
240925932407,Spark
240925932393,AWS
240925932393,React
240925932392,AWS
240925932392,Azure
240925932392,React
240925932390,Spark
240925932389,Spark
240925932388,React
240925932387,Python
240925932387,Deep Learning
240925932387,NLP
240925932386,AWS
240925932386,React
240925932385,AWS
240925932379,AWS
240925932379,Java
240925932379,React
240925932377,SQL
240925932375,Java
240925932375,React
240925932374,Python
240925932372,Python
240925932369,Python
240925932369,SQL
240925932369,Spark
240925932368,SQL
240925932362,Spark
240925932360,SQL
240925932356,SQL
240925932355,Python
240925932355,Spark
240925932339,Java
240925931963,GCP
240925931955,SQL
240925931955,Tableau
240925931947,SQL
240925931947,Power BI
240925931919,Python
240925931919,Spark
240925931738,Python
240925931738,SQL
240925931738,Spark
240925931552,AWS
240925931552,Azure
240925931552,React
240925931550,AWS
240925931550,Azure
240925931550,React
240925931498,AWS
240925931498,Azure
240925931498,React
240925931495,AWS
240925931495,Azure
240925931495,React
240925931441,Tableau
240925931433,Excel
240925931120,Python
240925931120,SQL
240925931120,Excel
240925931107,Power BI
240925930947,AWS
240925930947,Azure
240925930947,React
240925930806,SQL
240925930806,Azure
240925930806,Databricks
240925930804,Python
240925930804,SQL
240925930804,AWS
240925930804,Deep Learning
240925930800,Python
240925930800,SQL
240925930800,Deep Learning
240925930791,AWS
240925930784,SQL
240925930784,Azure
240925930779,Java
240925930731,Linux
240925930729,JavaScript
240925930720,Java
240925930716,Python
240925930714,Python
240925930713,Python
240925930713,SQL
240925930709,Python
240925930709,Azure
240925930709,Docker
240925930709,Kubernetes
240925930708,Python
240925930708,SQL
240925930700,SQL
240925930675,Linux
240925930661,Python
240925930661,Java
240925930648,Python
240925930641,Java
240925930634,SQL
240925930634,Java
240925930633,SQL
240925930628,SQL
240925930628,JavaScript
240925930627,SQL
240925930627,Java
240925930625,SQL
240925930625,Azure
240925930625,Spark
240925930625,Databricks
240925930375,Python
240925930375,AWS
240925930375,Docker
240925930340,React
240925930007,Azure
240925930007,Git
240925929772,Python
240925929755,Python
240925929755,AWS
240925929755,JavaScript
240925929523,Java
240925929510,Python
240925929510,Java
240925929510,Linux
240925929508,Git
240925929504,SQL
240925929503,Java
240925929499,Java
240925929498,Azure
240925929497,SQL
240925929496,Python
240925929496,SQL
240925929496,Azure
240925929493,SQL
240925929493,AWS
240925929492,Python
240925929492,SQL
240925929484,Java
240925929480,Python
240925929480,SQL
240925929480,AWS
240925929478,JavaScript
240925929470,JavaScript
240925929468,Azure
240925929455,SQL
240925929455,Power BI
240925929446,SQL
240925929323,JavaScript
240925929312,Java
240925929287,Java
240925929285,Java
240925929266,Docker
240925929266,JavaScript
240925929198,Linux
240925929135,Linux
240925929134,Python
240925929134,SQL
240925929080,JavaScript
240925929006,AWS
240925929006,Azure
240925929006,Kubernetes
240925929006,Linux
240925928949,JavaScript
240925928807,Python
240925928807,SQL
240925928746,AWS
240925928671,Java
240925928513,Python
240925928513,Spark
240925928513,Java
240925928512,JavaScript
240925928511,Python
240925928511,Power BI
240925928414,Python
240925928281,SQL
240925928279,Python
240925928105,SQL
240925928103,GCP
240925928102,SQL
240925928086,Python
240925928086,SQL
240925928086,Power BI
240925928054,Python
240925928054,SQL
240925928036,GCP
240925927976,JavaScript
240925927976,React
240925927951,Python
240925927842,SQL
240925927840,Kubernetes
240925927837,Python
240925927829,Python
240925927829,Java
240925927629,Cybersecurity
240925927628,Machine Learning
240925927624,SQL
240925927496,Python
240925927496,AWS
240925927432,Python
240925924691,Excel
240925923765,SQL
240925922395,SQL
240925921256,SQL
240925921171,Python
240925921166,Azure
240925921134,Java
240925920834,Java
240925920834,JavaScript
240925919195,SQL
240925918800,SQL
240925918800,Kubernetes
240925918797,Kubernetes
240925918797,JavaScript
240925918795,SQL
240925918793,SQL
240925917059,Python
240925915900,SQL
240925915845,Python
240925915152,JavaScript
240925915149,SQL
240925915149,Kubernetes
240925915124,Tableau
240925915120,Linux
240925915047,Python
240925910922,Power BI
240925910691,Docker
240925910691,Java
240925910544,SQL
240925910184,Java
240925910184,Linux
240925909906,Java
240925909906,Cybersecurity
240925907450,SQL
240925907450,Spark
240925507786,Excel
240925507642,Excel
240925506766,Excel
240925506757,Python
240925506757,SQL
240925506754,Excel
240925506742,Excel
240925506259,Excel
240925506257,Cybersecurity
240925506257,Linux
240925506136,AWS
240925506136,GCP
240925506129,JavaScript
240925506112,SQL
240925506112,Linux
240925505026,JavaScript
240925505019,Java
240925505018,Git
240925505018,JavaScript
240925504982,Git
240925504943,Linux
240925504929,SQL
240925503976,Git
240925503968,GCP
240925503968,Git
240925503968,JavaScript
240925503955,Linux
240925503653,AWS
240925503653,GCP
240925503427,Git
240925503425,GCP
240925503425,Git
240925503344,Linux
240925503295,JavaScript
240925503212,SQL
240925503212,Git
240925503163,Machine Learning
240925503149,SQL
240925503149,Linux
240925503094,Linux
240925503093,Linux
240925503042,JavaScript
240925503023,SQL
240925503020,JavaScript
240925502911,SQL
240925502911,Java
240925502902,Java
240925502900,Azure
240925502900,Kubernetes
240925502845,Java
240925502830,JavaScript
240925502797,JavaScript
240925502761,Linux
240925502663,SQL
240925502633,Python
240925502619,SQL
240925502601,JavaScript
240925502600,AWS
240925502600,Git
240925502573,Machine Learning
240925502517,JavaScript
240925502511,NLP
240925502511,JavaScript
240925502499,Git
240925502488,SQL
240925502488,Tableau
240925502445,Git
240925502441,Excel
240925502429,SQL
240925502424,Python
240925502419,SQL
240925502419,Java
240925502413,Git
240925502412,JavaScript
240925502389,Git
240925502389,Linux
240925502384,Machine Learning
240925502320,SQL
240925502320,JavaScript
240925502310,Excel
240925501945,Linux
240925501913,JavaScript
240925501893,SQL
240925501863,Git
240925501863,JavaScript
240925501856,Python
240925501821,Linux
240925501816,Git
240925501770,Excel
240925501765,Excel
240925501724,AWS
240925501711,Java
240925501671,Excel
240925501195,Python
240925501195,Azure
240925501195,Kubernetes
240925501168,React
240925501133,JavaScript
240925501112,Machine Learning
240925501110,Python
240925501110,SQL
240925501110,Azure
240925501109,Machine Learning
240925501076,Excel
240925500969,SQL
240925500969,Git
240925500969,Java
240925500757,Linux
240925500751,Java
240925500738,JavaScript
240925500720,JavaScript
240925500718,JavaScript
240925500712,Excel
240925500700,JavaScript
240925500679,JavaScript
240925500649,Linux
240925500623,SQL
240925500623,Power BI
240925500623,Excel
240925500618,Machine Learning
240925500612,GCP
240925500612,JavaScript
240925500601,JavaScript
240925500596,JavaScript
240925500435,AWS
240925036934,Docker
240925036934,Java
240925036804,SQL
240925036804,AWS
240925036622,SQL
240925036622,Power BI
240925036601,Python
240925036601,AWS
240925036601,Spark
240925036583,Power BI
240925036583,Tableau
240925036503,SQL
240925036175,Python
240925036175,SQL
240925036175,Docker
240925036143,Excel
240925035715,Python
240925035715,SQL
240925035715,Excel
240925035514,Java
240925035514,React
240925035385,Git
240925035385,JavaScript
240925035385,React
240925035354,React
240925035071,Python
240925035071,AWS
240925035071,GCP
240925035071,Java
240925035066,Java
240925034842,Linux
240925034373,Python
240925034373,SQL
240925034373,Spark
240925034189,AWS
240925034189,Kubernetes
240925034109,SQL
240925033913,SQL
240925033042,SQL
240925033042,Azure
240925033042,Spark
240925032024,JavaScript
240925030843,Python
240925030734,Azure
240925030684,JavaScript
240925030378,Excel
240925030094,Excel
240925029807,Cybersecurity
240925028499,Generative AI
240925028465,Machine Learning
240925028465,NLP
240925028392,Machine Learning
240925028392,NLP
240925028257,AWS
240925028257,Azure
240925028257,React
240925027668,Java
240925027668,JavaScript
240925027668,React
240925027657,Java
240925027497,Cybersecurity
240925027061,Excel
240925026886,Java
240925026649,AWS
240925026649,Java
240925026626,React
240925026545,Python
240925026545,AWS
240925026544,Java
240925025034,AWS
240925025034,Azure
240925025034,Docker
240925025034,Java
240925024771,SQL
240925024771,Excel
240925024539,SQL
240925024539,AWS
240925024215,JavaScript
240925024078,AWS
240925024078,Spark
240925024078,Databricks
240925024078,Git
240925023786,SQL
240925023786,Git
240925022786,JavaScript
240925022752,SQL
240925021483,AWS
240925021364,SQL
240925020784,Python
240925020784,SQL
240925020784,AWS
240925020784,Azure
240925020254,Python
240925020254,SQL
240925020254,AWS
240925020254,Spark
240925020021,Python
240925018918,Python
240925018874,Python
240925018874,Linux
240925018870,Java
240925017360,Excel
240925017000,Python
240925016713,Java
240925016713,React
240925016419,Docker
240925016255,GCP
240925016066,Azure
240925016061,Azure
240925016061,GCP
240925015953,SQL
240925015953,Linux
240925015918,Python
240925015918,Azure
240925015918,GCP
240925015811,Python
240925015707,Python
240925015707,Generative AI
240925015580,Python
240925015580,SQL
240925015580,AWS
240925015449,Excel
240925015355,Java
240925015355,JavaScript
240925014636,AWS
240925014636,Docker
240925014636,Java
240925014381,Java
240925014374,Python
240925014203,Python
240925014203,SQL
240925014203,AWS
240925014203,Kubernetes
240925013977,Python
240925013977,SQL
240925013977,AWS
240925013977,Spark
240925013977,Databricks
240925013874,AWS
240925013874,Azure
240925013874,Kubernetes
240925013800,JavaScript
240925013419,Azure
240925013419,Docker
240925012586,SQL
240925012586,Power BI
240925012586,Excel
240925011360,Azure
240925011106,GCP
240925010410,Cybersecurity
240925010097,Docker
240925010097,Kubernetes
240925010097,Java
240925010097,React
240925009713,Java
240925009577,JavaScript
240925009577,React
240925009248,Python
240925009248,AWS
240925009248,Java
240925008776,Azure
240925008776,Java
240925007727,Azure
240925007701,Java
240925007701,React
240925000143,Docker
240925000143,Kubernetes
240725031979,JavaScript
240725021647,Python
240725021647,Machine Learning
240725021647,Deep Learning
240725021647,NLP
240625016750,Machine Learning
230925936754,Git
230925936563,Azure
230925936563,JavaScript
230925936526,Java
230925936348,SQL
230925936347,SQL
230925936347,Tableau
230925936271,JavaScript
230925936271,React
230925935992,SQL
230925935935,Python
230925935935,SQL
230925935935,Power BI
230925935934,Python
230925935934,Machine Learning
230925935934,NLP
230925935932,Python
230925935932,Machine Learning
230925935932,Kubernetes
230925935925,JavaScript
230925935922,JavaScript
230925935919,JavaScript
230925935899,Azure
230925935892,Azure
230925935877,Azure
230925935877,JavaScript
230925935872,SQL
230925935868,JavaScript
230925935811,Python
230925935756,SQL
230925935754,Azure
230925935711,Python
230925935711,AWS
230925935711,Azure
230925935709,SQL
230925935709,Power BI
230925935709,Tableau
230925935709,Git
230925935708,SQL
230925935703,SQL
230925935703,AWS
230925935703,Git
230925935661,SQL
230925935652,Python
230925935652,SQL
230925935652,Machine Learning
230925935652,NLP
230925934790,JavaScript
230925934788,Kubernetes
230925934788,Java
230925934787,Java
230925934280,Docker
230925934280,Git
230925934280,JavaScript
230925934031,AWS
230925934031,GCP
230925934031,Generative AI
230925933269,React
230925932825,Excel
230925932821,Python
230925932821,SQL
230925932821,Machine Learning
230925932821,Git
230925932816,Tableau
230925932625,Linux
230925932360,JavaScript
230925932360,React
230925931744,Excel
230925931574,Python
230925931574,Git
230925931573,Kubernetes
230925931572,Python
230925931347,JavaScript
230925931347,React
230925931304,JavaScript
230925931304,React
230925930780,JavaScript
230925930673,Python
230925930673,Linux
230925930573,Python
230925930573,SQL
230925930573,GCP
230925930573,Kubernetes
230925930542,SQL
230925930542,AWS
230925930542,GCP
230925930514,SQL
230925930514,AWS
230925930514,GCP
230925930369,Java
230925930347,Java
230925930233,SQL
230925930233,Java
230925930233,React
230925930199,SQL
230925930199,Java
230925930199,React
230925930137,Python
230925930137,Spark
230925930137,Git
230925930099,Python
230925930099,Spark
230925930099,Linux
230925930044,Python
230925930044,Spark
230925929900,JavaScript
230925929869,Python
230925929869,SQL
230925929839,AWS
230925929839,Spark
230925929818,AWS
230925929818,Spark
230925929786,Machine Learning
230925929782,Python
230925929684,Python
230925929684,AWS
230925929684,Git
230925929675,Python
230925929675,Java
230925929658,Java
230925929358,AWS
230925929358,Kubernetes
230925929358,Java
230925929260,Python
230925929260,Kubernetes
230925929260,JavaScript
230925929223,Kubernetes
230925929025,JavaScript
230925928569,Python
230925928540,Power BI
230925928538,Azure
230925928063,Power BI
230925927884,Java
230925926858,Python
230925926858,SQL
230925926856,SQL
230925926856,Power BI
230925926856,Excel
230925926855,Python
230925926852,Python
230925926398,JavaScript
230925926395,Azure
230925926393,JavaScript
230925926389,GCP
230925926384,Python
230925926384,NLP
230925926384,JavaScript
230925926251,Python
230925926226,Python
230925926226,Kubernetes
230925926226,Git
230925926220,Python
230925926220,Java
230925926199,Java
230925926196,Java
230925926143,SQL
230925926125,SQL
230925926125,Azure
230925926114,SQL
230925926114,Java
230925926075,JavaScript
230925926074,SQL
230925926050,Kubernetes
230925926050,Java
230925926050,JavaScript
230925926035,Python
230925926035,SQL
230925926035,Spark
230925926029,SQL
230925926029,Azure
230925926016,SQL
230925926016,Azure
230925926013,JavaScript
230925925997,AWS
230925925997,Azure
230925925997,GCP
230925925997,Databricks
230925925985,Java
230925925971,Java
230925925969,Java
230925925962,SQL
230925925962,Spark
230925925455,Python
230925924625,Java
230925923916,SQL
230925923882,Python
230925923882,SQL
230925923882,Tableau
230925923853,Kubernetes
230925923853,JavaScript
230925923853,React
230925923555,Git
230925923555,JavaScript
230925923555,React
230925923408,Python
230925923408,Docker
230925923408,Kubernetes
230925923408,Java
230925923160,Python
230925923160,AWS
230925922973,Linux
230925922966,SQL
230925922965,Java
230925922962,Java
230925922468,JavaScript
230925922421,Python
230925922421,AWS
230925922421,Spark
230925922421,Java
230925920807,JavaScript
230925920114,JavaScript
230925919880,Python
230925919880,SQL
230925919880,Kubernetes
230925919792,Java
230925919790,Java
230925919633,Kubernetes
230925918893,Azure
230925918884,Python
230925918883,Python
230925918883,Kubernetes
230925918840,AWS
230925918840,Kubernetes
230925918840,Java
230925918089,SQL
230925918074,Python
230925918074,Java
230925918074,Linux
230925918073,Python
230925918073,Machine Learning
230925918057,AWS
230925918057,Azure
230925918057,GCP
230925918033,Kubernetes
230925918027,AWS
230925918027,Kubernetes
230925918026,SQL
230925918026,AWS
230925918026,Azure
230925918022,Java
230925918022,JavaScript
230925918022,React
230925918020,Python
230925918020,Java
230925917900,SQL
230925917125,Python
230925917110,NLP
230925914297,Python
230925914297,Power BI
230925914297,Machine Learning
230925913878,Java
230925913878,JavaScript
230925913877,Java
230925913622,SQL
230925913619,Kubernetes
230925913603,Java
230925913595,Java
230925913538,Power BI
230925913538,Azure
230925913538,GCP
230925913249,Python
230925913249,AWS
230925913249,Azure
230925913249,Kubernetes
230925913248,SQL
230925913248,Azure
230925913248,Linux
230925913247,SQL
230925913247,Azure
230925913181,Python
230925913181,SQL
230925913181,Tableau
230925912206,JavaScript
230925912035,AWS
230925912035,Java
230925911892,Kubernetes
230925911892,JavaScript
230925911892,React
230925911801,Java
230925911790,Python
230925911790,AWS
230925911790,Kubernetes
230925911775,JavaScript
230925911731,SQL
230925911731,AWS
230925911731,Kubernetes
230925911731,Java
230925911726,Spark
230925911724,SQL
230925911724,Linux
230925911698,Power BI
230925911672,JavaScript
230925911669,Java
230925911662,SQL
230925911661,Java
230925910578,Azure
230925910578,JavaScript
230925910421,Java
230925910420,JavaScript
230925910418,Docker
230925910418,Kubernetes
230925910405,JavaScript
230925910404,SQL
230925508335,Java
230925508316,Power BI
230925508316,Tableau
230925508316,AWS
230925508315,SQL
230925508315,Power BI
230925508315,Tableau
230925508315,Excel
230925508312,Excel
230925508296,Python
230925508296,JavaScript
230925508284,Java
230925508272,Python
230925508272,Tableau
230925508260,Tableau
230925508226,Python
230925508226,AWS
230925508203,Tableau
230925508191,Excel
230925508067,Java
230925508067,JavaScript
230925508064,Python
230925508051,SQL
230925508021,Power BI
230925508021,Excel
230925508021,Azure
230925507980,Python
230925507980,SQL
230925507980,JavaScript
230925507979,AWS
230925507979,Docker
230925507947,AWS
230925507947,Kubernetes
230925507922,Excel
230925507912,SQL
230925507912,AWS
230925507868,SQL
230925507868,AWS
230925507858,SQL
230925507858,Java
230925507845,Python
230925507845,Docker
230925507845,Java
230925507820,Python
230925507820,SQL
230925507818,Power BI
230925507818,Tableau
230925507818,AWS
230925507800,SQL
230925507800,AWS
230925507793,Python
230925507713,Python
230925507713,Git
230925507713,Java
230925507713,JavaScript
230925507689,Java
230925507685,SQL
230925507685,Docker
230925507685,React
230925507651,Python
230925507611,Linux
230925507579,Python
230925507579,SQL
230925507579,Spark
230925507579,Machine Learning
230925507576,Tableau
230925507576,AWS
230925507567,Power BI
230925507567,Tableau
230925507534,SQL
230925507534,Git
230925507534,Java
230925507523,Tableau
230925507494,Tableau
230925507402,Python
230925507402,AWS
230925507380,Excel
230925507351,Java
230925507348,Excel
230925507347,AWS
230925507292,Power BI
230925507292,Azure
230925507281,JavaScript
230925507281,React
230925507276,Python
230925507276,SQL
230925507276,Spark
230925507254,Excel
230925507206,SQL
230925507160,Excel
230925507131,SQL
230925507094,AWS
230925507094,Azure
230925507094,GCP
230925507094,Docker
230925507057,SQL
230925507057,GCP
230925507035,Tableau
230925506942,Linux
230925506928,JavaScript
230925506922,AWS
230925506823,Python
230925506823,SQL
230925506823,AWS
230925506823,Spark
230925506795,Java
230925506776,Excel
230925506767,Python
230925506767,Java
230925506767,React
230925506746,Excel
230925506745,Excel
230925506721,SQL
230925506721,Azure
230925506696,AWS
230925506666,SQL
230925506666,Excel
230925506643,SQL
230925506643,Java
230925506643,JavaScript
230925506569,Excel
230925506452,Java
230925506434,SQL
230925506434,Excel
230925506430,Excel
230925506375,Python
230925506375,Java
230925506358,GCP
230925506324,Python
230925506324,Azure
230925506236,Python
230925506236,Excel
230925506234,Tableau
230925506234,Excel
230925506225,SQL
230925506225,Excel
230925506214,React
230925506213,Excel
230925506140,GCP
230925506121,Python
230925506121,SQL
230925506121,Spark
230925506085,Python
230925506083,JavaScript
230925506027,JavaScript
230925506026,SQL
230925506026,GCP
230925505963,SQL
230925505953,SQL
230925505953,Power BI
230925505953,Tableau
230925505920,SQL
230925505824,Python
230925505824,Azure
230925505824,NLP
230925505762,SQL
230925505758,Power BI
230925505481,SQL
230925505476,Machine Learning
230925505410,SQL
230925505410,Git
230925505407,Java
230925505335,Linux
230925505294,Git
230925505294,Linux
230925505277,Machine Learning
230925505277,Linux
230925505274,JavaScript
230925505264,Linux
230925505242,Linux
230925505235,Linux
230925505171,Linux
230925505154,Machine Learning
230925505154,Linux
230925505146,Git
230925505146,JavaScript
230925505146,Cybersecurity
230925505086,Linux
230925505082,Git
230925505078,Linux
230925505062,JavaScript
230925505062,Linux
230925505055,Linux
230925505054,JavaScript
230925505042,GCP
230925505042,Linux
230925504966,Python
230925504966,Azure
230925504966,Kubernetes
230925504931,Python
230925504931,Machine Learning
230925504924,SQL
230925504924,Excel
230925504846,SQL
230925504840,Azure
230925504840,Kubernetes
230925504838,SQL
230925504836,Java
230925504797,Python
230925504797,Kubernetes
230925504797,Git
230925504773,Python
230925504765,Docker
230925504765,Kubernetes
230925504763,Excel
230925504753,SQL
230925504753,Docker
230925504751,SQL
230925504749,Git
230925504749,JavaScript
230925504651,SQL
230925504651,Azure
230925504624,Python
230925504572,SQL
230925504563,SQL
230925504563,Excel
230925504552,SQL
230925504542,Python
230925504531,Python
230925504531,Azure
230925504531,Machine Learning
230925504531,Deep Learning
230925504531,NLP
230925504529,Kubernetes
230925504529,Git
230925504529,Linux
230925504523,Python
230925504522,AWS
230925504522,Java
230925504521,Python
230925504521,SQL
230925504521,Power BI
230925504521,AWS
230925504521,Azure
230925504521,Spark
230925504520,Docker
230925504514,SQL
230925504514,Azure
230925504513,Docker
230925504511,Python
230925504511,SQL
230925504511,JavaScript
230925504506,JavaScript
230925504473,Python
230925504410,Python
230925504410,NLP
230925504365,Docker
230925504365,Kubernetes
230925504365,Git
230925504365,Java
230925504363,SQL
230925504363,Java
230925504362,SQL
230925504361,Python
230925504361,Power BI
230925504361,Azure
230925504361,Databricks
230925504357,SQL
230925504357,Java
230925504322,Docker
230925504322,Kubernetes
230925504299,Python
230925504299,SQL
230925504299,Azure
230925504256,Machine Learning
230925504256,Git
230925504149,GCP
230925504148,Linux
230925503901,Python
230925503901,Power BI
230925503833,JavaScript
230925503831,Python
230925503707,GCP
230925503707,Machine Learning
230925501378,Excel
230925501278,Excel
230925501159,Git
230925501159,JavaScript
230925501142,Power BI
230925501140,Git
230925501115,Linux
230925501097,Git
230925501097,Linux
230925501094,Linux
230925501080,Git
230925501076,Git
230925501043,SQL
230925500998,SQL
230925500985,Excel
230925500981,GCP
230925500981,Linux
230925500925,SQL
230925500925,Machine Learning
230925500915,Linux
230925500848,Linux
230925500827,SQL
230925500809,Machine Learning
230925500809,Linux
230925500804,AWS
230925500796,Git
230925500794,Linux
230925500773,JavaScript
230925500723,GCP
230925500723,Machine Learning
230925500657,SQL
230925500635,Git
230925500614,JavaScript
230925500612,JavaScript
230925500612,Linux
230925500585,Git
230925500557,GCP
230925500547,JavaScript
230925500531,Python
230925500482,JavaScript
230925500451,Git
230925500421,Linux
230925500413,Linux
230925500398,Linux
230925500396,Linux
230925500377,Machine Learning
230925500365,Machine Learning
230925500300,Machine Learning
230925500294,Machine Learning
230925500294,Deep Learning
230925500279,Git
230925500275,Git
230925500275,Linux
230925500267,Git
230925500242,Git
230925500182,Linux
230925500180,Machine Learning
230925500167,JavaScript
230925500142,JavaScript
230925500101,Linux
230925500048,Git
230925500030,JavaScript
230925039044,AWS
230925039044,Java
230925038819,Python
230925038819,Machine Learning
230925038819,Deep Learning
230925038819,Generative AI
230925038700,JavaScript
230925038624,Python
230925038624,Generative AI
230925038560,SQL
230925038374,Linux
230925038303,SQL
230925038132,Java
230925038127,Python
230925038127,Spark
230925038127,Docker
230925038127,Kubernetes
230925038062,SQL
230925038062,AWS
230925038062,React
230925037968,Excel
230925037968,Java
230925037843,Python
230925037843,Generative AI
230925037617,Cybersecurity
230925037510,JavaScript
230925037510,React
230925037460,Excel
230925036735,AWS
230925036735,Azure
230925036735,GCP
230925036424,Java
230925036386,Git
230925036162,Java
230925035320,Java
230925034604,SQL
230925034604,React
230925034273,SQL
230925032230,AWS
230925032230,Java
230925029723,Python
230925028692,Python
230925028692,SQL
230925028692,Java
230925027342,AWS
230925027082,React
230925026844,AWS
230925026844,Java
230925026627,Java
230925026566,Java
230925026531,Python
230925026531,SQL
230925026531,Azure
230925026523,Java
230925026443,Excel
230925026236,Python
230925026236,AWS
230925026236,Docker
230925026236,Git
230925026236,Java
230925026214,Python
230925026214,Java
230925026214,React
230925025267,Azure
230925025267,GCP
230925025116,Excel
230925024709,AWS
230925024678,Java
230925024558,Python
230925024558,AWS
230925024558,GCP
230925024558,Java
230925024492,Linux
230925024235,SQL
230925024235,Java
230925023682,AWS
230925023682,Java
230925023414,AWS
230925023334,AWS
230925023192,Java
230925022727,Power BI
230925022727,Excel
230925022694,SQL
230925022639,AWS
230925022639,Azure
230925022639,Java
230925022064,Linux
230925021765,SQL
230925021765,Azure
230925021648,AWS
230925021648,Azure
230925021648,JavaScript
230925021648,Linux
230925021407,Python
230925020660,Kubernetes
230925020660,Git
230925020630,Python
230925020630,Spark
230925020630,Java
230925019986,SQL
230925019986,AWS
230925019877,Generative AI
230925019877,Git
230925019424,Python
230925019272,SQL
230925019272,Azure
230925019265,Java
230925019146,Java
230925018945,Python
230925018751,SQL
230925018749,Power BI
230925018672,Azure
230925018672,GCP
230925018579,AWS
230925018387,Python
230925018387,Java
230925018387,JavaScript
230925018387,React
230925018300,Java
230925018300,JavaScript
230925017952,Azure
230925017952,Kubernetes
230925016970,SQL
230925016653,Kubernetes
230925016653,Java
230925016653,JavaScript
230925016059,AWS
230925016059,Docker
230925016059,Kubernetes
230925015698,AWS
230925015698,Docker
230925015698,Git
230925015604,Python
230925013819,Java
230925013819,React
230925013522,SQL
230925013312,JavaScript
230925013312,React
230925013309,Python
230925013309,Machine Learning
230925013187,Python
230925013187,Machine Learning
230925011772,Java
230925010551,AWS
230925010551,Java
230925010508,Excel
230925010098,AWS
230925010098,Java
230925009986,Python
230925009279,React
230925000213,Excel
230925000202,React
230925000099,Python
230925000099,SQL
230925000099,GCP
230925000099,Machine Learning
230925000099,Generative AI
230925000099,Java
230925000005,GCP
230925000005,Kubernetes
230525015348,Java
220925021113,Python
220925014730,Linux
220925009910,JavaScript
220925005947,Java
220825030397,Docker
220825030397,Kubernetes
220825030397,Java
220825017507,SQL
210825035034,AWS
210825035034,Spark
210225009174,SQL
210225009174,Java
200825036851,Python
200825033895,Java
200825033895,JavaScript
200825033895,React
180925038719,Python
180925038719,SQL
180925031474,Python
180925031474,SQL
180925010084,Java
170925018020,AWS
170925018020,Docker
170925018020,Kubernetes
170925018020,Linux
170725019775,SQL
170525020719,Excel
160925936144,SQL
160925936144,React
160925025547,Python
160925025547,JavaScript
160925025547,React
160425014008,AWS
160425014008,Spark
150925026972,AWS
150925026972,GCP
150925026972,Docker
150925026972,Kubernetes
150925010288,Python
150925010288,AWS
150925010288,Azure
150925010288,React
150925009255,Python
150925009255,Java
150925009255,React
150925007805,Azure
150925002380,AWS
140825022023,Python
140225015094,Python
130925001874,Excel
130825019002,JavaScript
130825019002,React
130825017521,Kubernetes
130825017521,Java
130825017521,JavaScript
130625011576,Cybersecurity
130425002747,Machine Learning
130425002747,Cybersecurity
120925027777,Python
120925027777,Generative AI
120925027291,Python
120925027291,Power BI
120925024750,Linux
120925022023,SQL
120925022023,Java
120925020186,Python
120825018602,Python
120825018602,Java
120825015941,Java
110925038510,AWS
110925036812,SQL
110925033086,SQL
110925025503,Python
110925024166,Python
110925024166,SQL
110925021993,Python
110925021993,AWS
110925021993,Java
110925021993,JavaScript
110925021993,React
110925013661,SQL
110725023406,Excel
100925045037,Java
100925044982,Java
100925044167,SQL
100925005209,Java
80925009000,SQL
80925009000,Azure
80625004308,Python
80625004308,SQL
80425026062,SQL
80425026062,Power BI
70825024645,Linux
60625014197,AWS
50925016153,Java
50925015682,Java
50825032357,Python
40925928046,Kubernetes
40925919376,SQL
40925002870,Java
40725031502,SQL
30925034530,SQL
30925034530,Power BI
30925034530,Excel
30925014490,JavaScript
30725023559,SQL
30725018666,Java
20725032290,Linux
20725015601,Python
20725015601,Machine Learning
10925020649,Python
10925020649,SQL
10925020649,AWS
10925015426,SQL
10925015426,Power BI
10925015426,Excel
10925009690,Azure
10925009690,JavaScript
10725015502,Azure
310125011330,Excel
300925927481,Excel
300925927471,Excel
300925927463,Excel
300925926406,Excel
300925926399,Excel
300925926392,Excel
300925030510,Excel
300925029927,Python
300925029836,Git
300925029036,JavaScript
300925028790,Python
300925028790,SQL
300925028790,Git
300925028149,Git
300925028149,Java
300925028149,React
300925026308,AWS
300925026308,Git
300925026026,React
300925026024,SQL
300925026024,Azure
300925026024,Spark
300925026024,Databricks
300925025673,Power BI
300925023091,Python
300925023091,Docker
300925022917,Excel
300925022032,Azure
300925021954,Azure
300925020956,JavaScript
300925020956,React
300925020729,Excel
300925019942,Excel
300925018220,JavaScript
300925015159,NLP
300925015159,Generative AI
300925015159,Java
300925014576,Git
300925014576,JavaScript
300925013634,Python
300925013634,Machine Learning
300925013634,Generative AI
300925013634,Java
300925011604,Excel
300925011354,Java
300725027834,Git
300725027834,JavaScript
300725027834,React
290925918190,Power BI
290925905830,Power BI
290925905830,Excel
290925026760,Python
290925026760,Linux
290925025726,AWS
290925025726,Java
290925022645,Excel
290925018613,Excel
290925018126,Azure
290925018126,Cybersecurity
290925014811,SQL
290925014157,AWS
290925013049,Excel
290925013008,Java
290925009530,Python
290925009530,AWS
290925009530,Java
290925008089,Python
290925008089,SQL
290925007191,Cybersecurity
290925004246,SQL
290925003377,JavaScript
290925003251,Excel
270925011723,SQL
270925011192,Excel
270925010157,Python
270925010157,SQL
270925010157,Generative AI
270925008767,Excel
270925008564,Excel
270925007974,Azure
270925006623,Java
270925005820,AWS
270825019287,JavaScript
270625032135,Power BI
260925032583,React
260925031908,Cybersecurity
260925030457,Java
260925029855,Machine Learning
260925029855,Deep Learning
260925029855,Generative AI
260925026661,Python
260925026661,Java
260925026661,JavaScript
260925026288,Python
260925025387,Excel
260925024472,NLP
260925023186,React
260925019680,SQL
260925019680,Docker
260925019680,Linux
260925015402,JavaScript
260925013260,Python
260925012870,JavaScript
260925012870,React
260925010553,Excel
260925010092,Excel
260925008051,Excel
260925007726,Excel
260925007210,SQL
260925007199,Git
260925006031,AWS
260925006031,Java
250925932582,Python
250925932324,Java
250925932324,Linux
250925932319,Python
250925932319,SQL
250925932235,Python
250925932208,SQL
250925932090,Java
250925932032,SQL
250925932017,Python
250925932017,Cybersecurity
250925931991,Git
250925931991,JavaScript
250925931901,Java
250925931816,Python
250925931816,SQL
250925931804,Java
250925931725,Kubernetes
250925931725,JavaScript
250925931725,React
250925931709,Java
250925931672,Python
250925931672,SQL
250925931669,Python
250925931669,NLP
250925931664,SQL
250925931653,Python
250925931604,Python
250925931604,Kubernetes
250925931604,JavaScript
250925931604,React
250925931571,Python
250925931551,SQL
250925931539,SQL
250925931171,React
250925931144,Python
250925931144,Spark
250925931144,Machine Learning
250925931144,NLP
250925931143,Python
250925931143,Docker
250925931143,Kubernetes
250925931143,Java
250925931140,Python
250925931140,AWS
250925931140,Docker
250925931140,Kubernetes
250925931106,Python
250925931106,SQL
250925931089,Python
250925931043,SQL
250925931043,Kubernetes
250925931043,Git
250925931043,Java
250925930587,Linux
250925930344,Python
250925930344,Azure
250925930334,Python
250925930334,SQL
250925930300,Java
250925930205,Python
250925930205,SQL
250925930205,Azure
250925930205,Docker
250925930205,Kubernetes
250925930205,Java
250925930110,Kubernetes
250925930110,JavaScript
250925930022,Python
250925930022,SQL
250925929986,Python
250925929986,Machine Learning
250925929986,Deep Learning
250925929986,NLP
250925929480,Linux
250925929397,Python
250925929397,React
250925929369,Linux
250925928912,Python
250925928769,Python
250925928769,SQL
250925928755,Python
250925928531,Python
250925928531,GCP
250925928531,Kubernetes
250925928522,Java
250925928522,JavaScript
250925928456,Java
250925928456,JavaScript
250925928010,SQL
250925928009,AWS
250925928009,Kubernetes
250925927997,Python
250925927997,AWS
250925927997,Kubernetes
250925927976,Python
250925927964,SQL
250925927823,Spark
250925927816,SQL
250925927809,SQL
250925927800,AWS
250925927788,Python
250925927788,SQL
250925927788,Azure
250925927788,Git
250925927788,Java
250925927634,Python
250925927634,Azure
250925927632,Python
250925927632,Azure
250925927630,Python
250925927630,Azure
250925927595,Java
250925927595,JavaScript
250925927595,React
250925927588,AWS
250925927588,Docker
250925927588,Java
250925926524,Java
250925926524,JavaScript
250925926524,React
250925926523,Java
250925926523,React
250925926516,Java
250925926514,Python
250925926514,Machine Learning
250925926503,Python
250925926499,Java
250925926499,JavaScript
250925926499,React
250925926486,Java
250925926486,JavaScript
250925926486,React
250925926388,Java
250925926384,Java
250925926382,Java
250925926321,Python
250925926321,Kubernetes
250925926321,Java
250925926210,Python
250925926210,Machine Learning
250925926201,SQL
250925926190,SQL
250925926118,SQL
250925926117,SQL
250925926117,Power BI
250925926114,SQL
250925926113,SQL
250925926108,AWS
250925926083,AWS
250925926081,AWS
250925926065,Java
250925926065,React
250925926064,Java
250925926040,Python
250925926040,Machine Learning
250925926008,Python
250925926005,Python
250925926002,Python
250925925995,Deep Learning
250925925995,NLP
250925925994,Python
250925925994,Deep Learning
250925925994,NLP
250925925988,SQL
250925925988,Java
250925925988,React
250925925987,Java
250925925987,React
250925925985,SQL
250925925960,SQL
250925925958,Deep Learning
250925925958,Generative AI
250925925956,Deep Learning
250925925956,Generative AI
250925925950,Java
250925925950,React
250925925949,Python
250925925948,Azure
250925925946,Java
250925925845,Deep Learning
250925925845,Generative AI
250925925807,Generative AI
250925925773,Python
250925925773,Linux
250925925668,AWS
250925925662,SQL
250925925662,Azure
250925925662,Databricks
250925925650,AWS
250925925650,Azure
250925925650,GCP
250925925650,Java
250925921574,Python
250925921574,SQL
250925921574,Excel
250925921544,Azure
250925921536,SQL
250925921500,JavaScript
250925921495,JavaScript
250925921492,SQL
250925921492,Azure
250925921481,SQL
250925921481,Java
250925921481,JavaScript
250925921458,SQL
250925921458,Java
250925921458,JavaScript
250925921427,Kubernetes
250925921422,AWS
250925921422,Azure
250925921422,GCP
250925921420,AWS
250925921420,Azure
250925921420,GCP
250925921416,SQL
250925921414,Python
250925921408,SQL
250925921401,SQL
250925921401,Power BI
250925921382,SQL
250925921370,SQL
250925921370,Azure
250925921370,Spark
250925921370,Databricks
250925921368,SQL
250925921367,Python
250925921367,AWS
250925921367,Kubernetes
250925921361,SQL
250925921361,Azure
250925921361,Spark
250925921361,Databricks
250925921340,Python
250925921340,Azure
250925921340,Docker
250925921340,Kubernetes
250925921335,SQL
250925921335,Azure
250925921335,Spark
250925921335,Databricks
250925921308,AWS
250925921308,Azure
250925921308,GCP
250925921296,SQL
250925921296,Power BI
250925921252,Python
250925921246,SQL
250925921246,Power BI
250925921203,SQL
250925921203,Excel
250925921178,Excel
250925921165,Azure
250925921125,Excel
250925921111,Python
250925921111,Power BI
250925921111,Tableau
250925921111,Excel
250925921107,Python
250925921107,Machine Learning
250925921107,NLP
250925921107,JavaScript
250925921105,Azure
250925921091,Cybersecurity
250925921079,Python
250925921079,Azure
250925921079,Kubernetes
250925921079,Git
250925921058,Python
250925921058,SQL
250925921058,Java
250925921055,Python
250925921055,Azure
250925921055,Spark
250925921055,Databricks
250925921030,SQL
250925921030,Power BI
250925921028,Azure
250925917995,Python
250925917995,Kubernetes
250925917995,Linux
250925917992,Kubernetes
250925917992,Git
250925917970,Cybersecurity
250925917969,Cybersecurity
250925917899,Java
250925917892,Python
250925917892,Java
250925915395,Azure
250925915395,JavaScript
250925915395,React
250925914169,Python
250925914169,Kubernetes
250925913692,Python
250925913692,AWS
250925913692,Kubernetes
250925913692,Git
250925910679,Azure
250925910675,SQL
250925910675,Java
250925910000,Cybersecurity
250925909987,SQL
250925908541,AWS
250925908541,Spark
250925907543,Python
250925907543,Cybersecurity
250925906094,SQL
250925905670,Java
250925905635,Python
250925905635,SQL
250925905635,Java
250925905315,SQL
250925905315,Kubernetes
250925901950,GCP
250925901932,Python
250925901908,Java
250925901908,JavaScript
250925901662,Python
250925901145,JavaScript
250925509788,Git
250925509788,Linux
250925509730,Git
250925509730,JavaScript
250925509727,Git
250925509726,JavaScript
250925509679,Machine Learning
250925509672,Linux
250925509671,GCP
250925509552,Linux
250925509515,Linux
250925509514,Linux
250925509470,Git
250925509462,Git
250925509443,Java
250925509443,JavaScript
250925509436,GCP
250925509436,Git
250925509436,JavaScript
250925509268,Excel
250925509066,Excel
250925508697,AWS
250925508580,Linux
250925508573,Git
250925508482,JavaScript
250925508480,JavaScript
250925508478,JavaScript
250925508474,Java
250925508415,Excel
250925508285,NLP
250925508050,Python
250925508050,JavaScript
250925508001,Java
250925507665,Excel
250925507488,SQL
250925507488,JavaScript
250925501885,JavaScript
250925501885,Linux
250925501865,JavaScript
250925501740,Java
250925501594,JavaScript
250925501522,Azure
250925501402,Java
250925501402,Linux
250925501354,JavaScript
250925501299,JavaScript
250925501175,Linux
250925501114,Excel
250925501089,Git
250925501089,Java
250925501080,GCP
250925501080,Machine Learning
250925501030,Power BI
250925500974,JavaScript
250925500957,Linux
250925500931,JavaScript
250925500896,Java
250925500888,Power BI
250925500829,GCP
250925500823,Java
250925038414,Python
250925038361,SQL
250925038131,Cybersecurity
250925037854,Machine Learning
250925037831,Cybersecurity
250925037709,SQL
250925037709,Azure
250925037709,Spark
250925037709,Databricks
250925037706,SQL
250925037706,Azure
250925037706,Spark
250925037706,Databricks
250925036729,SQL
250925036729,Java
250925035768,Python
250925035768,SQL
250925035768,Power BI
250925035768,Tableau
250925035768,AWS
250925034597,Git
250925032718,JavaScript
250925032718,React
250925032684,Python
250925032634,SQL
250925032634,Java
250925031648,Cybersecurity
250925031597,Python
250925031597,AWS
250925031597,GCP
250925031597,Git
250925031597,React
250925031288,Excel
250925030480,Git
250925030480,Java
250925029200,AWS
250925029200,Java
250925029200,React
250925029100,AWS
250925029100,Azure
250925029100,Docker
250925029100,Java
250925029100,JavaScript
250925028867,AWS
250925028867,JavaScript
250925028756,Power BI
250925028756,Tableau
250925028613,JavaScript
250925028121,Python
250925028121,SQL
250925027734,Python
250925027734,SQL
250925025078,GCP
250925025078,Docker
250925024879,GCP
250925024879,Java
250925024102,SQL
250925024102,JavaScript
250925024102,React
250925023366,Java
250925022990,Java
250925022990,React
250925022399,Python
250925022399,SQL
250925022399,Azure
250925022399,Databricks
250925022209,SQL
250925021936,Docker
250925021936,Java
250925020522,Python
250925020046,SQL
250925020046,Java
250925020046,React
250925018324,Python
250925018324,AWS
250925018292,Docker
250925018292,Kubernetes
250925018292,Git
250925017973,Python
250925017458,SQL
250925017458,Generative AI
250925017097,SQL
250925016845,Machine Learning
250925016845,Deep Learning
250925016810,SQL
250925016433,Python
250925016433,SQL
250925016155,Java
250925015036,SQL
250925014998,AWS
250925014998,Docker
250925014998,Kubernetes
250925014885,Excel
250925014568,Azure
250925014568,Machine Learning
250925012361,Python
250925012361,AWS
250925012361,Kubernetes
250925011842,Excel
250925011408,Python
250925010890,Python
250925010890,SQL
250925010890,AWS
250925010513,SQL
250925010390,SQL
250925010288,Python
250925010288,SQL
250925010288,Excel
250925009789,Python
250925009789,AWS
250925009789,Azure
250925008964,SQL
250925008236,React
250925008119,Azure
250925008119,React
250925007919,Generative AI
250925007789,Azure
250925007375,SQL
250925007040,SQL
250925007040,Power BI
250925006545,Python
250925006545,Generative AI
250925006220,SQL
250925006220,React
250925003247,JavaScript
250925001339,SQL
250925001339,Azure
250925001339,GCP
250925001339,Java
250925001217,AWS
250925001217,Azure
250925001217,GCP
250925001217,Kubernetes
250925001217,Java
250925000101,Python
250925000101,SQL
250925000101,AWS
250825018699,Python
250825018699,Generative AI
250825010331,Docker
250825010331,Kubernetes
250725014488,SQL
250725014488,Spark
250725014488,Databricks
250725014488,Docker
240925932912,Machine Learning
240925932779,Linux
240925932737,Python
240925932727,Python
240925932727,Kubernetes
240925932727,Java
240925932210,Azure
240925932210,Kubernetes
240925932210,Git
240925931439,Power BI
240925931439,Tableau
240925931438,Python
240925931438,SQL
240925931438,Azure
240925931438,Spark
240925931438,Databricks
240925930722,JavaScript
240925930722,React
240925930702,JavaScript
240925930686,Java
240925930686,Linux
240925930680,Python
240925930680,Azure
240925930680,Kubernetes
240925929700,JavaScript
240925929700,React
240925929697,Python
240925929697,AWS
240925929697,Kubernetes
240925929694,Python
240925929694,Cybersecurity
240925929530,Linux
240925929456,SQL
240925929007,Python
240925929007,Git
240925929007,Linux
240925928744,AWS
240925928744,Kubernetes
240925927975,Java
240925927910,Python
240925927910,SQL
240925924044,AWS
240925924044,GCP
240925923561,Cybersecurity
240925921157,Python
240925921157,NLP
240925921153,Python
240925921153,Machine Learning
240925921153,NLP
240925921149,Python
240925921133,Azure
240925920821,GCP
240925920160,SQL
240925920160,Java
240925919247,Azure
240925919247,React
240925919124,GCP
240925916992,Python
240925915126,Python
240925915126,AWS
240925915126,Spark
240925915121,Python
240925915121,AWS
240925914844,Azure
240925914843,AWS
240925910896,Power BI
240925910842,Azure
240925910842,Databricks
240925910542,Python
240925910542,Cybersecurity
240925909105,AWS
240925909105,Git
240925908984,GCP
240925908224,Cybersecurity
240925506926,Linux
240925506781,SQL
240925506781,Power BI
240925506781,Tableau
240925506297,Linux
240925506140,Python
240925506140,JavaScript
240925506135,JavaScript
240925506081,Git
240925506076,JavaScript
240925506004,JavaScript
240925505034,Linux
240925505033,AWS
240925505033,Linux
240925505028,JavaScript
240925505027,GCP
240925505020,Excel
240925505007,JavaScript
240925505005,Machine Learning
240925504922,JavaScript
240925503737,JavaScript
240925503076,Linux
240925503051,JavaScript
240925503011,JavaScript
240925502837,JavaScript
240925502749,Linux
240925502696,Linux
240925502632,Java
240925502539,Spark
240925502532,GCP
240925502442,Azure
240925502442,JavaScript
240925502410,SQL
240925502410,Docker
240925502410,Kubernetes
240925502410,Git
240925502410,Java
240925502341,JavaScript
240925502309,Excel
240925501872,JavaScript
240925501797,Linux
240925501776,JavaScript
240925501192,Python
240925501192,SQL
240925501189,SQL
240925501189,Azure
240925501169,SQL
240925501169,Azure
240925501165,Azure
240925501165,Docker
240925501165,Kubernetes
240925501165,Git
240925501165,Java
240925501162,Azure
240925501162,Docker
240925501162,Kubernetes
240925501161,Python
240925500876,Excel
240925500740,JavaScript
240925500449,Excel
240925500402,JavaScript
240925036471,JavaScript
240925036216,SQL
240925036216,Azure
240925036216,Databricks
240925036216,Java
240925036200,SQL
240925036200,Azure
240925036200,Databricks
240925036200,Java
240925035234,React
240925035031,Azure
240925035001,AWS
240925034674,Azure
240925034674,Databricks
240925034587,Python
240925034587,Generative AI
240925034396,Python
240925034396,SQL
240925034396,GCP
240925034277,Java
240925033522,Python
240925033522,SQL
240925032963,Excel
240925032196,JavaScript
240925032196,React
240925030672,SQL
240925030672,JavaScript
240925030672,React
240925030217,Azure
240925030217,Java
240925030207,Python
240925030207,SQL
240925030040,JavaScript
240925030040,React
240925030033,Excel
240925029877,Python
240925029877,SQL
240925029877,AWS
240925029621,AWS
240925029381,Azure
240925029215,SQL
240925029215,Azure
240925029055,Excel
240925028888,Excel
240925028742,AWS
240925028742,Docker
240925028703,Python
240925028703,AWS
240925028703,Spark
240925028627,Python
240925028627,Machine Learning
240925027190,Docker
240925027190,Java
240925027180,Excel
240925027107,SQL
240925027107,Java
240925027008,Azure
240925026904,Python
240925026904,Azure
240925026784,JavaScript
240925026784,React
240925026505,SQL
240925026432,Azure
240925023844,Excel
240925023688,SQL
240925023688,JavaScript
240925023128,Azure
240925023128,GCP
240925023128,Databricks
240925022250,Power BI
240925021541,Machine Learning
240925021541,Deep Learning
240925021541,Generative AI
240925021369,Java
240925021369,JavaScript
240925021306,SQL
240925021306,Linux
240925021088,Generative AI
240925018949,Java
240925018867,SQL
240925018867,Azure
240925018867,Docker
240925018867,Kubernetes
240925017991,Machine Learning
240925017536,Java
240925017088,Python
240925017088,SQL
240925017088,AWS
240925017084,SQL
240925017084,Java
240925016948,Python
240925016948,SQL
240925016948,AWS
240925016858,Java
240925016820,Docker
240925016820,React
240925016770,Python
240925016770,SQL
240925016747,GCP
240925016747,Java
240925016590,SQL
240925016590,Java
240925016517,JavaScript
240925016450,Python
240925016450,SQL
240925016450,Azure
240925016450,Spark
240925016002,SQL
240925015955,Excel
240925015830,SQL
240925015605,Azure
240925015605,Java
240925011282,Java
240925010690,Python
240925010690,SQL
240925010690,Azure
240925010690,Databricks
240925010690,NLP
240925010690,Generative AI
240925010384,Python
240925010384,SQL
240925010384,GCP
240925010020,Java
240925009514,Python
240925009514,Azure
240925009148,Java
240925009040,JavaScript
240925009040,React
240925008886,Excel
240925008187,React
240925007834,AWS
240925007834,Azure
240925007834,GCP
240925007834,Linux
240925007820,Java
240925007754,Excel
230925936551,Python
230925936551,SQL
230925936551,Java
230925936346,Python
230925936346,AWS
230925936346,Kubernetes
230925936346,Linux
230925936273,Python
230925936273,Kubernetes
230925936272,Cybersecurity
230925936038,Kubernetes
230925935931,Azure
230925935804,Power BI
230925935745,Python
230925935745,Azure
230925935745,Kubernetes
230925935745,Git
230925935654,SQL
230925935654,Tableau
230925929647,SQL
230925929647,Java
230925928695,AWS
230925928686,SQL
230925928686,Power BI
230925928680,Azure
230925928663,Cybersecurity
230925928659,Excel
230925928659,JavaScript
230925928626,Python
230925928626,Power BI
230925928626,Java
230925928611,Python
230925928611,Linux
230925928600,Python
230925928600,GCP
230925928597,Java
230925928594,Python
230925928594,Java
230925928593,Python
230925928593,AWS
230925928593,React
230925928578,Python
230925928578,Machine Learning
230925928572,Python
230925927978,JavaScript
230925927931,Python
230925927931,Kubernetes
230925927923,Python
230925927923,SQL
230925927923,Tableau
230925925649,AWS
230925925649,React
230925923558,Python
230925923558,AWS
230925923558,Azure
230925923558,Spark
230925923558,Databricks
230925922422,Python
230925918378,SQL
230925918378,JavaScript
230925917873,Power BI
230925917605,Python
230925917605,Linux
230925917604,AWS
230925917604,GCP
230925914114,AWS
230925914114,Spark
230925912200,Python
230925912200,SQL
230925912200,Kubernetes
230925910584,Azure
230925910584,JavaScript
230925910557,Azure
230925910557,Git
230925910557,Linux
230925508322,Python
230925508322,SQL
230925508322,AWS
230925508322,Git
230925508167,Tableau
230925508167,Excel
230925508148,Docker
230925508148,Java
230925508138,Python
230925508138,Git
230925508138,Linux
230925508000,Python
230925508000,AWS
230925507983,Cybersecurity
230925507881,SQL
230925507881,AWS
230925507589,Excel
230925507506,SQL
230925507381,Excel
230925507336,Excel
230925507324,Excel
230925507250,Docker
230925507215,Excel
230925507195,SQL
230925507119,Python
230925507119,JavaScript
230925507055,AWS
230925507036,Excel
230925506903,SQL
230925506903,Java
230925506903,React
230925506704,Excel
230925506702,SQL
230925506702,GCP
230925506659,Python
230925506659,SQL
230925506659,Excel
230925506652,SQL
230925506652,Machine Learning
230925506601,SQL
230925506601,Java
230925506601,JavaScript
230925506450,Python
230925506450,Docker
230925506390,Python
230925506325,Excel
230925506303,GCP
230925506296,Excel
230925506220,Excel
230925506146,Python
230925506146,SQL
230925506139,GCP
230925506135,SQL
230925506135,Java
230925506111,SQL
230925506111,Power BI
230925505744,Git
230925505530,Excel
230925505268,Excel
230925505124,Power BI
230925505079,Excel
230925505066,GCP
230925505066,Spark
230925504995,Python
230925504934,Docker
230925504930,Excel
230925504921,Python
230925504921,Kubernetes
230925504851,Power BI
230925504839,Python
230925504837,Python
230925504837,JavaScript
230925504775,Python
230925504592,Python
230925504573,SQL
230925504573,Kubernetes
230925504541,Azure
230925504541,Docker
230925504541,Kubernetes
230925504534,Python
230925504534,Power BI
230925504534,Azure
230925504483,SQL
230925504483,React
230925504476,Cybersecurity
230925504469,JavaScript
230925504367,JavaScript
230925504366,JavaScript
230925504207,Machine Learning
230925503923,Excel
230925501420,Excel
230925501418,Excel
230925501145,SQL
230925501099,JavaScript
230925501005,Git
230925501005,Linux
230925500940,SQL
230925500940,JavaScript
230925500884,JavaScript
230925500875,Python
230925500865,JavaScript
230925500865,Linux
230925500726,Power BI
230925500700,GCP
230925500700,Git
230925500658,Git
230925500655,GCP
230925500606,Git
230925500606,Linux
230925500581,Linux
230925500571,Git
230925500425,Git
230925500405,Linux
230925500403,GCP
230925500403,Linux
230925500397,Linux
230925500266,Git
230925500266,JavaScript
230925500236,Excel
230925500228,Machine Learning
230925500221,Git
230925500221,Linux
230925500211,Power BI
230925500194,Linux
230925500154,Git
230925500154,Linux
230925500095,JavaScript
230925039131,Azure
230925039131,JavaScript
230925038784,Python
230925038784,SQL
230925038784,AWS
230925038749,Java
230925038749,JavaScript
230925038714,Java
230925038705,SQL
230925038705,Java
230925038692,Azure
230925038692,Spark
230925038692,Databricks
230925037488,SQL
230925037488,Azure
230925037488,Databricks
230925036728,Java
230925036696,Java
230925036368,JavaScript
230925035189,SQL
230925035189,Tableau
230925035189,Excel
230925033780,JavaScript
230925033780,Linux
230925033578,Python
230925033467,Excel
230925033170,AWS
230925033170,Azure
230925033170,Java
230925033170,React
230925030243,SQL
230925029611,Python
230925029611,SQL
230925029467,Java
230925028607,JavaScript
230925027980,JavaScript
230925027980,React
230925027512,SQL
230925027512,JavaScript
230925026935,Excel
230925026831,Java
230925026582,SQL
230925026377,Machine Learning
230925026377,Generative AI
230925026159,React
230925026015,Git
230925026015,Java
230925025913,Machine Learning
230925025913,Generative AI
230925025809,Excel
230925025570,SQL
230925025570,Azure
230925025386,Python
230925025386,Generative AI
230925025294,Python
230925025126,AWS
230925025126,Azure
230925025126,GCP
230925025036,SQL
230925025036,Azure
230925025036,Spark
230925024685,Git
230925024570,AWS
230925024570,Azure
230925024570,Java
230925024075,JavaScript
230925023923,Power BI
230925023923,Tableau
230925023347,Java
230925023103,AWS
230925023103,Java
230925023103,JavaScript
230925022985,Java
230925022985,React
230925022835,GCP
230925022835,Java
230925022835,React
230925022447,GCP
230925022447,Java
230925022183,Azure
230925022183,Git
230925022183,Java
230925022133,React
230925021726,Python
230925021726,AWS
230925021726,Java
230925021726,Linux
230925021370,SQL
230925020645,React
230925019920,Python
230925019741,Java
230925019741,JavaScript
230925019551,SQL
230925019551,Java
230925019273,Power BI
230925019223,Java
230925019106,Spark
230925019031,AWS
230925019031,Azure
230925019031,Docker
230925019031,Kubernetes
230925018611,Excel
230925018365,Excel
230925018222,SQL
230925018222,Java
230925018126,Cybersecurity
230925017906,SQL
230925017906,Java
230925017752,SQL
230925015998,Git
230925015432,Excel
230925015136,Python
230925015136,GCP
230925014544,Python
230925014544,Java
230925012526,Azure
230925012131,Java
230925011903,Linux
230925011877,Python
230925011877,Azure
230925011616,Linux
230925011381,Python
230925011381,SQL
230925011381,Databricks
230925011089,React
230925010385,JavaScript
230925010385,React
230925009395,SQL
230925009395,Azure
230925009395,JavaScript
230925008446,JavaScript
230925008446,React
230725018136,Excel
230724909417,Python
230724909417,SQL
220925029383,Python
220925029383,Deep Learning
220925029383,Generative AI
220925009564,SQL
220825017465,Python
220825017465,SQL
220825017465,Power BI
210825020572,Linux
210825017094,SQL
210525019093,SQL
210525019093,Java
210525019093,React
200825024639,Power BI
200825024639,Excel
200625011931,Excel
190925013699,AWS
190925013699,Docker
190925013699,Kubernetes
190925013699,Java
190625028333,SQL
180925036951,Excel
180925029420,JavaScript
180725015305,Azure
180725015305,JavaScript
180725015305,React
180325015384,SQL
180325015384,React
180225019187,Excel
170925025737,Docker
170725038557,SQL
170725038557,Power BI
170725038557,Tableau
170725038557,Excel
170625012834,Docker
170625012834,React
170325016821,Azure
170325016116,React
160925035192,Kubernetes
160925035192,Java
160924013679,Excel
150925016836,Git
140825031462,AWS
140825031462,JavaScript
140825031462,React
140725001615,Python
140725001615,AWS
140625008621,Python
140625008621,SQL
140625008621,Machine Learning
140225016072,SQL
130725004799,Python
130725004799,SQL
120925904341,SQL
120925904341,Power BI
120925904341,Tableau
120925904341,Excel
120925019156,Python
120925019156,AWS
120925015285,AWS
120925015285,Kubernetes
120925013740,SQL
110925935735,SQL
110925935735,Java
110925935172,Python
110925935169,Python
110925935169,Linux
110925027383,Machine Learning
110925027383,Generative AI
110924018016,Excel
100925040681,AWS
100925040681,Kubernetes
100925040681,Java
100925026046,SQL
100925024306,AWS
100925024306,Java
100925016022,Python
100925016022,Git
100625023805,Cybersecurity
90925017945,Python
90925017421,AWS
90925017421,Java
90925016494,Java
90725004010,SQL
90725004010,Java
90425005696,SQL
80925034843,Java
80925034843,React
80925034081,Azure
80925034081,Kubernetes
80925034081,Linux
80925025596,SQL
80925025596,AWS
80925021248,SQL
80925021248,AWS
80925016271,Java
80925016271,React
80825018629,JavaScript
80825011240,Java
71124015514,Excel
70725012464,Excel
70725008292,Excel
70624012254,SQL
61124009441,Excel
20925014126,SQL
20925014126,Java
10925018272,Cybersecurity
10925009775,React
10725022102,Excel
10425000076,Git
290925005829,Excel
250925508713,JavaScript
250925501906,GCP
250925501906,Machine Learning
250925501906,Deep Learning
250925500999,JavaScript
250925500607,Python
250925500607,SQL
250925500607,Git
250925500607,Java
250925500595,Excel
250925500583,Excel
250925500439,Excel
250925032668,AWS
250925032668,Linux
250925017850,Java
250925017850,JavaScript
250925017850,React
250925010456,Linux
250925006061,Cybersecurity
250925003107,Java
240925507746,Excel
240925503975,SQL
240925503975,JavaScript
240925033604,Python
240925033604,SQL
240925033604,Azure
240925033604,Spark
240925032043,Python
240925032043,Azure
240925032043,Generative AI
240925032043,Docker
240925025246,JavaScript
240925018139,React
240925011780,Python
240925011780,Azure
240925011780,Docker
240925011780,Kubernetes
240925010527,Java
230925926223,Python
230925924520,Python
230925508034,Python
230925508034,Tableau
230925507522,Java
230925506886,Java
230925506859,AWS
230925506859,Azure
230925506859,Git
230925506680,SQL
230925506680,Excel
230925506467,SQL
230925506467,Tableau
230925506467,Excel
230925506462,JavaScript
230925506110,Python
230925506110,Docker
230925501443,Python
230925501431,Python
230925500822,Linux
230925500701,GCP
230925500701,Git
230925500603,JavaScript
230925500575,JavaScript
230925030095,AWS
230925030095,Git
230925009413,Java
190825019410,Python
190825019410,SQL
190825019410,JavaScript
110925935175,Python
110925935175,Linux
30625016113,Excel
81122011596,Azure
60323006851,Azure
60323006851,Databricks
10524009282,SQL
260922004137,SQL
310725018289,Python
310725018289,SQL
310725018289,Azure
310725018289,Spark
220825018897,JavaScript
220825018897,React
300425015687,Java
300425015687,React
250925022898,Docker
250925022898,Java
250925005438,AWS
250925005438,GCP
240925027980,Tableau
240925026833,Python
240925017578,AWS
240925017578,Azure
240925008212,Python
240925008212,Java
240925008212,React
240925004782,Python
240925004782,AWS
230925033523,SQL
230925033523,AWS
230925033523,Java
230925027565,Python
230925027565,GCP
230925027565,Java
230925024778,Excel
230925010002,AWS
230925010002,Java
220825019016,Java
210825023279,Cybersecurity
170425023226,SQL
170425023226,Power BI
140725022616,Kubernetes
140725022616,Java
90925027764,AWS
90925027764,Java
80825028983,Python
80825028983,AWS
80825028983,GCP
80825028983,Generative AI
310725012227,React
310725010284,Java
310725010284,JavaScript
310524010337,Azure
310524010337,Machine Learning
310524010288,Azure
310524010288,Machine Learning
310524010288,Deep Learning
310524010288,NLP
300725017464,Java
300725017464,React
290125906641,Python
290125906641,Machine Learning
290125906641,Generative AI
270825019967,Python
270825019967,Java
270525034647,Python
250925931009,SQL
250925925804,Java
250925925797,Java
250925925722,AWS
250925925722,Java
250925925717,AWS
250925925717,Java
250925925713,React
250925038665,Python
250925038665,Java
250925038665,JavaScript
250925038665,React
250925036846,JavaScript
250925036846,React
250925035695,SQL
250925032899,SQL
250925031803,SQL
250925027454,Linux
250925023234,SQL
250925023234,Linux
250925017831,Azure
250925017785,Python
250925017785,AWS
250925017785,Git
250925014717,Python
250925013146,AWS
250925013146,JavaScript
250925011857,Java
250925011439,Linux
250925011053,Excel
250925010992,Python
250925010361,Python
250925010361,Machine Learning
250925009250,AWS
250925009250,Spark
250925009090,Excel
250925008032,AWS
250925008032,Azure
250925008032,React
250925007319,Azure
250925006370,AWS
250925006370,Azure
250925006370,Docker
250925005120,Python
250925005120,Spark
250925002112,Java
250925002112,React
250925001248,JavaScript
250925000665,Git
250925000665,React
250725019783,JavaScript
240925933384,Java
240925913736,JavaScript
240925913724,JavaScript
240925913645,Python
240925913645,AWS
240925913645,JavaScript
240925036242,Generative AI
240925036207,AWS
240925035033,Python
240925035033,AWS
240925034681,Python
240925034681,AWS
240925028394,SQL
240925027412,Excel
240925026186,Azure
240925025801,SQL
240925025801,Azure
240925025801,Java
240925024316,SQL
240925017356,SQL
240925012386,Machine Learning
240925012386,Deep Learning
240925010971,Azure
240925010971,Git
240925010971,Java
240925000033,Python
240925000033,SQL
240925000033,AWS
240925000033,Docker
240325021739,SQL
230925038658,Java
230925038501,Machine Learning
230925038501,Deep Learning
230925037792,SQL
230925037489,AWS
230925037293,Python
230925036723,Azure
230925033736,JavaScript
230925033736,React
230925032709,Python
230925032699,Java
230925032699,JavaScript
230925031142,SQL
230925031142,Git
230925030904,Python
230925030904,Generative AI
230925030795,AWS
230925030795,Linux
230925027411,Python
230925027411,Power BI
230925027411,Tableau
230925026287,JavaScript
230925026287,React
230925023792,Cybersecurity
230925019875,Machine Learning
230925019667,Python
230925019667,Linux
230925019206,Python
230925018889,Excel
230925018726,SQL
230925016875,Cybersecurity
230925016106,Linux
230925016033,Java
230925015712,Git
230925015670,Python
230925014609,Power BI
230925014609,Tableau
230925014021,Java
230925013801,Python
230925013801,SQL
230925013801,AWS
230925013801,Azure
230925013801,Spark
230925013588,SQL
230925012667,Python
230925012667,AWS
230925007085,SQL
230925007085,Power BI
230925000185,Python
230925000185,AWS
230925000185,GCP
230925000185,React
230925000177,Git
230625001110,React
210925004910,AWS
200825023037,Machine Learning
190624012266,SQL
190324009069,Python
180825006754,Java
140825041256,SQL
140825041256,Power BI
140825041256,Excel
140725023694,Linux
140425005731,Azure
120424003257,Python
120424003257,Deep Learning
120424003257,Generative AI
120325017613,Excel
110925013862,Generative AI
100925029684,Excel
100725036114,Java
100725036114,React
90923004788,Python
90923004788,Azure
90923004788,Generative AI
90725005348,SQL
90725005348,Azure
90525009368,Python
90525009368,Machine Learning
90525009368,Deep Learning
90525009368,Generative AI
50625028202,JavaScript
40825019596,Spark
30225014155,Java
30225014155,React
300825009458,AWS
300725031514,Java
300625023609,Cybersecurity
290725000189,Java
250925925808,Java
250925925783,JavaScript
250925925779,SQL
250925925750,SQL
250925925750,Azure
250925925746,Excel
250925925726,AWS
250925925726,Java
250925925376,SQL
250925037486,Excel
250925032709,Excel
250925031774,React
250925031371,Excel
250925030730,Azure
250925026313,Spark
250925026313,Java
250925025561,Excel
250925019431,JavaScript
250925015206,Machine Learning
250925015206,Generative AI
250925012500,Python
250925012500,SQL
250925009260,JavaScript
250925008784,AWS
250925008255,AWS
250925008255,Machine Learning
250925008255,Generative AI
250925007787,Linux
240925913732,JavaScript
240925037015,Excel
240925035069,Python
240925034979,Python
240925034979,Spark
240925030326,AWS
240925030326,Git
240925030326,Java
240925030256,Excel
240925030034,Cybersecurity
240925029810,Java
240925029777,Generative AI
240925029731,Git
240925029731,Java
240925029081,Excel
240925028957,Git
240925028957,JavaScript
240925028488,Excel
240925026700,AWS
240925015541,AWS
240925015541,Linux
240925015451,Excel
240925013816,AWS
240925013816,Azure
240925012416,Python
240925012416,Machine Learning
240925012416,Java
240925012161,AWS
240925012161,Java
240925012005,Power BI
240925011461,AWS
240925011461,Java
240925011398,Azure
240925010788,SQL
240925010788,JavaScript
240925010597,Python
240925010597,AWS
240925010597,Spark
240925009684,SQL
240925009684,JavaScript
230925038723,JavaScript
230925038723,React
230925038618,React
230925036965,Power BI
230925036965,Excel
230925036414,Python
230925035964,Excel
230925027741,Python
230925027656,Azure
230925027656,Databricks
230925025626,SQL
230925023093,Excel
230925022474,Python
230925021656,Tableau
230925021481,React
230925021446,JavaScript
230925021446,React
230925018147,Excel
230925018046,AWS
230925015816,JavaScript
230925015816,React
230925014643,JavaScript
230925014643,React
230925014141,Git
230925014141,React
230925013671,AWS
230925013671,GCP
230925013671,Docker
230925011578,AWS
230925010756,Git
230925010756,JavaScript
220925018918,Excel
220725022554,Docker
220725022554,Kubernetes
220725022554,Linux
220424003255,Java
220424001785,JavaScript
220424001633,AWS
220424001506,JavaScript
210825045260,Azure
210825045260,Cybersecurity
191124023697,JavaScript
191124023697,React
170725032094,AWS
170725032094,Docker
170725032094,Git
160925039845,AWS
160925039845,JavaScript
120525010837,Python
120525010837,Generative AI
120225017520,Python
120225017520,Machine Learning
120225017520,NLP
120225017520,Generative AI
70825014604,SQL
70825014604,AWS
70825014604,Azure
60819011033,React
50925006089,Java
40925014265,Power BI
40725020303,JavaScript
10925005218,JavaScript
250925037655,React
250925000693,Python
250925000693,Git
230925026644,Power BI
230925026644,Azure
230925024117,Linux
190825014693,JavaScript
190825014693,React
260825014027,Excel
240525016946,Excel
140825015082,AWS
140825015082,React
300925023124,Java
310825004300,JavaScript
240925024537,AWS
240925024537,Azure
230925019862,Linux
220825030164,Git
220825030164,Java
220825030164,React
170925011230,AWS
170925011230,Docker
170925011230,Kubernetes
170925011230,Git
170925011069,Git
170925011069,JavaScript
170925011069,React
170925019516,Python
170925019516,SQL
170925019225,React
300925030896,Python
300925030896,Java
270925012884,Python
270925012884,Java
280925004608,Python
280925004608,Java
21025006512,Power BI
21025006512,Tableau
11025022950,Kubernetes
240925035793,Git
300925017510,Azure
300925017510,Kubernetes
260925030417,Java
260925030417,React
260925005903,Azure
260925005903,React
260925031896,SQL
260925031896,Azure
260925031896,Spark
230925015366,Python
260925024793,Power BI
260925024793,Tableau
240925032675,Java
240925032675,React
230925011746,SQL
230925011746,Power BI
230925011746,Azure
300925026205,SQL
300925026205,AWS
300925021432,SQL
300925021432,AWS
300925021432,React
250925028063,SQL
250925028063,JavaScript
250925028063,React
300925021281,SQL
300925021281,AWS
300925021281,React
300825016075,Python
300825016075,Git
190825015151,React
120725017331,SQL
120725017331,Java
250925001690,Python
250925001690,JavaScript
250925001690,React
21025007844,Python
21025007844,SQL
21025007844,Machine Learning
11025015203,JavaScript
240925029370,Java
290925007814,Python
290925007814,Java
250925016971,Java
240925034900,Python
240925034900,Java
300925023977,Excel
260925016336,Python
260925016336,Docker
240925005563,Docker
240925005563,Kubernetes
240925005563,Linux
300925029913,JavaScript
11025011046,Python
11025011046,SQL
11025011046,Power BI
11025011046,Excel
300925029887,Java
11025024335,JavaScript
11025024335,React
190925017217,Python
190925017217,Java
190925017217,JavaScript
180925012180,Excel
300925023384,Java
300925023384,JavaScript
300925023384,React
300625010486,Python
300625010486,SQL
300625010486,JavaScript
260925023189,Python
260925023189,SQL
260925023189,JavaScript
110325022636,Excel
30725013596,Azure
30725013596,Generative AI
230925015833,Python
230925015833,Docker
230925015833,React
250925028995,JavaScript
230925017825,Power BI
300925020953,Python
300925020953,AWS
300925020953,GCP
250925006008,SQL
31025001279,AWS
31025001279,Kubernetes
31025001279,Git
11025024268,JavaScript
11025024268,React
10925016114,Azure
10925016114,Docker
10925016114,Kubernetes
10925016114,Git
300925029661,Machine Learning
290925011131,Python
31025002670,Python
31025002670,Java
11025014887,Python
11025014887,JavaScript
260925015762,Excel
240925028481,JavaScript
240925028481,React
230925038555,Power BI
290925007355,Python
290925007355,SQL
290925007355,Azure
290925007355,Spark
290925007355,Databricks
300925019639,Power BI
300925019639,Azure
300925013709,Excel
10925015818,JavaScript
300925024544,Python
300925024544,SQL
300925024544,Power BI
300925024544,Azure
300925024544,Docker
300925024544,Git
290925024480,SQL
290925014123,Excel
270925007815,Python
270925007815,AWS
270925007815,Linux
260925000381,SQL
250925022227,Excel
240925035527,AWS
240925035527,Linux
240925027453,Python
240925027453,SQL
240925027453,Power BI
240925027453,Tableau
240925027453,NLP
230925038237,Excel
230925037015,Excel
230925022653,Git
230925022653,JavaScript
230925022653,React
290925006281,Cybersecurity
260925010773,Java
240925028032,Power BI
240925028032,Excel
190925035051,SQL
270925009850,SQL
270925009850,Docker
270925009850,Git
270925009850,Java
270925007236,Python
270925007236,SQL
270925007236,Power BI
260925007906,Python
260925007906,SQL
270925011985,GCP
270925011985,React
270925007288,Python
270925007288,SQL
270925007288,AWS
270925007288,Azure
270925007288,Linux
270525024365,Docker
270525024365,Kubernetes
260925030792,Python
260925030792,Azure
260925030792,Docker
260925030792,Kubernetes
260925030792,Linux
250925027877,Python
250925000232,SQL
250925000232,Azure
250925000232,Git
110925015507,Python
110925015507,SQL
110925015507,Excel
270925007915,Python
270925007915,SQL
250925033724,SQL
250925014802,AWS
230925026205,Linux
200325007962,React
230925020967,JavaScript
230925020967,React
250925011784,Java
240925016891,Git
240925022556,Python
240925022556,Machine Learning
240925022556,NLP
290925924940,AWS
290925924940,Azure
31025011656,AWS
31025011656,Kubernetes
11025917147,Python
240925033732,JavaScript
240925019269,Python
240925019269,SQL
240925019269,Azure
240925019269,Spark
240925019269,Databricks
300525031601,Java
260925013061,Java
260925013061,React
160525041452,Java
31025018967,Java
31025018967,React
31025018213,Java
31025018213,React
31025017999,Java
31025016273,Machine Learning
31025015833,Java
31025015686,Java
31025013735,Java
31025013635,Java
11025021378,SQL
11025015532,SQL
300525036265,Java
290525038305,Java
240925034389,Java
240925015480,Java
230925019614,Java
230525013210,Java
70525021165,Java
31025013405,Spark
31025009731,AWS
31025009731,Java
31025007228,Java
11025911404,Python
11025022301,Java
290925924283,AWS
290925924283,Azure
300925030969,Python
300925030969,Azure
300925030969,Machine Learning
300925030969,NLP
290925013781,AWS
290925013781,Azure
290925013781,Machine Learning
290925013781,Generative AI
11025500457,JavaScript
210825035337,Python
210825035337,SQL
210825035337,Spark
210825035337,Databricks
50725000050,Java
11025917157,Docker
11025014837,AWS
11025014837,React
11025014508,Python
11025014508,AWS
290925501414,Excel
280525028546,Java
60625028317,Java
31025916319,Linux
31025013724,SQL
21025007039,SQL
21025007039,Java
170925027371,Python
290925011643,JavaScript
290925011643,React
290925001630,Java
290925001313,Java
270525037992,Java
230525031848,Java
190825036118,Azure
190825032067,Java
180825018189,Generative AI
160925016872,Java
140925006475,Java
110825013921,Java
40925026560,Java
11025012353,Java
11025012103,Java
300925023228,React
290925919462,Python
290925919462,Linux
290925027886,Azure
290925027611,Java
290925026380,Linux
260925929632,JavaScript
260925030960,Java
240425020450,Java
170925027696,Python
170925027696,Spark
160925016690,Java
120325018101,Java
110825005145,Python
110825005145,Machine Learning
110825005145,NLP
290925926521,Python
290925926453,SQL
290925926447,SQL
290925926446,Power BI
290925926256,Python
290925926256,SQL
290925926250,JavaScript
260925929377,JavaScript
260925500502,JavaScript
31025501574,Excel
250925023262,Java
250925023262,React
250825001233,SQL
250825001233,Power BI
250825001233,Tableau
240925036420,Python
240925019433,Python
230925037912,Java
240925036406,Python
230925038022,Java
230925038022,JavaScript
230925038022,React
230925037893,Java
230925014661,Python
230925014661,SQL
230925014661,AWS
230925014661,Spark
230925014661,Databricks
230925935339,Python
230925935339,SQL
230925935339,AWS
230925935339,GCP
230925935339,Spark
11025011269,Python
11025011269,SQL
270525019429,Java
230525013264,Java
31025019338,Java
31025019125,Java
31025002070,SQL
31025002070,Java
290825007833,Python
290825007833,SQL
290825007833,Spark
280325021051,Java
230525027028,Java
140525000153,Java
31025011081,Java
31025010824,Azure
31025010824,Spark
31025010824,Databricks
31025010124,Python
31025002635,SQL
31025002635,Java
11025020809,Java
200125019409,Java
31025917343,Python
31025917343,Power BI
31025915033,Azure
31025914972,Python
31025914972,AWS
31025501453,Python
31025501453,SQL
31025501449,Python
31025501449,Azure
31025500863,Excel
31025500784,Excel
31025500703,JavaScript
31025500324,Excel
31025500066,JavaScript
31025500063,SQL
31025012325,JavaScript
31025011754,JavaScript
31025010564,GCP
31025010564,Generative AI
31025010311,AWS
31025010311,Java
31025009174,Java
31025005697,Java
31025004475,Cybersecurity
11025918793,Linux
11025918790,Linux
11025918789,Azure
11025918789,Kubernetes
11025918789,Java
11025918787,Python
11025918787,AWS
11025918787,NLP
11025917627,Python
11025917627,Kubernetes
11025917627,Java
11025917560,Kubernetes
11025917396,Kubernetes
11025917304,Python
11025917281,Python
11025917281,AWS
11025917281,Kubernetes
11025917276,SQL
11025917276,Java
11025917276,Linux
11025917195,Linux
11025917103,SQL
11025917103,Java
11025917103,JavaScript
11025917095,SQL
11025917095,JavaScript
11025917046,Python
11025917046,Kubernetes
11025917046,Java
11025917046,JavaScript
11025911333,Python
11025911333,Java
11025911333,Cybersecurity
11025911333,Linux
11025501873,SQL
11025501873,Azure
11025501545,GCP
11025501545,Linux
11025501089,Git
11025500962,Excel
11025500852,Git
11025500067,SQL
11025021989,Power BI
11025021989,Tableau
11025016259,React
31025917328,Power BI
31025914683,Cybersecurity
11025918804,Kubernetes
11025918804,Java
11025918800,Python
11025918800,Kubernetes
11025918800,Git
11025917614,Linux
11025917547,Linux
11025917283,Kubernetes
11025917283,Java
11025917279,JavaScript
11025917160,Linux
210425012457,Excel
260925500018,Deep Learning
300925503284,Tableau
300925503284,Machine Learning
300925503284,Deep Learning
300925503284,NLP
300925500631,GCP
290925501841,Power BI
290925501350,AWS
290925501350,Docker
300925024938,SQL
290925919828,SQL
290925919812,Python
290925919812,AWS
290925919812,Azure
290925919812,GCP
290925015630,Java
290925003491,SQL
230925022082,JavaScript
300925030273,Python
300925028803,SQL
300925011426,SQL
300925011426,React
290925919827,Python
290925919827,Kubernetes
270925005652,Python
270925005652,Azure
270925005652,Machine Learning
270925004719,Python
270925004719,Machine Learning
300925023507,Excel
260925031926,Excel
240925924298,AWS
240925924298,Docker
240925924298,Git
240925924298,Java
230925910168,AWS
230925910168,Docker
230925910168,Git
230925910168,Java
190625029274,Java
190625015849,Java
180925031261,Java
140825015440,Python
120925028180,Java
100625012846,Java
31025501255,JavaScript
30425018765,Java
300925912798,AWS
300925912798,Kubernetes
300925912798,Java
300925014904,Python
300925014904,SQL
240925035846,GCP
240925035846,Spark
240925011277,Python
240925011277,AWS
230925933299,Python
230925933299,Tableau
230925933299,AWS
230925933299,Azure
230925932341,Python
230925932341,Tableau
230925932341,AWS
230925932341,Azure
230925027086,Git
230925017273,Java
70825027348,Java
70825027348,React
70525022676,Java
260825006664,Java
250925932829,Python
250925932829,Linux
250925019911,Python
250925019911,SQL
240925036397,Python
240925036384,Python
240925036384,Machine Learning
240925036384,NLP
240925012208,Azure
230925918533,SQL
230925918533,Excel
230925037903,Java
230925024695,Python
230925024695,SQL
230925020652,Java
230925019705,Java
230925014630,Python
230925014630,SQL
230925014630,AWS
230925014630,Spark
230925014630,Databricks
70525006377,Java
300925504378,JavaScript
300925500883,SQL
300925500883,Git
250925507198,Java
240925022620,Java
240925022620,React
230925918565,Java
230925507548,Java
230925507548,React
240925919947,Kubernetes
240925919947,Java
31025915433,SQL
31025915419,JavaScript
31025915418,Java
31025915417,Azure
31025915413,Java
31025914015,Java
31025914015,JavaScript
31025914014,SQL
31025914014,JavaScript
31025914013,JavaScript
31025914003,Java
31025914002,Python
31025914002,SQL
31025913999,SQL
31025913552,Java
31025913552,JavaScript
31025913546,Kubernetes
11025917476,Kubernetes
240925025843,JavaScript
240925025843,React
160925038095,Python
160925038095,Machine Learning
160925038095,Deep Learning
160925038095,NLP
40625027600,SQL
31025915130,JavaScript
31025915130,React
31025915088,Python
31025915088,AWS
31025915084,Python
31025915084,SQL
31025915084,Tableau
31025914932,Python
31025914932,SQL
31025914820,Python
31025914820,SQL
31025914747,Git
31025914747,React
31025914614,Python
31025914614,SQL
31025914497,Python
31025914497,AWS
31025914450,Python
31025914450,SQL
31025914282,JavaScript
31025913912,Python
31025913912,SQL
31025913912,Git
31025913885,Python
31025913885,SQL
31025913860,Python
31025913859,Git
31025913859,JavaScript
31025913859,React
31025006171,SQL
31025003779,SQL
31025003779,Power BI
11025015651,JavaScript
230925028553,Python
230925028553,JavaScript
230925028553,Linux
170925042097,SQL
31025500021,Java
31025009505,AWS
11025020373,Java
11025011006,Azure
11025011006,Java
11025010140,AWS
300925505087,Excel
300925502428,Machine Learning
290925026240,Excel
260925503546,Excel
250925509600,Linux
200825028083,Java
40925031310,SQL
40925031310,Spark
40925031310,Databricks
31025917811,Python
31025917809,Java
31025917724,Python
31025917667,Python
31025917667,Spark
31025917380,Docker
31025917380,Kubernetes
31025917380,Git
31025917264,Azure
31025917261,Azure
31025917224,JavaScript
31025917196,Python
31025917196,SQL
31025917152,Java
31025917145,Java
31025917140,Java
31025917140,JavaScript
31025917053,AWS
31025917053,Azure
31025917053,Kubernetes
31025916978,SQL
31025916946,Java
31025916944,Java
31025916944,JavaScript
31025916886,SQL
31025916859,Java
31025916845,Python
31025916845,AWS
31025916845,Java
31025916827,Java
31025916810,Java
31025916810,JavaScript
31025916779,AWS
31025916779,JavaScript
31025916658,React
31025916631,Python
31025916569,Python
31025916569,SQL
31025916551,Python
31025916524,Python
31025916510,SQL
31025916510,Java
31025916503,Python
31025916503,SQL
31025916503,Java
31025916463,Python
31025916463,AWS
31025916463,GCP
31025916463,Kubernetes
31025916437,AWS
31025916437,Cybersecurity
31025916435,Azure
31025916419,Java
31025916416,Python
31025916416,AWS
31025916416,Java
31025916380,Python
31025916380,NLP
31025916378,Cybersecurity
31025915117,JavaScript
31025915113,Python
31025915113,SQL
31025915113,Power BI
31025915113,Tableau
31025915113,Azure
31025915102,AWS
31025915102,Azure
31025914852,SQL
31025914852,JavaScript
31025914823,JavaScript
31025914818,SQL
31025914818,JavaScript
31025914764,Java
31025914743,JavaScript
31025914603,Power BI
31025914521,SQL
31025914521,Power BI
31025914521,Tableau
31025914154,SQL
31025914091,JavaScript
31025913979,Python
31025913956,Python
31025913956,SQL
31025913936,JavaScript
31025502581,Cybersecurity
31025502553,JavaScript
31025502107,Excel
31025501764,JavaScript
31025501593,Python
31025501457,Python
31025501219,Excel
31025500866,Excel
31025500313,Git
31025500313,JavaScript
31025500027,Excel
31025019164,SQL
31025019164,Power BI
31025019164,Tableau
31025019164,Excel
31025018681,Python
31025018681,SQL
31025018681,JavaScript
31025011764,SQL
31025006040,Python
31025004113,SQL
31025004113,Java
31025001843,AWS
21025000255,Python
21025000255,Machine Learning
21025000255,NLP
11025921271,Excel
11025918794,Java
11025917855,Cybersecurity
11025917613,Python
11025917501,Python
11025917501,Machine Learning
11025917501,Deep Learning
11025917501,NLP
11025917462,Python
11025917460,Python
11025917460,AWS
11025917460,Azure
11025917397,SQL
11025917302,SQL
11025917193,Kubernetes
11025917179,Python
11025917165,JavaScript
11025917152,Python
11025917152,SQL
11025917152,Power BI
11025917097,Python
11025917097,Java
11025917096,Python
11025917096,SQL
11025917096,Power BI
11025917081,Python
11025917067,Python
11025917067,Java
11025917061,Python
11025912477,SQL
11025504044,Linux
11025503796,JavaScript
11025503242,Excel
11025503026,Excel
11025502673,JavaScript
11025502454,Power BI
11025502453,Power BI
11025502436,Python
11025502436,Power BI
11025502424,Python
11025502424,Power BI
11025502337,SQL
11025502337,Power BI
11025501879,SQL
11025501879,Azure
11025501879,Git
11025501850,Python
11025501850,SQL
11025501840,Power BI
11025501378,Excel
11025501375,Python
11025501319,Java
11025500775,Linux
11025500223,SQL
11025021231,AWS
11025021231,Docker
11025021231,Kubernetes
11025021231,Git
11025015694,SQL
11025015694,GCP
11025015694,Git
11025015694,React
11025015692,SQL
11025015692,GCP
11025015692,Git
11025015692,React
11025014554,Excel
11025014264,SQL
11025014264,Docker
11025011964,SQL
11025011964,Power BI
11025011964,Tableau
300925021185,Azure
300925021185,Databricks
270925012183,Python
270925012183,React
240925035714,Azure
240925035714,Kubernetes
11025919077,Machine Learning
300925012210,Azure
300925012210,Spark
290925502676,JavaScript
290925016135,AWS
290925016135,Java
290925016135,React
290925011716,Python
290925011716,SQL
290925011716,Spark
290925009118,Java
290925006927,Machine Learning
260925030714,Java
260925030714,React
260925023825,Java
260925023825,React
250925032308,Java
250925032308,React
230925020102,AWS
190925022868,Java
90525023876,Java
31025909663,Python
11025013450,Java
300925915905,SQL
300925504338,SQL
300925504336,SQL
300925504335,SQL
300925504151,GCP
300925501077,SQL
300925027550,AWS
300925027550,Azure
300925022793,Python
300925022793,AWS
300925013836,AWS
300925013836,Git
290925926342,SQL
290925926334,Java
290925926333,Python
290925926333,SQL
290925926329,JavaScript
290925926328,SQL
290925926327,SQL
290925926299,Python
290925926299,Machine Learning
290925926258,Python
290925926258,SQL
290925926252,JavaScript
290925926246,Java
290925926227,SQL
290925926141,Python
290925926141,Kubernetes
290925926141,Linux
290925926131,Azure
290925926131,GCP
290925925886,Python
290925925867,Python
290925925675,Kubernetes
290925925527,Python
290925925527,AWS
290925925527,GCP
290925925104,Python
290925925104,Kubernetes
290925924981,AWS
290925924981,Azure
290925924274,AWS
290925924274,Azure
290925924264,AWS
290925924264,Azure
290925924021,Kubernetes
290925923989,Python
290925923774,Python
290925921999,AWS
290925921999,Azure
290925921218,Java
290925920324,Python
290925920324,SQL
290925919826,Java
290925909692,Python
290925909692,Linux
290925907668,Power BI
290925902787,Docker
290925902787,Kubernetes
290925902787,Linux
290925902695,SQL
290925502161,Machine Learning
290925027029,Machine Learning
290925027029,Generative AI
290925027029,Kubernetes
290925019931,Java
290925019931,JavaScript
290925019575,Excel
290925017804,Python
290925015356,JavaScript
290925014725,AWS
290925014725,Spark
290925013981,AWS
290925013981,Azure
290925013981,JavaScript
290925013981,React
290925003988,Azure
290925002471,JavaScript
280925003405,Python
280925003405,Azure
280725008506,AWS
280725008506,Spark
270925012193,Java
260925927821,Python
260925927821,Machine Learning
260925921857,Python
260925921857,NLP
260925909694,Python
260925503518,JavaScript
260925502333,SQL
260925502333,Azure
260925032057,Machine Learning
260925029717,SQL
260925028717,SQL
260925028717,Java
260925027119,GCP
260925027119,Kubernetes
260925025355,Python
260925025355,AWS
260925020878,Java
260925019901,Python
260925019901,AWS
260925019901,Spark
260925019487,JavaScript
260925018815,Azure
260925018815,Linux
260925018429,Python
260925018429,SQL
260925018429,Spark
260925014559,Python
260925014559,Docker
260925014559,Kubernetes
260925014559,Java
260925014073,Java
260925013091,Java
260925013091,React
250925036133,GCP
240925037054,React
240925036032,JavaScript
240925036032,React
230925027765,Python
230925027765,JavaScript
220925029075,Python
220925029075,Java
220925011082,Python
220925011082,Spark
200925008987,JavaScript
190925016711,AWS
190925016711,Azure
190925016711,GCP
190925016711,Java
170625015469,Python
150925004757,Java
130925004556,SQL
130825032530,Excel
120825033224,Java
120825033224,React
31025912415,Kubernetes
31025912415,Java
31025912178,Python
31025912178,SQL
31025909531,JavaScript
31025003815,JavaScript
31025003815,React
31025003744,JavaScript
31025003744,React
11025501485,Java
11025501385,JavaScript
11025500963,Machine Learning
11025022281,Cybersecurity
11025011329,Excel
11024023383,Kubernetes
10925016399,Python
10925016399,AWS
10925016399,React
10925015354,SQL
300925503376,Machine Learning
290925926523,Java
290925926523,Cybersecurity
290925926522,Python
290925926522,Java
290925926520,Cybersecurity
290925926520,Linux
290925926257,Python
290925926257,SQL
290925926251,JavaScript
290925926243,Python
290925926243,Azure
290925926243,NLP
290925926068,Python
290925925660,Python
290925925052,Python
290925925052,AWS
290925923407,AWS
290925923407,Azure
290925923407,Spark
270925005866,Java
260925500184,Power BI
260925024886,Excel
220825023650,AWS
31025003136,Python
31025003136,SQL
31025003136,Linux
10425013924,Java
70225000249,Machine Learning
70225000249,NLP
40625916165,SQL
40625916165,Docker
290925027630,Machine Learning
290925027630,Deep Learning
290925027630,NLP
290925027610,SQL
31025500915,JavaScript
300925022199,Python
300625010210,Azure
250925026996,SQL
250925024398,SQL
250925024398,Azure
240925500963,Python
240925500963,Machine Learning
240925500963,NLP
230925022144,React
230925016246,Azure
90625014966,Python
90625014966,SQL
31025018147,Python
31025018147,SQL
31025018147,Spark
31025016264,AWS
31025016264,GCP
31025015783,Azure
30624909184,SQL
30624909184,JavaScript
11025020002,SQL
11025009415,Java
260925011007,Spark
230925931475,Azure
230925931433,AWS
230925931433,Linux
230925931429,Azure
230925924328,SQL
230925038514,Power BI
230925025578,SQL
180925011089,Java
130225015569,Java
130225014528,Python
130225014528,SQL
60325015638,Java
290925501620,Python
290925501620,Azure
290925501620,NLP
280925004919,SQL
280925004919,JavaScript
280925004919,React
260925503441,Power BI
260925503441,Tableau
250925903332,Python
250925903332,SQL
250925903332,Power BI
240925924418,AWS
240925924418,Docker
240925924418,Git
240925924418,Java
240925924227,AWS
240925924227,Docker
240925924227,Git
240925924227,Java
230925037228,Java
190625016307,Python
140825016764,AWS
140825016764,Kubernetes
140825016537,AWS
140825016537,Kubernetes
140825015913,JavaScript
140825015913,React
140825015831,React
140825014621,Java
140825014621,React
140825014286,Java
120925028362,Java
120925028362,React
100625013005,Java
100625011129,Python
90925013842,Java
11025013094,AWS
11025013094,GCP
310725029747,Java
300525030987,Java
270525024163,Java
210325021182,Java
150925021765,Java
90725020681,AWS
90725020681,Azure
90725020681,Docker
90725020681,Kubernetes
90525025277,Java
60625026859,Java
31025002857,Python
31025002857,Azure
31025002857,Machine Learning
20525013456,Java
11025501252,Linux
11025022418,Java
11025012521,Java
11025012521,React
10125001796,Java
291124010960,Python
291124010960,Machine Learning
291124010960,Java
290525035787,Java
270525038105,Java
270525019469,Java
240925022723,SQL
240925022723,AWS
240925022723,Java
230925025709,SQL
230925025709,AWS
230925025709,Spark
220825027370,Java
201224004363,Java
200825036060,Python
150525020800,Java
40425019070,Java
31025911010,Java
31025018477,SQL
31025018477,AWS
31025013115,Java
31025013115,JavaScript
31025013115,React
31025013038,Java
31025012407,Python
31025012407,Generative AI
31025011969,JavaScript
31025011880,Java
31025011880,React
31025009230,Azure
31025009230,React
31025009046,Azure
21025008895,SQL
21025008895,Java
11025023681,Java
11025021555,Python
11025021555,Spark
11025021555,Machine Learning
11025021555,Deep Learning
11025021555,NLP
11025021555,Generative AI
11025020958,SQL
11025016138,Java
11025014041,Java
11025014041,JavaScript
11025011539,AWS
11025011539,Java
11025010211,Python
11025010211,SQL
240925029450,Azure
240925029450,Databricks
220925009200,Java
170925024970,Power BI
170925024970,Tableau
31025914385,Python
31025914385,SQL
31025914385,Power BI
31025914385,Git
31025501794,Python
31025501794,Machine Learning
31025001980,JavaScript
31025001980,React
290925925647,SQL
240925012322,SQL
220925928122,Java
220925928122,React
220925927863,Java
110925935364,SQL
31025917841,Python
31025917841,SQL
31025917733,SQL
31025917733,Java
31025917732,AWS
31025917703,SQL
31025917703,Java
31025917640,Python
31025917640,Tableau
31025917640,NLP
31025917162,Java
31025917162,JavaScript
31025917144,Java
31025917144,JavaScript
31025917136,Python
31025917136,Java
31025917136,JavaScript
31025917119,Java
31025917117,Python
31025917117,AWS
31025917117,Java
31025916957,AWS
31025916957,Docker
31025916957,Kubernetes
31025916901,SQL
31025916901,Git
31025916811,SQL
31025916661,Java
31025916660,React
31025916643,JavaScript
31025916617,Python
31025916581,Python
31025916581,Spark
31025916559,Git
31025916505,JavaScript
31025916497,Azure
31025916497,Git
31025916495,Python
31025916495,AWS
31025916495,Docker
31025916495,Kubernetes
31025916483,Java
31025916389,JavaScript
31025916300,Azure
31025915074,Python
31025915074,Machine Learning
31025915074,NLP
31025915015,Python
31025915015,SQL
31025915015,Azure
31025915015,Git
31025915015,Java
31025915002,Azure
31025914915,Python
31025914915,SQL
31025914915,AWS
31025914915,Spark
31025914845,Python
31025914557,Python
31025914557,SQL
31025914557,Kubernetes
31025914557,Git
31025914557,Java
31025914446,Git
31025914435,Python
31025914414,Python
31025914241,Azure
31025914118,SQL
31025914117,Python
31025914117,AWS
31025914117,Spark
31025914088,Python
31025914083,SQL
31025914068,JavaScript
31025914051,Python
31025914051,Kubernetes
31025914045,Python
31025914045,AWS
31025914045,Spark
31025914031,Git
31025914031,JavaScript
31025914008,SQL
31025914008,JavaScript
31025913919,Python
31025913889,Python
31025913889,Linux
31025908727,Python
31025908727,Kubernetes
31025908727,Linux
31025502122,SQL
31025502092,SQL
31025502092,Azure
31025502026,JavaScript
31025502024,Python
31025502020,Python
31025502020,Azure
31025502020,Docker
31025502020,Kubernetes
31025502020,Git
31025502014,JavaScript
31025502012,JavaScript
31025501891,Linux
31025501881,Excel
31025501880,Docker
31025501880,Kubernetes
31025501880,Java
31025501865,Python
31025501865,Azure
31025501817,Python
31025501817,Machine Learning
31025501793,SQL
31025501793,React
31025501569,Python
31025501503,JavaScript
31025501502,JavaScript
31025501426,Kubernetes
31025501426,Java
31025501100,Machine Learning
31025501093,Linux
31025500864,Excel
31025500094,JavaScript
31025500070,Power BI
31025017391,SQL
31025016254,Docker
31025016254,Git
31025016254,Java
31025015905,GCP
31025015905,Java
31025013350,Python
31025010522,Power BI
31025008961,Python
31025008961,SQL
31025008961,Power BI
31025008549,SQL
31025008469,React
31025008142,Git
31025008142,JavaScript
31025007437,Java
31025006960,SQL
31025006960,GCP
31025005902,Java
31025005466,SQL
31025004801,Python
31025001646,Python
31025001646,AWS
31025001646,Azure
31025001646,Kubernetes
11025917626,Python
11025917626,NLP
11025917616,Linux
11025917606,Python
11025917606,SQL
11025917606,AWS
11025917606,Spark
11025917549,Python
11025917424,Python
11025917424,SQL
11025917424,Power BI
11025917424,Excel
11025917418,Python
11025917382,Java
11025917301,JavaScript
11025917171,Python
11025917171,AWS
11025917171,Kubernetes
11025917170,Python
11025917168,Python
11025917168,AWS
11025917168,Kubernetes
11025917167,Python
11025917167,Azure
11025917167,Docker
11025917167,Kubernetes
11025917153,SQL
11025917153,Java
11025917076,SQL
11025917076,Java
11025917058,JavaScript
11025917040,Python
11025917040,Machine Learning
11025917040,Deep Learning
11025917040,NLP
11025917033,JavaScript
11025917004,Python
11025917004,SQL
11025917004,Power BI
11025503769,JavaScript
11025503650,GCP
11025503637,GCP
11025503620,Cybersecurity
11025502959,Excel
11025502767,SQL
11025502336,Azure
11025501876,SQL
11025501796,Python
11025501796,SQL
11025501796,Azure
11025501075,Machine Learning
11025501029,JavaScript
11025500915,SQL
11025500126,JavaScript
11025020397,Java
11025018915,Docker
11025018915,Kubernetes
11025014677,Kubernetes
11025013651,Java
11025013651,JavaScript
11025013651,React
11025013100,SQL
11025013100,React
11025012884,SQL
11025012884,Spark
21025008539,Machine Learning
300925028177,Generative AI
300925027788,Azure
300925025491,Java
290925027259,Python
290925027259,SQL
290925027259,Power BI
290925027259,Tableau
290925015932,SQL
260925030934,GCP
260925025648,AWS
260925025648,Java
260925007254,AWS
260925007254,Java
220825028109,Azure
31025912207,AWS
31025912207,Docker
31025912207,Kubernetes
31025912207,Linux
300925027132,AWS
300925024631,Azure
300925024631,Docker
300925024631,Kubernetes
300925022317,JavaScript
300925020557,Python
300925018744,React
300925018527,React
300925018448,React
300925018236,AWS
300925018102,AWS
300925017817,JavaScript
300925017690,Java
300925017481,Java
300925016742,Java
300925013246,Python
300925013246,SQL
300925013246,Machine Learning
300925010309,SQL
300925010309,Java
300725034107,Python
300725034107,Machine Learning
300725034107,NLP
300725034107,Generative AI
290925914503,Java
290925914503,JavaScript
290925914500,Java
290925914500,JavaScript
290925015748,SQL
260925022034,SQL
260925022034,Java
210925005948,Java
140825015648,Python
120925015222,SQL
120925015222,Azure
90925012489,AWS
90925012489,Java
90925012489,JavaScript
50925010046,Java
300925930207,AWS
300925930183,AWS
300925930183,Java
300925930162,AWS
300925930147,Java
300925930139,Git
300925930125,Java
300925930109,SQL
300925930107,SQL
300925930044,JavaScript
300925930039,Linux
300925924107,Power BI
300925921765,SQL
300925921765,Power BI
300925921765,GCP
300925916224,Python
300925915880,SQL
300925915766,Java
300925915714,JavaScript
300925915243,SQL
300925915243,AWS
300925915195,Java
300925504329,JavaScript
300925504084,GCP
300925504084,Git
300925502518,Python
300925502436,Excel
300925500218,Machine Learning
300925500217,Git
300925500192,Java
300925027551,SQL
300925027551,Git
300925020804,Python
300925020804,SQL
300925020804,Power BI
300925020804,Tableau
300925020804,Excel
300425008955,Excel
290925926095,Python
290925926092,JavaScript
290925926090,SQL
290925926056,Python
290925926049,AWS
290925926049,Kubernetes
290925926049,Java
290925925900,Python
290925925864,Python
290925925864,Excel
290925925852,JavaScript
290925925747,Python
290925925747,SQL
290925925705,Python
290925925659,Kubernetes
290925925553,SQL
290925925541,JavaScript
290925925496,JavaScript
290925925401,Git
290925925400,AWS
290925925388,Python
290925925388,AWS
290925925388,Spark
290925925242,JavaScript
290925925231,Power BI
290925925182,Power BI
290925925147,Java
290925925123,AWS
290925925123,Spark
290925925123,Docker
290925925123,Kubernetes
290925925107,SQL
290925925107,Docker
290925925107,Kubernetes
290925925107,Git
290925925097,SQL
290925925097,Docker
290925925097,Kubernetes
290925925097,Git
290925924968,Java
290925924964,Java
290925924960,Java
290925924958,Java
290925924951,AWS
290925924951,Java
290925924949,AWS
290925924949,Java
290925924920,SQL
290925924919,Python
290925924919,SQL
290925924918,Python
290925924719,JavaScript
290925924693,SQL
290925924693,Java
290925924648,Python
290925924492,JavaScript
290925924485,SQL
290925924478,SQL
290925924478,React
290925924413,Python
290925924380,Python
290925924380,AWS
290925924368,SQL
290925924347,Java
290925924347,JavaScript
290925924347,React
290925924166,Java
290925924166,JavaScript
290925924073,SQL
290925923897,JavaScript
290925923837,JavaScript
290925923801,Python
290925923801,SQL
290925923751,SQL
290925923744,Python
290925923735,SQL
290925923697,Python
290925923697,SQL
290925923672,Java
290925923672,JavaScript
290925923382,Python
290925923354,Python
290925923320,SQL
290925923247,Azure
290925923203,Python
290925923153,Java
290925923151,Java
290925923151,JavaScript
290925923138,JavaScript
290925923110,Python
290925923085,Python
290925923085,AWS
290925923085,GCP
290925923085,Deep Learning
290925923044,JavaScript
290925922867,Power BI
290925922815,Python
290925922815,SQL
290925922805,Power BI
290925922555,SQL
290925922275,SQL
290925922275,JavaScript
290925922218,Python
290925922122,SQL
290925922031,AWS
290925922031,Java
290925922030,Java
290925922008,Java
290925922007,Python
290925921776,Java
290925921776,JavaScript
290925921759,Java
290925921759,JavaScript
290925921640,Python
290925921640,SQL
290925921629,Python
290925921629,SQL
290925921629,Kubernetes
290925921577,AWS
290925921577,Java
290925921554,AWS
290925921554,JavaScript
290925921524,Python
290925921524,Kubernetes
290925921523,Python
290925921468,SQL
290925921460,SQL
290925921424,AWS
290925921424,Java
290925921419,SQL
290925921419,JavaScript
290925921407,Power BI
290925921403,Python
290925921403,Machine Learning
290925921386,Cybersecurity
290925921348,Python
290925921348,Java
290925921314,Java
290925921303,Python
290925921303,Git
290925921286,AWS
290925921286,Java
290925921182,Python
290925921174,Power BI
290925921174,Machine Learning
290925920999,Python
290925920968,Python
290925920967,Python
290925920835,Python
290925920809,JavaScript
290925920610,Excel
290925920610,JavaScript
290925920604,Excel
290925920604,JavaScript
290925920574,Python
290925920574,Power BI
290925920502,Python
290925920360,Java
290925920284,Python
290925920284,SQL
290925920144,Cybersecurity
290925920143,Cybersecurity
290925920135,Kubernetes
290925920135,Java
290925920126,Cybersecurity
290925920043,Cybersecurity
290925919950,Kubernetes
290925919950,Java
290925919857,Java
290925916981,Kubernetes
290925910322,Python
290925910322,SQL
290925910322,Azure
290925910322,Spark
290925910282,Python
290925910282,Java
290925910272,Kubernetes
290925910272,Java
290925910057,SQL
290925910052,Python
290925910052,SQL
290925910052,Azure
290925910052,Spark
290925910001,Python
290925910001,SQL
290925910001,Azure
290925910001,Spark
290925909865,Python
290925909865,AWS
290925909865,Kubernetes
290925909865,Java
290925909865,JavaScript
290925909834,Python
290925909834,SQL
290925909801,Azure
290925909801,Docker
290925909801,Kubernetes
290925908597,Java
290925908273,Python
290925908273,Azure
290925908261,SQL
290925908253,Python
290925908127,Python
290925908079,Python
290925908027,JavaScript
290925907495,JavaScript
290925907489,Python
290925907489,AWS
290925907489,Machine Learning
290925907489,NLP
290925907489,Kubernetes
290925907469,JavaScript
290925907469,React
290925907417,SQL
290925907417,JavaScript
290925907417,React
290925907363,SQL
290925907363,JavaScript
290925907363,React
290925907165,Excel
290925907153,JavaScript
290925907076,Python
290925907076,AWS
290925907076,Machine Learning
290925907076,Deep Learning
290925906859,Azure
290925906859,Linux
290925906613,JavaScript
290925503572,SQL
290925501761,Python
290925501760,Python
290925501510,SQL
290925501510,Power BI
290925501509,Python
290925501509,SQL
290925501509,Azure
290925501509,Machine Learning
290925501509,NLP
290925501508,Azure
290925501508,Docker
290925501508,Kubernetes
290925501482,Excel
290925501470,JavaScript
290925501139,Excel
290925500989,Azure
290925500960,Excel
290925027012,NLP
290925014369,Python
290925014369,Spark
290925008738,Cybersecurity
290925004849,Cybersecurity
290925004424,SQL
290925004208,Cybersecurity
290925002639,SQL
290925002639,Java
290925002639,JavaScript
280925004737,Excel
280925003648,Power BI
260925929426,Java
260925929347,Linux
260925929311,Java
260925929206,Linux
260925929200,Linux
260925929033,AWS
260925928780,Linux
260925928749,Azure
260925503993,Azure
260925503580,Power BI
260925503512,Linux
260925503411,Excel
260925502660,Excel
260925500057,AWS
260925500049,Linux
260925031969,Python
260925031969,Azure
260925031969,Machine Learning
260925031969,NLP
260925027599,Docker
260925027599,Kubernetes
260925023650,Linux
260925023591,React
260925023589,Python
260925023588,Docker
260925023588,React
260925023587,Python
260925023582,Git
260925023581,JavaScript
260925015544,Excel
260925012096,Azure
260925012096,Kubernetes
260925010959,Excel
230925924087,Excel
190825017295,Linux
160925030221,Excel
110625024362,Java
31025502094,Azure
31025501564,JavaScript
31025501499,Excel
31025501496,Cybersecurity
31025501489,SQL
31025501045,Excel
31025019498,Python
31025019498,Machine Learning
31025019424,Python
31025019424,SQL
31025019424,Power BI
31025019424,Machine Learning
31025007842,Spark
31025007827,Spark
31025002221,Power BI
31025001753,Cybersecurity
11025504051,Machine Learning
11025503152,Excel
11025503138,Excel
11025502678,Azure
11025502492,Excel
11025501661,SQL
11025501661,Power BI
11025501661,Excel
11025015978,Python
290925501511,Python
290925501511,SQL
290925501511,Machine Learning
290925501511,NLP
290925501511,Kubernetes
290925003055,SQL
290925003055,Git
290925003055,React
230925037987,Java
230925037987,React
230925037866,Java
230925026754,Python
230925026754,Machine Learning
230925026754,Generative AI
130225015052,Python
130225015052,SQL
130225015052,Generative AI
300925500413,SQL
300925029667,Azure
290925002711,SQL
270925005754,Python
270925005754,SQL
270925005754,AWS
270925005754,Spark
250925000092,Python
250925000092,AWS
240925036731,Python
240925036383,Python
240925022757,Spark
240925011064,Java
230925932342,Python
230925932342,Tableau
230925932342,AWS
230925932342,Azure
230925931446,Python
230925931446,AWS
230925038010,Java
230925038010,React
230925038008,Java
230925038008,React
230925037984,Java
230925037984,JavaScript
230925037984,React
230925037842,Java
230925037784,Java
230925025998,SQL
230925020703,Linux
230925019195,AWS
230925015494,Azure
230925015494,React
90925013820,Java
70825019441,Java
70825019441,React
60125015734,Java
40425022909,Java
310725011497,AWS
300925918078,Python
300925918078,SQL
300925029290,JavaScript
300925029290,React
300925028323,Git
300925019048,Python
300925019048,AWS
300925014252,React
300925014078,Java
300925013509,Java
290925909576,Machine Learning
290925909546,Python
290925026397,Python
290925026397,AWS
290925014748,AWS
290925014748,React
290925011160,AWS
290925011160,Docker
290925009227,SQL
290925009227,Java
290925009227,React
290725014917,React
281124921707,Python
281124014509,Kubernetes
260925922370,Python
260925011782,Python
260925011782,SQL
260925010473,Linux
260925008547,Excel
250925929927,Python
250925929927,SQL
250925929927,Power BI
250925929927,AWS
250925929927,Azure
250925929740,Linux
250925929705,Python
250925924097,Azure
250925923471,Python
250925923471,Java
250925922416,Python
250925922416,Java
250925922261,Python
250925922261,Java
250925921702,Python
250925921702,Power BI
250925921702,Machine Learning
250925921366,Python
250925921366,Linux
250925509061,Power BI
250925508703,JavaScript
250925508267,JavaScript
250925501879,JavaScript
250925500860,Git
250925500860,JavaScript
250925500788,GCP
250925034703,Python
250925034703,Generative AI
250925022678,Python
250925017267,Python
250925006290,Linux
240925931453,Python
240925931453,SQL
240925931453,Power BI
240925931163,Power BI
240925503008,Linux
240925500584,Machine Learning
240925500415,JavaScript
240925036273,Python
240925035490,AWS
240925035490,Java
240925034666,React
240925025187,Python
240925025187,AWS
240925024705,SQL
240925022823,React
240925011048,Python
240925011048,SQL
240925009864,Python
230925935642,Kubernetes
230925935642,JavaScript
230925934579,Python
230925934579,Machine Learning
230925931812,Java
230925924350,SQL
230925923881,Python
230925923881,SQL
230925923881,NLP
230925922993,SQL
230925918543,Java
230925918543,JavaScript
230925918543,React
230925918489,Java
230925918486,Kubernetes
230925918486,Java
230925918486,JavaScript
230925918444,Python
230925918444,SQL
230925918444,Deep Learning
230925913105,SQL
230925913105,Git
230925507695,Power BI
230925507695,Excel
230925507465,SQL
230925507465,Power BI
230925506849,Python
230925506750,Power BI
230925506750,Excel
230925505866,Linux
230925505469,Linux
230925504515,Python
230925504515,Machine Learning
230925504515,NLP
230925038006,Excel
230925037910,Java
230925037632,AWS
230925037632,Java
230925037498,Java
230925037498,React
230925036950,SQL
230925036950,Spark
230925019174,Python
230925019174,Azure
230925019174,Databricks
230925018940,SQL
210825035688,Java
180925911467,Azure
180925911467,Java
180925023601,Python
180925023601,SQL
180925023601,Azure
180925023601,Spark
180925023601,Databricks
160925041890,Azure
160925041890,Generative AI
160925041890,Docker
160925041890,Git
160925041890,React
140925006506,Python
140925006506,SQL
140925006506,AWS
130825005631,AWS
80825013581,Excel
40925031327,Java
40925031327,React
40825005683,Python
40825005683,AWS
31025914334,Python
31025502300,SQL
31025502117,Python
31025502117,Machine Learning
31025502116,Python
31025502116,Machine Learning
31025501203,Excel
31025501184,Python
31025501030,Spark
31025500022,Machine Learning
31025014637,Excel
31025007918,Excel
11025503785,SQL
11025502139,Excel
11025014984,SQL
11025014984,Docker
290925503252,Git
290925502942,SQL
290925502942,JavaScript
280125009460,Deep Learning
280125009460,NLP
250925929895,Python
250925929895,SQL
250925929895,Power BI
250925929895,AWS
250925929895,Azure
250925925180,Python
250925925180,Machine Learning
250925922251,Azure
250925922251,Machine Learning
250925922251,Deep Learning
250925922251,NLP
240925919608,Python
240925919608,Kubernetes
240925919608,Git
240925919608,React
240925919608,Linux
240925501705,GCP
240925501705,Machine Learning
240925501662,Git
230925920341,Azure
230925920341,Kubernetes
230925920341,Java
230925920341,JavaScript
230925917558,Kubernetes
230925917558,Linux
230925917548,Kubernetes
230925913539,Azure
230925913539,Git
230925913060,Python
230925913060,SQL
230925913060,Spark
230925913060,Kubernetes
180925014612,Java
90925018829,GCP
31025911340,Python
31025501577,Excel
31025501576,Excel
31025501186,Python
31025501186,SQL
31025007172,SQL
230925931482,Git
230925500355,Linux
31025008346,Excel
300925029142,Docker
300925029142,Java
300925011546,Python
300925011546,SQL
300925011546,Azure
300925011546,Spark
260925030841,Python
260925030841,Spark
290925917714,JavaScript
260825030044,Python
260825029986,Java
250925032663,Python
250925032663,Azure
250925032663,Machine Learning
250925014481,Python
240925503381,Power BI
240925503381,Excel
31025014796,SQL
31025014796,Power BI
31025014796,Tableau
230925014818,Power BI
300925027904,Java
300925027904,React
300925025776,Python
300925025776,Generative AI
300925025451,SQL
300925025451,Linux
300925023102,Python
300925023102,AWS
300925018636,Azure
300925014365,Python
300925014365,SQL
300925014365,Machine Learning
300925014365,NLP
300925014365,Generative AI
300525036487,Java
290925018809,Python
290925018809,SQL
290925018809,Spark
290925001736,React
280925004893,Python
280925004893,Generative AI
260925031506,Spark
260925031317,AWS
260925031317,React
260925027395,Java
260925009520,AWS
240925033388,Java
240325024622,Java
210325019685,Java
150525004300,Java
31025004606,Azure
10825026596,Azure
10825026596,Databricks
300925500066,JavaScript
300925029283,SQL
300925029283,GCP
300925025913,SQL
300925025913,React
300925024828,Azure
300925024828,Machine Learning
300925024828,Deep Learning
300925024828,Generative AI
300925021882,Azure
300925021882,JavaScript
300925021882,React
300925020258,Azure
300925020258,Kubernetes
300925019341,AWS
300925019341,JavaScript
300925019341,React
300925016454,Python
300925016454,AWS
300925016454,JavaScript
300925014072,Java
300925000047,Azure
300925000047,Java
300925000047,React
290925027353,Azure
290925025549,Python
290925025549,Generative AI
290925012249,Python
290925012249,Machine Learning
290925010991,SQL
290925010773,Java
290925006516,Python
290925001707,Java
290925001668,Java
280925004800,Python
280925004800,NLP
280925004288,Azure
280425021254,Java
270925006028,Azure
270925006028,Java
270925005938,Python
270925005938,AWS
260925030583,Python
260925030583,Spark
260925030583,Machine Learning
260925011869,NLP
260925011869,Java
240925034043,Java
240925034043,JavaScript
240925034043,React
240925032157,Python
240625011486,Python
240625011486,Machine Learning
220925002380,Python
220925002380,SQL
220925002380,Azure
220925002380,Spark
220925002380,Databricks
200825011743,Spark
200825011743,Java
170425015942,Java
120525012492,Java
90925012464,SQL
90925012464,Azure
90925012464,React
60825017247,JavaScript
60125015785,Java
31025006944,Python
31025006944,SQL
31025006944,AWS
31025006944,Git
20525014189,React
11025000260,Java
300925011782,Python
300925011782,SQL
300925011782,Spark
290925011089,SQL
290925011089,Java
290925009583,SQL
290925009583,Azure
270225016099,AWS
270225016099,GCP
270225016099,Java
270225016099,React
260925031669,Azure
260925031669,Spark
260925031669,Databricks
260925020303,AWS
260925020303,Kubernetes
260925020303,Java
250925004213,React
100625011027,Python
31025011765,Java
300925930209,Python
300925930209,Azure
300925930195,SQL
300925930176,JavaScript
300925930154,Python
300925930149,Python
300925930148,Java
300925930148,JavaScript
300925930113,Python
300925930113,Java
300925930019,Java
300925916278,Java
300925916253,SQL
300925916248,Java
300925916242,Docker
300925916242,Kubernetes
300925916227,Git
300925916208,SQL
300925916205,JavaScript
300925916184,AWS
300925916151,Python
300925916151,Java
300925916150,Java
300925916123,Python
300925916110,AWS
300925916070,JavaScript
300925916061,Kubernetes
300925916031,AWS
300925916031,GCP
300925916031,Deep Learning
300925916007,SQL
300925916007,Java
300925915966,JavaScript
300925915921,React
300925915881,Java
300925915881,JavaScript
300925915879,SQL
300925915879,Tableau
300925915862,AWS
300925915837,Machine Learning
300925915837,Deep Learning
300925915741,Java
300925915740,Python
300925915701,SQL
300925915525,Git
300925915355,Python
300925915355,SQL
300925915330,JavaScript
300925915225,Spark
300925504752,GCP
300925504752,Machine Learning
300925504170,Java
300925504168,Java
300925504100,Excel
300925503156,GCP
300925503044,Excel
300925502896,Python
300925502896,JavaScript
300925502690,GCP
300925502690,Machine Learning
300925501075,Git
300925500938,Java
300925029263,JavaScript
300925028727,Docker
300925028727,Kubernetes
300925028727,Java
300925028026,Docker
300925028026,Kubernetes
300925028026,Java
300925025834,SQL
300925025834,GCP
300925025834,Docker
300925025834,Kubernetes
300925025191,AWS
300925025191,Azure
300925025191,Kubernetes
300925025191,Linux
300925025144,React
300925023195,Java
300925022868,Kubernetes
300925021750,Python
300925021750,SQL
300925021750,Power BI
300925020685,Java
300925017942,SQL
300925017145,Java
300925014170,Python
300925011860,SQL
300925011860,Azure
300925011860,Docker
300925011860,Kubernetes
300925011860,Git
300925011097,Python
300925011097,SQL
300925011097,AWS
290925926537,Java
290925926537,JavaScript
290925926516,Java
290925926490,Azure
290925926490,Kubernetes
290925926490,JavaScript
290925926487,JavaScript
290925926469,Linux
290925926420,AWS
290925926420,Azure
290925926419,AWS
290925926419,Azure
290925926419,Kubernetes
290925926396,SQL
290925926308,Cybersecurity
290925926277,AWS
290925926260,Java
290925926128,JavaScript
290925926124,Java
290925926124,JavaScript
290925926123,AWS
290925926123,Azure
290925926123,Java
290925926106,Java
290925926106,JavaScript
290925926105,Java
290925926105,JavaScript
290925926091,SQL
290925926055,SQL
290925926031,Power BI
290925926031,Azure
290925926015,SQL
290925926006,Python
290925925903,Azure
290925925903,Docker
290925925903,Kubernetes
290925925898,Python
290925925898,Power BI
290925925895,JavaScript
290925925848,SQL
290925925752,Python
290925925752,SQL
290925925751,Python
290925925751,SQL
290925925741,JavaScript
290925925741,React
290925925732,Git
290925925732,Java
290925925658,Java
290925925658,JavaScript
290925925654,Python
290925925654,AWS
290925925654,Azure
290925925654,GCP
290925925648,Python
290925925648,Azure
290925925616,SQL
290925925616,Azure
290925925577,Python
290925925577,SQL
290925925540,Azure
290925925537,Python
290925925536,Python
290925925536,AWS
290925925536,Machine Learning
290925925465,SQL
290925925442,SQL
290925925442,Linux
290925925423,Python
290925925423,Azure
290925925406,Python
290925925398,Git
290925925397,Python
290925925397,SQL
290925925397,Azure
290925925305,AWS
290925925305,Azure
290925925305,Spark
290925925305,Kubernetes
290925925301,Python
290925925247,Python
290925925247,Machine Learning
290925925247,Kubernetes
290925925170,Python
290925925145,Azure
290925925121,Java
290925925103,Python
290925925088,AWS
290925925088,Cybersecurity
290925925076,Tableau
290925925076,Machine Learning
290925925070,Python
290925925070,SQL
290925925062,Python
290925925053,React
290925925038,Python
290925925038,SQL
290925924922,Java
290925924921,Java
290925924921,JavaScript
290925924839,Python
290925924818,Python
290925924763,SQL
290925924763,Java
290925924742,Azure
290925924742,Git
290925924724,JavaScript
290925924653,Git
290925924647,Python
290925924647,Java
290925924635,Python
290925924635,Git
290925924616,Git
290925924616,Java
290925924589,Python
290925924589,Azure
290925924589,Kubernetes
290925924567,Python
290925924567,Azure
290925924537,Python
290925924537,Java
290925924533,Python
290925924467,Azure
290925924415,Cybersecurity
290925924379,Python
290925924379,AWS
290925924277,Spark
290925924263,Java
290925924235,JavaScript
290925924235,React
290925924157,Python
290925924121,Python
290925924121,SQL
290925924121,AWS
290925924040,Python
290925924040,SQL
290925924040,Tableau
290925923902,Azure
290925923902,Git
290925923896,JavaScript
290925923896,React
290925923875,SQL
290925923873,Python
290925923873,SQL
290925923873,Spark
290925923756,Azure
290925923643,JavaScript
290925923602,JavaScript
290925923569,Git
290925923569,Java
290925923521,Machine Learning
290925923481,Kubernetes
290925923466,Python
290925923466,SQL
290925923466,AWS
290925923463,Python
290925923400,Python
290925923400,SQL
290925923400,Spark
290925923366,Python
290925923366,SQL
290925923366,Git
290925923323,Python
290925923323,Git
290925923278,Python
290925923278,SQL
290925923278,Kubernetes
290925923278,Java
290925923201,Python
290925923201,Git
290925923190,Python
290925923190,JavaScript
290925923190,React
290925923183,Python
290925923183,Git
290925923181,Python
290925923030,JavaScript
290925923018,Git
290925923018,JavaScript
290925923018,React
290925922953,Python
290925922953,SQL
290925922953,Kubernetes
290925922953,Git
290925922953,Java
290925922869,Python
290925922869,Java
290925922848,SQL
290925922848,Kubernetes
290925922830,Git
290925922830,JavaScript
290925922830,React
290925922793,Python
290925922793,SQL
290925922704,Python
290925922704,Power BI
290925922704,Machine Learning
290925922704,NLP
290925922687,Python
290925922627,Git
290925922627,Java
290925922627,JavaScript
290925922626,Git
290925922622,Azure
290925922620,JavaScript
290925922607,Java
290925922549,Java
290925922549,JavaScript
290925922536,Azure
290925922441,Python
290925922440,Python
290925922378,Python
290925922346,Python
290925922346,SQL
290925922346,Kubernetes
290925922346,Git
290925922346,Java
290925922287,Azure
290925922248,Python
290925922211,Python
290925922211,SQL
290925922211,Kubernetes
290925922198,Python
290925922187,JavaScript
290925922187,React
290925922166,Git
290925922136,NLP
290925922099,SQL
290925922099,Kubernetes
290925922097,Java
290925922097,JavaScript
290925921977,Java
290925921974,Python
290925921974,SQL
290925921934,Java
290925921893,Python
290925921815,Python
290925921775,Java
290925921775,JavaScript
290925921771,Python
290925921675,Python
290925921675,Machine Learning
290925921675,Deep Learning
290925921630,JavaScript
290925921568,Python
290925921568,SQL
290925921568,Kubernetes
290925921568,Git
290925921568,Java
290925921550,JavaScript
290925921420,Java
290925921388,Azure
290925921388,Kubernetes
290925921387,Azure
290925921387,Kubernetes
290925921369,JavaScript
290925921360,JavaScript
290925921307,Java
290925921238,SQL
290925921186,JavaScript
290925921181,Python
290925921181,Machine Learning
290925921181,Deep Learning
290925921179,Python
290925921179,JavaScript
290925921172,Python
290925921172,SQL
290925921161,Python
290925921147,SQL
290925921123,Python
290925921123,SQL
290925921094,JavaScript
290925921058,SQL
290925921058,Docker
290925921058,Kubernetes
290925921029,JavaScript
290925921024,JavaScript
290925921012,Python
290925921004,Git
290925920887,JavaScript
290925920759,Java
290925920745,Cybersecurity
290925920739,Cybersecurity
290925920711,Java
290925920711,JavaScript
290925920650,Python
290925920620,AWS
290925920620,Azure
290925920516,Python
290925920516,Spark
290925920516,Machine Learning
290925920511,Python
290925920511,AWS
290925920511,Spark
290925920511,Machine Learning
290925920474,SQL
290925920466,Python
290925920437,Git
290925920437,React
290925920404,JavaScript
290925920355,JavaScript
290925920350,Java
290925920349,SQL
290925920349,Java
290925920344,Python
290925920344,Java
290925920344,JavaScript
290925920341,SQL
290925920341,Java
290925920335,Java
290925920334,SQL
290925920334,Java
290925920333,Python
290925920333,SQL
290925920333,Java
290925920331,Java
290925920329,SQL
290925920329,Git
290925920329,Java
290925920328,Java
290925920327,React
290925920326,Python
290925920325,Python
290925920272,Power BI
290925920215,SQL
290925920215,Docker
290925920215,Kubernetes
290925920215,Java
290925920159,Python
290925920159,Java
290925920138,SQL
290925920017,SQL
290925920017,Docker
290925920017,Kubernetes
290925920017,Java
290925920013,SQL
290925920013,Linux
290925919991,Python
290925919991,Java
290925919961,Python
290925919961,NLP
290925919874,SQL
290925919872,Python
290925919872,Java
290925919856,Machine Learning
290925919776,Java
290925919695,Java
290925919448,Java
290925915588,Java
290925910230,Kubernetes
290925910230,Java
290925910212,JavaScript
290925910050,React
290925910029,SQL
290925910029,Kubernetes
290925910000,Azure
290925909963,Python
290925909889,Linux
290925909822,Linux
290925909817,SQL
290925909754,JavaScript
290925908602,Python
290925908602,Spark
290925908600,SQL
290925908600,Java
290925908598,Python
290925908598,SQL
290925908279,Python
290925908267,SQL
290925908168,Java
290925908114,Python
290925908114,NLP
290925908070,Python
290925908070,Git
290925908025,Python
290925908025,NLP
290925907974,Python
290925907971,Java
290925907945,SQL
290925907909,Python
290925907909,Azure
290925907909,Databricks
290925907907,NLP
290925907766,Python
290925907766,NLP
290925907686,Python
290925907686,Azure
290925907686,Kubernetes
290925907600,JavaScript
290925907506,JavaScript
290925907484,Python
290925907484,NLP
290925907400,Python
290925907328,Python
290925907287,AWS
290925907287,Spark
290925907229,JavaScript
290925907164,Python
290925907145,Python
290925907145,SQL
290925907128,Python
290925907006,Python
290925906991,Azure
290925906907,Python
290925906907,SQL
290925906822,Python
290925906796,Git
290925906796,React
290925906728,Java
290925906674,JavaScript
290925906660,Python
290925906660,Java
290925906660,JavaScript
290925906653,Python
290925906653,SQL
290925906582,JavaScript
290925906421,Python
290925906421,SQL
290925904647,Docker
290925904647,Kubernetes
290925904647,Linux
290925503617,Power BI
290925503617,Machine Learning
290925503431,Cybersecurity
290925503378,GCP
290925503378,Git
290925501691,Docker
290925501667,Excel
290925501662,SQL
290925501662,Java
290925501660,Kubernetes
290925501660,Linux
290925501652,SQL
290925501646,Python
290925501646,SQL
290925501646,Machine Learning
290925501646,Deep Learning
290925501471,JavaScript
290925501458,Python
290925501409,Azure
290925501152,Docker
290925501152,Kubernetes
290925501151,SQL
290925501129,SQL
290925501129,React
290925501127,Python
290925501127,SQL
290925501127,Machine Learning
290925501127,NLP
290925501096,SQL
290925501093,Excel
290925501080,SQL
290925501080,Docker
290925501080,Kubernetes
290925501076,SQL
290925501076,Docker
290925501076,Kubernetes
290925501075,SQL
290925500974,Python
290925500974,Azure
290925500695,Git
290925500497,Excel
290925500139,Linux
290925022691,Python
290925022691,JavaScript
290925019504,Excel
290925016166,Java
290925014955,Java
290925014323,Java
290925014323,React
290925013383,Azure
290925010766,Python
290925010766,Spark
290925004731,SQL
290925004731,Git
290925004731,Java
290925001090,Python
290925001090,Azure
290925001090,Kubernetes
270925012854,Java
270925006752,Kubernetes
270925006113,Java
260925929764,JavaScript
260925929763,Cybersecurity
260925929762,Git
260925929762,Java
260925929743,Cybersecurity
260925929585,Kubernetes
260925929585,Java
260925929531,Java
260925929486,Azure
260925929450,Azure
260925929392,Spark
260925929392,Docker
260925929389,Python
260925929389,Spark
260925929379,Java
260925929305,Azure
260925929243,Python
260925929243,Azure
260925929243,Kubernetes
260925929243,Git
260925929242,Java
260925929208,SQL
260925929169,Java
260925929167,Java
260925929144,Cybersecurity
260925928924,AWS
260925928854,Java
260925928835,Power BI
260925928772,Azure
260925928772,JavaScript
260925918234,Linux
260925917251,Java
260925917249,Python
260925917249,Machine Learning
260925917249,Deep Learning
260925917249,Git
260925917248,Java
260925917220,Azure
260925917220,Java
260925917217,Python
260925917217,Machine Learning
260925917217,NLP
260925917217,Docker
260925917215,Azure
260925917215,Java
260925917213,Azure
260925917213,Java
260925917209,Power BI
260925917208,React
260925917193,Python
260925917083,Java
260925916509,Java
260925504418,Git
260925503874,Git
260925503583,Machine Learning
260925503520,JavaScript
260925503415,Excel
260925503400,SQL
260925503333,Machine Learning
260925503237,Git
260925502430,SQL
260925502275,Python
260925502275,JavaScript
260925501048,Excel
260925500874,Excel
260925500435,Excel
260925031084,Azure
260925030707,SQL
260925030707,Spark
260925025380,Docker
260925025380,Git
260925025380,Java
260925021903,SQL
260925021903,Tableau
260925019790,SQL
260925019790,Java
260925017411,Python
260925017411,Generative AI
260925016821,Machine Learning
260925016821,NLP
260925016821,Generative AI
260925013455,Machine Learning
260925013455,Generative AI
260925006146,SQL
240925012189,Java
230925916820,NLP
230925027357,Java
230925027357,React
220925013410,SQL
220925013410,Spark
200525029792,Python
190825025707,SQL
31025914383,SQL
31025914383,Java
31025914382,Python
31025914382,SQL
31025914382,Azure
31025914382,Machine Learning
31025914381,Power BI
31025914381,Tableau
31025914379,Python
31025914379,SQL
31025914379,Machine Learning
31025914379,Deep Learning
31025914378,SQL
31025914377,Python
31025914377,AWS
31025914377,Azure
31025914362,SQL
31025914362,AWS
31025914362,Kubernetes
31025914362,Linux
31025914357,Kubernetes
31025914357,Java
31025914257,SQL
31025912402,Python
31025912402,AWS
31025912402,Java
31025912252,Kubernetes
31025912252,Java
31025912243,Python
31025912243,Docker
31025912243,Kubernetes
31025912213,Python
31025912213,Java
31025912209,Azure
31025912209,Kubernetes
31025912209,Git
31025912206,Java
31025912200,Python
31025912200,Java
31025911814,Azure
31025911814,Kubernetes
31025911814,Git
31025911814,Java
31025911813,SQL
31025911811,Python
31025911810,Docker
31025911810,Kubernetes
31025911810,Java
31025911809,Python
31025911809,Java
31025911807,Java
31025911806,Python
31025911806,SQL
31025910004,AWS
31025910004,Azure
31025910004,GCP
31025909879,Python
31025909879,AWS
31025909879,Git
31025909819,Java
31025909709,Python
31025909568,Python
31025907430,JavaScript
31025907419,Java
31025907419,JavaScript
31025907351,Python
31025907351,SQL
31025907349,Python
31025907349,Kubernetes
31025907346,Java
31025907345,Java
31025907345,JavaScript
31025907343,Java
31025906729,AWS
31025906729,Kubernetes
31025906729,Java
31025502596,JavaScript
31025502595,Python
31025502033,SQL
31025501256,GCP
31025501256,Docker
31025501041,Excel
31025501040,SQL
31025501035,JavaScript
31025500050,JavaScript
31025500044,AWS
31025500043,Python
31025500043,AWS
31025500043,Java
31025010229,SQL
31025010229,Azure
31025004612,React
31025003927,SQL
21025009455,Python
21025009455,Power BI
21025009455,Azure
21025009455,Machine Learning
21025007904,Java
11025503773,SQL
11025503773,GCP
11025502674,Git
11025502674,Java
11025502674,JavaScript
11025502462,Azure
11025502462,Docker
11025502462,Kubernetes
11025502278,Python
11025502047,Python
11025502045,Python
11025501996,SQL
11025501996,GCP
11025501996,Docker
11025501996,Kubernetes
11025501996,Git
11025501996,Java
11025501211,SQL
11025501145,Python
11025500804,SQL
11025500625,Git
11025500571,SQL
11025500329,JavaScript
11025012939,JavaScript
11025012939,React
11025010139,Java
290925501653,SQL
260925501105,Git
260925501100,Git
230925920288,Python
280925004906,Python
280925004906,Machine Learning
280925004878,Python
280925004878,AWS
250925035574,Python
250925035574,Spark
240925919953,Kubernetes
240925910326,Linux
240925022698,Power BI
230925931451,JavaScript
230925929271,Java
230925929231,SQL
230925920403,SQL
230925920403,Power BI
230925920380,Azure
230925037213,Java
230925028386,Power BI
230925028386,Tableau
180725012392,SQL
180725012392,GCP
110625024236,Java
80925022404,Python
80925022404,SQL
31025919413,Power BI
31025919409,Git
31025919032,SQL
31025008851,SQL
11025923330,Java
11025918888,Azure
11025918888,Spark
11025911302,SQL
11025009529,AWS
11025009529,Java
11025009529,React
300925504367,Excel
300925029445,Linux
270625031648,GCP
240925919941,Python
240925919932,AWS
240925024750,Python
240925024750,Generative AI
230925931163,Python
230925931163,AWS
230925931163,Kubernetes
230925929156,Excel
230925019765,Java
230925019765,React
230925013773,SQL
11025918842,SQL
11025918842,Azure
11025016347,Spark
11025016347,Databricks
11025014547,AWS
11025014547,Java
10825026797,SQL
10825026797,GCP
300925504887,Excel
300925504801,JavaScript
300925504801,Linux
300925504767,JavaScript
300925504767,Linux
300925504473,Excel
300925504409,Excel
300925502564,JavaScript
300925500384,Excel
300925009795,Python
300925009795,Machine Learning
290925502074,JavaScript
290925501769,Excel
290925501229,SQL
290925012409,Excel
290925007976,Docker
290925007976,Kubernetes
290925007851,Docker
290925007851,Kubernetes
290925004738,Python
290925004738,SQL
290925004738,Machine Learning
290925004738,Generative AI
260925503307,Excel
260925502423,Azure
260925501089,Linux
260925500638,Excel
260925031417,Cybersecurity
260925029823,Excel
250925929882,SQL
250925929821,Python
250925929821,SQL
250925929821,AWS
250925929821,Azure
250925929821,GCP
250925929612,SQL
250925929612,JavaScript
250925929371,Linux
250925929321,Cybersecurity
250925929266,Java
250925929234,Python
250925929234,SQL
250925929222,Cybersecurity
250925924587,Python
250925924276,Java
250925924248,SQL
250925924238,SQL
250925924197,SQL
250925924167,Python
250925924055,SQL
250925923736,Python
250925923736,SQL
250925923453,Python
250925923453,SQL
250925923453,Power BI
250925923453,Excel
250925923425,Python
250925923425,SQL
250925923420,SQL
250925923409,Python
250925923352,SQL
250925923074,SQL
250925922992,SQL
250925922880,JavaScript
250925922852,Python
250925922799,SQL
250925922753,SQL
250925922437,SQL
250925922294,Python
250925922294,SQL
250925922294,Power BI
250925922294,Excel
250925922282,Java
250925922282,JavaScript
250925922183,Power BI
250925922178,Python
250925922178,Java
250925922068,Python
250925922052,SQL
250925922032,Python
250925921861,Python
250925921861,SQL
250925921861,Power BI
250925921861,Excel
250925921756,Java
250925921393,Python
250925921250,Python
250925921022,Java
250925920710,SQL
250925920636,Azure
250925920459,Python
250925920459,SQL
250925920249,Linux
250925920218,SQL
250925920218,Power BI
250925920218,Tableau
250925920162,JavaScript
250925919806,Java
250925507759,Linux
250925500837,GCP
250925500837,Machine Learning
250925500837,Git
250925500432,SQL
250925500432,Java
250925035321,Java
250925032889,Python
250925032889,SQL
250925022193,Machine Learning
250925014464,Python
250925014464,Azure
250925014464,Linux
240925922686,Kubernetes
240925922685,Kubernetes
240925919906,SQL
240925919906,Power BI
240925919906,Tableau
240925910330,Java
240925910207,SQL
240925910198,AWS
240925910183,Linux
240925910089,Excel
240925909952,Java
240925909910,Cybersecurity
240925909878,Java
240925909878,Linux
240925909812,SQL
240925909697,SQL
240925909617,Java
240925909617,JavaScript
240925909516,Kubernetes
240925507694,SQL
240925507694,Power BI
240925503409,JavaScript
240925503403,Excel
240925502944,Python
240925502944,SQL
240925502939,Linux
240925502875,Linux
240925502242,Machine Learning
240925500974,SQL
240925500303,Excel
240925030367,Java
240925029705,Java
240925019297,Excel
240925016743,Azure
240925016743,Docker
240925016743,Kubernetes
240925008036,Kubernetes
230925935505,JavaScript
230925935429,JavaScript
230925935346,SQL
230925935346,Java
230925935346,JavaScript
230925935327,Python
230925935327,Power BI
230925935324,Python
230925935324,SQL
230925935248,Python
230925935248,Git
230925935246,Python
230925935246,Git
230925935099,SQL
230925935098,SQL
230925934915,Power BI
230925934616,Python
230925934609,Cybersecurity
230925934534,SQL
230925934528,JavaScript
230925934525,JavaScript
230925934508,Python
230925934303,Cybersecurity
230925934074,Python
230925934074,Git
230925934056,JavaScript
230925934040,Power BI
230925934007,AWS
230925933923,Python
230925933921,Java
230925933912,Java
230925933912,JavaScript
230925933912,React
230925933811,Python
230925933811,JavaScript
230925933811,React
230925933713,Python
230925933713,Java
230925933713,JavaScript
230925933713,React
230925933535,Python
230925933528,Azure
230925933524,SQL
230925933383,Java
230925933364,Python
230925933364,SQL
230925933364,Spark
230925933139,SQL
230925933044,SQL
230925933012,Python
230925932998,Python
230925932998,Java
230925932993,Python
230925932993,AWS
230925932993,Spark
230925932993,Kubernetes
230925932853,Python
230925932853,SQL
230925932853,Git
230925932852,SQL
230925932852,Java
230925932799,SQL
230925932703,Python
230925932703,AWS
230925932703,Spark
230925932703,Kubernetes
230925932702,Java
230925932675,Python
230925932675,SQL
230925932675,Tableau
230925932675,Machine Learning
230925932669,Python
230925932669,SQL
230925932669,Tableau
230925932669,Machine Learning
230925932593,Java
230925932429,Power BI
230925932392,SQL
230925932392,JavaScript
230925932391,SQL
230925932389,JavaScript
230925932385,SQL
230925932261,Java
230925932261,JavaScript
230925932248,Python
230925932248,AWS
230925932248,Spark
230925932229,Java
230925932229,JavaScript
230925932228,Java
230925932227,Java
230925932226,Java
230925932226,JavaScript
230925932225,Java
230925932224,Java
230925932224,JavaScript
230925932222,Java
230925932221,Java
230925932220,Java
230925932212,Java
230925932210,Java
230925932210,JavaScript
230925932208,SQL
230925932208,Java
230925932207,Java
230925932157,Python
230925932154,Python
230925932137,Java
230925932134,Java
230925932134,JavaScript
230925932130,Java
230925932128,Java
230925932128,JavaScript
230925932127,Java
230925932127,JavaScript
230925932126,Java
230925932125,Java
230925932123,Java
230925932055,Python
230925932055,SQL
230925932051,JavaScript
230925931976,SQL
230925931952,Python
230925931952,SQL
230925931952,GCP
230925931943,Excel
230925931942,Python
230925931942,SQL
230925931942,GCP
230925931888,Python
230925931883,Python
230925931881,Java
230925931820,Python
230925931820,SQL
230925931677,Python
230925931668,Python
230925931628,Python
230925931068,Linux
230925931050,Python
230925931050,SQL
230925931006,Cybersecurity
230925924304,GCP
230925924279,Power BI
230925924279,AWS
230925924274,Power BI
230925924074,Python
230925924074,Power BI
230925924074,Machine Learning
230925920476,SQL
230925920475,Java
230925920441,JavaScript
230925920436,Azure
230925920424,SQL
230925920419,JavaScript
230925920388,Python
230925920388,NLP
230925920383,AWS
230925920383,GCP
230925920383,Docker
230925920383,Kubernetes
230925920311,Python
230925920310,SQL
230925918559,Python
230925918538,Python
230925918538,SQL
230925918538,React
230925918530,Spark
230925918498,SQL
230925918498,Tableau
230925918496,Cybersecurity
230925918481,Python
230925918472,Python
230925918438,Python
230925918426,Python
230925918421,Python
230925918421,JavaScript
230925917926,Java
230925917926,JavaScript
230925917557,Python
230925917557,Kubernetes
230925917529,Python
230925917529,SQL
230925917438,Power BI
230925917438,Tableau
230925917405,Python
230925917332,Python
230925917332,Power BI
230925917332,Tableau
230925917324,Python
230925917324,SQL
230925917324,Tableau
230925917180,Python
230925917180,SQL
230925917141,Python
230925917141,SQL
230925916879,Python
230925916879,SQL
230925916879,Tableau
230925916860,Python
230925916860,Azure
230925916729,Azure
230925916696,JavaScript
230925916606,JavaScript
230925916560,SQL
230925916474,Python
230925916474,Azure
230925916462,Python
230925916462,SQL
230925916395,Python
230925916395,Azure
230925916235,Python
230925916170,Python
230925916170,Machine Learning
230925916170,Deep Learning
230925916170,NLP
230925916170,JavaScript
230925508212,Power BI
230925508160,Power BI
230925508160,Tableau
230925508160,Docker
230925508160,Linux
230925508159,Java
230925508070,SQL
230925507836,Python
230925507836,SQL
230925507836,Power BI
230925507836,Machine Learning
230925507357,SQL
230925507357,Java
230925507198,Java
230925506937,Python
230925506747,Excel
230925506299,Python
230925506299,SQL
230925506299,Power BI
230925506299,Tableau
230925506299,Excel
230925505934,GCP
230925504816,Azure
230925504816,Cybersecurity
230925504408,SQL
230925504408,Docker
230925504408,Kubernetes
230925504408,Git
230925504408,Java
230925504406,SQL
230925504406,Java
230925504405,Azure
230925504405,Kubernetes
230925500191,Git
230925500064,Machine Learning
230925016135,Excel
220825018432,Linux
200125005324,Excel
11025501813,Power BI
11025015441,Python
11025015441,AWS
11025015441,Azure
11025015441,GCP
250925507247,Excel
250925025109,SQL
240925920088,Java
240925919952,Python
240925919952,AWS
240925919952,Git
240925008489,Excel
230925931580,Python
230925931580,Cybersecurity
230925920535,Power BI
230925920392,Python
230925920392,Java
230925917178,JavaScript
230925507184,Excel
230925024003,Power BI
230925024003,Excel
31025500032,Machine Learning
31025500032,JavaScript
300925502439,Excel
300925500188,Machine Learning
300525034387,Java
300125014893,Python
300125014893,AWS
300125014893,React
290925501038,Excel
290825031416,Java
260925502167,Python
260825030039,Python
60625028149,Java
31025502547,Git
31025502547,JavaScript
31025500026,Tableau
31025500014,Machine Learning
31025018855,AWS
31025018855,JavaScript
11025500858,Linux
11025500857,Linux
11025500526,Machine Learning
300625021175,Java
290925027572,SQL
290925027572,Power BI
290125014694,Java
270525019631,Java
260925500187,Power BI
250925036637,Java
240925018520,AWS
240925018520,Java
240925012566,Python
140725022246,Python
130125004111,Java
110425020910,Java
110425020521,Java
110325017656,Java
90625017512,AWS
90625017512,Azure
90625017512,Docker
90625017512,Kubernetes
90525023616,Java
31025916330,Linux
31025913630,Python
31025913630,SQL
31025910065,Power BI
31025015722,SQL
31025008831,SQL
31025008265,AWS
31025008265,Generative AI
31025007710,NLP
31025007710,Generative AI
31025003508,Python
31025003508,Kubernetes
31025002606,Python
31025002606,AWS
31025002606,Machine Learning
31025001707,AWS
31025001707,Azure
31025001707,Java
30325002721,Python
30325002721,SQL
30325002721,Machine Learning
30325002721,Deep Learning
30325002721,NLP
11025021571,Machine Learning
11025021571,NLP
11025021571,Generative AI
11025021571,Docker
11025020661,Docker
11025020661,Kubernetes
11025018229,Python
11025018229,SQL
11025018229,Power BI
11025018229,Tableau
11025016986,AWS
11025016986,Spark
11025016131,AWS
11025013838,Python
11025013838,AWS
11025000135,React
11025000122,JavaScript
11025000122,React
11025000116,JavaScript
300925028500,Power BI
300925028500,Excel
300825018395,Java
300425022831,Python
300425022831,SQL
300425022831,AWS
300425022831,Spark
300425022831,Databricks
290925922200,GCP
290925907369,GCP
290925503540,Spark
290925501337,Python
290925500958,SQL
290925001130,Excel
280725015495,Power BI
280525021675,AWS
270525039457,Java
260925503686,Excel
250925934640,Python
250925934619,Python
250925934619,Azure
250925929564,Python
250925929564,Azure
250925929564,Databricks
250925929564,Machine Learning
250925929564,Kubernetes
250925929564,JavaScript
250925929538,Kubernetes
250925920198,SQL
250925917109,Azure
250925917109,GCP
250925917102,Cybersecurity
250925917081,Python
250925917078,Kubernetes
250925036152,Azure
250925036152,Kubernetes
250925036152,Java
250925029347,SQL
250925026130,SQL
250925017343,Git
250925017343,JavaScript
250925014135,Python
250925010754,Python
250925010754,AWS
250925010754,Machine Learning
250925010754,Generative AI
250925010754,Docker
250925009032,JavaScript
250925009032,React
250225016734,Excel
240925507779,AWS
240925507779,Java
240925501853,SQL
240925501853,Git
240925036977,AWS
240925036977,Azure
240925017981,Linux
240925013591,AWS
230925935690,Java
230925931397,JavaScript
230925931370,SQL
230925931346,SQL
230925931340,Python
230925931264,Python
230925931264,Azure
230925931264,Git
230925931260,Python
230925931260,AWS
230925931260,Azure
230925931260,GCP
230925931260,Kubernetes
230925931260,Linux
230925931249,Linux
230925931241,Python
230925931241,SQL
230925931241,Machine Learning
230925931241,NLP
230925931218,Machine Learning
230925931217,Python
230925931217,SQL
230925931217,JavaScript
230925931215,SQL
230925931208,Python
230925503170,Python
230925038641,Python
230925038641,SQL
230925038641,Java
230925037505,JavaScript
230925037505,React
230925037346,Java
230925037346,React
230925014671,Docker
230925014671,Java
230825013664,Azure
230825013664,Git
220925928118,AWS
220925928118,Java
220925928117,Azure
220925928117,Java
220925928111,Java
220925928100,Java
220925928031,Java
220925927987,Java
220925927987,JavaScript
220925927948,Java
220925927947,Java
220925927947,JavaScript
220925927947,React
220925927929,AWS
220925927929,Docker
220925927929,Kubernetes
220925927929,Java
220925927888,Java
220925927882,Java
220925927875,Java
190825014462,AWS
190825014462,Azure
171224007836,Java
160625019167,AWS
120925026286,JavaScript
120925026265,JavaScript
110925935359,SQL
100424008981,Java
80925016168,SQL
80925016168,Power BI
80925016168,Excel
50925016354,Java
50825034095,Excel
50424008456,SQL
50424008456,Azure
50424008456,Spark
50424008456,Databricks
40925030565,Java
31025917900,Python
31025917900,SQL
31025917900,Azure
31025917900,Spark
31025917900,Databricks
31025917892,Cybersecurity
31025917888,Python
31025917877,Python
31025917877,Java
31025917875,SQL
31025917875,Docker
31025917875,Kubernetes
31025917875,Java
31025917865,Python
31025917865,Tableau
31025917865,NLP
31025917862,Python
31025917862,SQL
31025917862,Azure
31025917862,Databricks
31025917856,SQL
31025917851,Python
31025917845,Docker
31025917845,Kubernetes
31025917839,Kubernetes
31025917839,Java
31025917836,SQL
31025917836,Kubernetes
31025917831,Python
31025917831,Java
31025917831,JavaScript
31025917831,React
31025917829,AWS
31025917829,Azure
31025917829,GCP
31025917820,Kubernetes
31025917820,Java
31025917817,Python
31025917817,Linux
31025917803,Python
31025917803,Kubernetes
31025917789,Docker
31025917789,Kubernetes
31025917780,Kubernetes
31025917780,Linux
31025917779,Python
31025917779,SQL
31025917779,Kubernetes
31025917763,Python
31025917763,SQL
31025917757,Java
31025917754,SQL
31025917751,AWS
31025917751,Azure
31025917751,GCP
31025917738,Excel
31025917734,Cybersecurity
31025917688,Kubernetes
31025917688,Git
31025917688,React
31025917682,Python
31025917682,Git
31025917674,Python
31025917674,Spark
31025917674,NLP
31025917669,SQL
31025917669,JavaScript
31025917626,Kubernetes
31025917626,Git
31025917603,SQL
31025917602,Python
31025917602,Java
31025917591,Python
31025917591,Java
31025917590,SQL
31025917586,SQL
31025917578,Python
31025917578,Java
31025917417,Java
31025917390,Git
31025917387,Python
31025917387,Azure
31025917384,JavaScript
31025917371,Azure
31025917360,Python
31025917360,AWS
31025917360,Azure
31025917360,GCP
31025917353,SQL
31025917347,Python
31025917341,Python
31025917341,SQL
31025917340,Python
31025917340,Azure
31025917339,Python
31025917339,SQL
31025917339,Spark
31025917337,Python
31025917336,Python
31025917335,Python
31025917335,SQL
31025917324,Azure
31025917317,Azure
31025917317,JavaScript
31025917302,Git
31025917302,Java
31025917288,Python
31025917288,AWS
31025917288,Azure
31025917288,GCP
31025917288,Kubernetes
31025917284,Python
31025917284,SQL
31025917280,AWS
31025917278,Python
31025917278,SQL
31025917278,Spark
31025917273,Python
31025917273,Azure
31025917253,JavaScript
31025917247,Python
31025917247,NLP
31025917231,Python
31025917231,SQL
31025917231,Power BI
31025917231,Machine Learning
31025917230,Python
31025917230,Azure
31025917228,SQL
31025917228,AWS
31025917217,Azure
31025917214,Python
31025917214,SQL
31025917214,Spark
31025917212,Python
31025917210,Python
31025917210,SQL
31025917210,Git
31025917201,SQL
31025917201,Git
31025917201,Java
31025917192,Python
31025917172,JavaScript
31025917166,Java
31025917165,Python
31025917165,Git
31025917165,Java
31025917161,Java
31025917131,SQL
31025917131,Java
31025917127,SQL
31025917127,Java
31025917111,Java
31025917093,Java
31025917091,Python
31025917091,Git
31025917088,Python
31025917088,Power BI
31025917088,Tableau
31025917087,Python
31025917087,SQL
31025917087,Power BI
31025917087,Tableau
31025917087,AWS
31025917086,Python
31025917086,Power BI
31025917086,Tableau
31025917085,Python
31025917085,Power BI
31025917085,Tableau
31025917078,Python
31025917071,Python
31025917071,SQL
31025917071,Spark
31025917067,AWS
31025917067,Kubernetes
31025917041,Python
31025917041,SQL
31025917040,Python
31025917034,AWS
31025917034,Java
31025917033,Python
31025917026,SQL
31025916995,Python
31025916993,Python
31025916993,Azure
31025916992,SQL
31025916991,Python
31025916991,Linux
31025916983,Python
31025916983,Azure
31025916979,Azure
31025916979,JavaScript
31025916968,Azure
31025916938,Python
31025916938,Java
31025916928,SQL
31025916919,SQL
31025916917,Python
31025916917,Java
31025916905,Python
31025916904,Java
31025916904,JavaScript
31025916903,Python
31025916898,Python
31025916891,Python
31025916870,Java
31025916831,Python
31025916815,Python
31025916814,SQL
31025916812,Spark
31025916801,Python
31025916801,Java
31025916799,Python
31025916799,Git
31025916798,Python
31025916798,Git
31025916796,Python
31025916796,SQL
31025916796,Git
31025916793,Python
31025916793,SQL
31025916784,Python
31025916784,Machine Learning
31025916774,JavaScript
31025916771,Python
31025916771,SQL
31025916771,Spark
31025916756,JavaScript
31025916756,React
31025916753,Power BI
31025916753,Machine Learning
31025916750,Java
31025916738,Azure
31025916721,Docker
31025916721,Java
31025916716,JavaScript
31025916710,SQL
31025916710,Java
31025916690,Python
31025916690,SQL
31025916690,Azure
31025916690,Spark
31025916662,Python
31025916656,Java
31025916655,JavaScript
31025916642,Power BI
31025916642,Tableau
31025916590,Python
31025916588,Kubernetes
31025916582,Python
31025916582,AWS
31025916582,Spark
31025916579,Python
31025916579,SQL
31025916579,Tableau
31025916575,Python
31025916572,Python
31025916572,Spark
31025916564,Java
31025916564,React
31025916563,SQL
31025916557,Python
31025916557,Spark
31025916546,JavaScript
31025916531,Azure
31025916523,Power BI
31025916508,JavaScript
31025916508,React
31025916493,SQL
31025916493,Linux
31025916471,Python
31025916470,Python
31025916470,SQL
31025916470,NLP
31025916462,Java
31025916445,Python
31025916445,SQL
31025916445,JavaScript
31025916430,Java
31025916426,SQL
31025916420,Python
31025916390,Python
31025916390,Tableau
31025916390,NLP
31025916385,Python
31025916385,Azure
31025916385,Spark
31025916383,Python
31025916383,Java
31025916370,SQL
31025916370,Java
31025916368,Python
31025916368,Kubernetes
31025916364,Azure
31025916364,Docker
31025916361,Python
31025916361,Java
31025916360,Python
31025916360,Java
31025916359,AWS
31025916359,Azure
31025916359,Kubernetes
31025916358,Python
31025916358,Git
31025916357,Python
31025916357,Kubernetes
31025916357,Linux
31025916352,Python
31025916352,Spark
31025916352,Kubernetes
31025916335,SQL
31025916335,Azure
31025916335,React
31025916334,Python
31025916334,Java
31025916327,Python
31025916327,AWS
31025916327,Azure
31025916327,GCP
31025916324,Linux
31025916322,Python
31025916322,Java
31025916314,Python
31025916314,Java
31025916314,JavaScript
31025916297,Excel
31025915134,Power BI
31025915129,SQL
31025915128,Python
31025915128,Spark
31025915127,Python
31025915127,SQL
31025915115,Python
31025915115,Azure
31025915115,Databricks
31025915109,JavaScript
31025915105,Java
31025915098,Python
31025915098,Git
31025915091,Python
31025915091,Azure
31025915091,Databricks
31025915086,JavaScript
31025915080,Java
31025915076,Power BI
31025915061,Python
31025915061,Machine Learning
31025915058,JavaScript
31025915058,React
31025915055,Python
31025915055,SQL
31025915042,Python
31025915042,Machine Learning
31025915042,Git
31025915041,Python
31025915041,SQL
31025915034,Python
31025915034,SQL
31025915026,Git
31025915026,JavaScript
31025915026,React
31025915006,Python
31025915006,Java
31025915003,AWS
31025915003,Azure
31025915003,Kubernetes
31025915000,Cybersecurity
31025914996,SQL
31025914994,Git
31025914994,JavaScript
31025914994,React
31025914993,Python
31025914993,Kubernetes
31025914983,SQL
31025914983,Java
31025914982,Azure
31025914981,Java
31025914946,Java
31025914939,Cybersecurity
31025914938,Python
31025914938,SQL
31025914938,Power BI
31025914937,Python
31025914937,SQL
31025914921,Python
31025914921,SQL
31025914921,Azure
31025914921,Databricks
31025914911,JavaScript
31025914911,React
31025914904,Python
31025914904,Linux
31025914876,Python
31025914876,AWS
31025914868,Python
31025914868,SQL
31025914864,Java
31025914857,SQL
31025914843,Python
31025914843,SQL
31025914836,Machine Learning
31025914834,Machine Learning
31025914834,Deep Learning
31025914822,Python
31025914822,Java
31025914812,SQL
31025914812,Git
31025914782,Python
31025914782,SQL
31025914782,Power BI
31025914777,Python
31025914777,Java
31025914768,SQL
31025914768,Linux
31025914767,Python
31025914767,Azure
31025914767,Machine Learning
31025914616,JavaScript
31025914591,SQL
31025914588,Java
31025914565,Python
31025914564,Python
31025914564,SQL
31025914563,Java
31025914558,Java
31025914543,Python
31025914543,SQL
31025914543,Power BI
31025914525,SQL
31025914518,Python
31025914518,SQL
31025914518,Git
31025914516,Git
31025914516,JavaScript
31025914516,React
31025914502,JavaScript
31025914480,Linux
31025914478,Python
31025914472,Python
31025914472,Java
31025914471,SQL
31025914471,Linux
31025914445,SQL
31025914445,Azure
31025914441,Linux
31025914404,Python
31025914375,Azure
31025914354,Python
31025914354,Kubernetes
31025914352,Python
31025914346,Python
31025914346,NLP
31025914344,Python
31025914339,Python
31025914339,Git
31025914337,Python
31025914337,Git
31025914337,Java
31025914332,Linux
31025914307,Azure
31025914276,Python
31025914276,NLP
31025914269,Java
31025914261,SQL
31025914251,Python
31025914251,NLP
31025914245,Python
31025914245,SQL
31025914245,Power BI
31025914229,Git
31025914229,JavaScript
31025914229,React
31025914223,Python
31025914196,SQL
31025914196,AWS
31025914196,Azure
31025914196,Spark
31025914191,Python
31025914191,AWS
31025914191,Spark
31025914189,Python
31025914189,SQL
31025914177,SQL
31025914167,Python
31025914141,Python
31025914141,AWS
31025914141,Kubernetes
31025914141,Linux
31025914137,Python
31025914137,Azure
31025914131,SQL
31025914090,Python
31025914090,AWS
31025914084,Python
31025914084,AWS
31025914084,Azure
31025914084,Machine Learning
31025914084,NLP
31025914080,Azure
31025914067,SQL
31025914065,Python
31025914065,SQL
31025914065,Power BI
31025914065,Tableau
31025914059,Git
31025914059,JavaScript
31025914059,React
31025914016,Cybersecurity
31025914005,Python
31025914005,NLP
31025914005,Kubernetes
31025914005,Java
31025913964,Cybersecurity
31025913950,Python
31025913950,SQL
31025913916,Azure
31025913914,Python
31025913914,Java
31025913905,Azure
31025913905,Java
31025913905,JavaScript
31025913898,Docker
31025913898,Kubernetes
31025913898,Linux
31025913896,Python
31025913875,Python
31025913851,Python
31025913851,SQL
31025913832,SQL
31025913823,Python
31025913821,Python
31025913821,Machine Learning
31025913811,Python
31025913805,AWS
31025913805,Azure
31025913801,SQL
31025913801,Linux
31025913798,Python
31025913793,Python
31025913793,SQL
31025913793,AWS
31025913793,Azure
31025913793,Linux
31025913790,Java
31025913790,JavaScript
31025913759,Cybersecurity
31025913655,AWS
31025913655,Kubernetes
31025913655,JavaScript
31025912442,Python
31025912440,SQL
31025912439,Python
31025912286,Git
31025912286,JavaScript
31025912286,React
31025912254,Python
31025912253,Deep Learning
31025912249,Python
31025912247,Python
31025912247,Java
31025912246,Python
31025912246,Java
31025912245,Python
31025912242,Python
31025912242,Tableau
31025912241,Python
31025912241,Git
31025912170,Python
31025912170,NLP
31025911339,Python
31025911339,Linux
31025911336,Python
31025911336,Git
31025911336,Java
31025911334,Python
31025911333,Python
31025911331,Python
31025911331,Machine Learning
31025911331,Cybersecurity
31025911330,Python
31025911330,NLP
31025910996,Python
31025910996,Generative AI
31025910996,Git
31025910996,Java
31025910994,Python
31025910994,Generative AI
31025910994,Git
31025910994,Java
31025910683,Python
31025910683,Java
31025910681,Python
31025910681,Java
31025910482,Python
31025910480,SQL
31025910479,Python
31025910479,AWS
31025910327,Python
31025910326,Python
31025910326,Git
31025910325,Python
31025910325,Deep Learning
31025910321,Python
31025910320,Python
31025910317,Python
31025910317,Linux
31025910316,Python
31025910316,NLP
31025910316,Java
31025910315,Python
31025910314,Python
31025910035,Python
31025910035,AWS
31025909697,Power BI
31025909678,SQL
31025909594,Python
31025909594,Java
31025908926,Python
31025503263,JavaScript
31025503262,JavaScript
31025503252,Machine Learning
31025503247,Linux
31025503024,GCP
31025502572,JavaScript
31025502569,AWS
31025502569,GCP
31025502563,Python
31025502563,SQL
31025502339,GCP
31025502128,Machine Learning
31025502128,Git
31025502105,Java
31025502103,SQL
31025502103,Git
31025502091,SQL
31025502086,Azure
31025502047,Excel
31025502046,Python
31025502046,Excel
31025501894,Cybersecurity
31025501893,Cybersecurity
31025501887,Python
31025501887,Azure
31025501887,Spark
31025501886,Python
31025501886,AWS
31025501886,Kubernetes
31025501884,Linux
31025501879,Azure
31025501879,Spark
31025501878,Python
31025501878,Azure
31025501878,Spark
31025501877,Python
31025501877,Azure
31025501877,Spark
31025501876,Python
31025501876,SQL
31025501876,Power BI
31025501875,SQL
31025501874,SQL
31025501874,Azure
31025501864,Python
31025501862,Python
31025501842,Power BI
31025501840,Python
31025501840,Docker
31025501837,SQL
31025501837,Power BI
31025501828,GCP
31025501827,Excel
31025501826,Excel
31025501819,Spark
31025501819,Git
31025501804,Excel
31025501791,Python
31025501787,Python
31025501785,Java
31025501784,Python
31025501777,Python
31025501763,JavaScript
31025501758,Power BI
31025501755,Excel
31025501452,SQL
31025501443,JavaScript
31025501428,Git
31025501428,Java
31025501214,SQL
31025501192,Python
31025501190,Java
31025501183,Excel
31025501182,Excel
31025501099,JavaScript
31025501014,SQL
31025501014,Power BI
31025500701,Spark
31025500470,Machine Learning
31025500392,Git
31025500392,JavaScript
31025500391,SQL
31025500093,Linux
31025500084,Excel
31025500067,Java
31025500031,Machine Learning
31025500030,Machine Learning
31025500029,Machine Learning
31025500024,Git
31025500023,Machine Learning
31025500007,Linux
31025019549,SQL
31025019520,AWS
31025019520,Java
31025019517,Azure
31025019517,Java
31025015951,Python
31025015457,Python
31025015457,Machine Learning
31025015457,NLP
31025014659,Python
31025014659,SQL
31025014659,Java
31025012311,SQL
31025012311,Azure
31025012311,React
31025012152,SQL
31025011738,JavaScript
31025011068,Python
31025011068,Azure
31025011068,Machine Learning
31025011068,NLP
31025011068,Kubernetes
31025006569,Azure
31025006287,Python
31025006287,Power BI
31025005928,Cybersecurity
31025005790,AWS
31025005790,Spark
31025005790,Kubernetes
31025005788,Python
31025005788,Azure
31025005788,Machine Learning
31025005788,NLP
31025005788,Kubernetes
31025005635,Cybersecurity
31025005177,Cybersecurity
31025004382,Python
31025004382,SQL
31025004382,Generative AI
31025004231,Java
31025003505,Linux
31025002967,Java
31025002696,Azure
21025008880,AWS
21025008880,GCP
21025008880,Java
21025007361,JavaScript
11025922256,Python
11025922256,Linux
11025921407,SQL
11025921407,Docker
11025921407,Linux
11025918814,SQL
11025918814,Azure
11025918798,Python
11025918798,JavaScript
11025918798,React
11025918797,Git
11025918797,Linux
11025918786,Python
11025918786,JavaScript
11025918307,Python
11025917741,Python
11025917670,Python
11025917670,Machine Learning
11025917670,Deep Learning
11025917670,NLP
11025917621,Python
11025917617,Linux
11025917609,Python
11025917608,Python
11025917607,Java
11025917604,SQL
11025917583,Python
11025917581,Python
11025917581,Git
11025917572,Python
11025917561,Python
11025917561,SQL
11025917561,Power BI
11025917553,Python
11025917553,Kubernetes
11025917539,JavaScript
11025917532,SQL
11025917532,JavaScript
11025917512,Python
11025917506,SQL
11025917493,Linux
11025917459,Python
11025917459,AWS
11025917459,Kubernetes
11025917422,Linux
11025917413,Python
11025917413,SQL
11025917390,Python
11025917389,JavaScript
11025917381,AWS
11025917381,Kubernetes
11025917342,Docker
11025917329,Python
11025917329,Java
11025917329,JavaScript
11025917296,Python
11025917296,Machine Learning
11025917296,Deep Learning
11025917296,NLP
11025917269,React
11025917213,Java
11025917203,JavaScript
11025917202,Java
11025917201,Machine Learning
11025917201,Deep Learning
11025917163,JavaScript
11025917163,React
11025917151,AWS
11025917151,Docker
11025917151,Kubernetes
11025917142,SQL
11025917142,GCP
11025917142,Kubernetes
11025917091,AWS
11025917091,Kubernetes
11025917070,JavaScript
11025917069,Machine Learning
11025917064,Python
11025917064,SQL
11025917064,Power BI
11025917044,Java
11025917044,JavaScript
11025917035,JavaScript
11025916997,Java
11025916997,JavaScript
11025916422,Kubernetes
11025916422,Git
11025916266,JavaScript
11025915815,SQL
11025915814,Python
11025911513,SQL
11025911513,Azure
11025504030,Python
11025504030,SQL
11025504030,Machine Learning
11025503831,SQL
11025503831,Linux
11025503811,Git
11025503809,JavaScript
11025503781,Machine Learning
11025503666,SQL
11025503088,SQL
11025502958,Excel
11025502903,Java
11025502902,Java
11025502805,Excel
11025502711,Java
11025502668,SQL
11025502657,Java
11025502656,Java
11025502655,Java
11025502652,Java
11025502651,JavaScript
11025502636,JavaScript
11025502577,Java
11025502553,GCP
11025502498,SQL
11025502498,Docker
11025502498,Kubernetes
11025502484,SQL
11025502484,Java
11025502483,JavaScript
11025502390,Python
11025502390,JavaScript
11025502375,Python
11025502375,Azure
11025502375,Kubernetes
11025502375,Git
11025502355,Python
11025502355,JavaScript
11025502354,Python
11025502354,Azure
11025502353,SQL
11025502353,Docker
11025502353,Kubernetes
11025502353,Java
11025502347,Azure
11025502347,Databricks
11025502347,Git
11025502345,Azure
11025502345,Cybersecurity
11025502321,SQL
11025502321,Java
11025502319,SQL
11025502319,React
11025502174,JavaScript
11025501957,SQL
11025501882,SQL
11025501877,SQL
11025501870,Python
11025501845,Python
11025501795,Python
11025501361,JavaScript
11025501326,Git
11025501325,Git
11025501306,Linux
11025501270,GCP
11025501265,Linux
11025501264,Machine Learning
11025501070,AWS
11025501070,GCP
11025501068,Linux
11025501031,Excel
11025500955,Power BI
11025500946,Excel
11025500911,Machine Learning
11025500825,GCP
11025500825,Machine Learning
11025500819,Machine Learning
11025500810,Excel
11025500742,Linux
11025500569,Machine Learning
11025500568,AWS
11025500568,GCP
11025500503,Linux
11025500491,Excel
11025500463,Linux
11025500310,Git
11025500309,Excel
11025500194,Power BI
11025500170,Power BI
11025500127,Linux
11025500122,Linux
11025500107,Git
11025500105,Machine Learning
11025500075,Git
11025500035,Linux
11025500027,JavaScript
11025500008,JavaScript
11025024041,AWS
11025024041,Java
11025024041,React
11025023764,SQL
11025023764,Java
11025023764,JavaScript
11025023764,React
11025023737,JavaScript
11025023737,React
11025023718,Python
11025023718,AWS
11025023718,Java
11025020894,Python
11025018205,Excel
11025016346,Azure
11025015649,Python
11025015649,SQL
11025015649,Tableau
11025015649,Excel
11025013470,Excel
11025013020,Azure
11025012279,Python
11025012279,AWS
11025012279,Kubernetes
11025012279,Git
11025012279,Linux
11025011769,Azure
11025011769,Git
11025011769,JavaScript
11025011090,SQL
11025011090,Java
11025010360,Python
11025010360,SQL
11025010360,Generative AI
300925930021,Tableau
300925505107,Excel
290925919677,Excel
290925500204,Excel
290925020568,Excel
260925014292,Python
260925014292,JavaScript
260925013064,SQL
260925012815,Python
260925012815,AWS
260925012815,Machine Learning
260925012678,Java
260925010090,SQL
260925010090,Power BI
260925010090,Azure
260925009359,JavaScript
260825030033,Python
260725015627,JavaScript
260525020220,SQL
260525020220,Java
250925934639,Python
250925934639,SQL
250925934637,Python
250925934637,SQL
250925934637,AWS
250925934637,Azure
250925933710,Python
250925929655,Python
250925929655,Java
250925929580,AWS
250925929580,Java
250925920190,Kubernetes
250925920190,Cybersecurity
250925920182,Python
250925920182,AWS
250925920182,GCP
250925920182,Kubernetes
250925917110,Docker
250925917110,Kubernetes
250925917110,React
250925917098,SQL
250925916437,Cybersecurity
250925916436,Azure
250925916436,Docker
250925916436,Git
250925916430,Cybersecurity
250925916241,Python
250925916241,Machine Learning
250925916241,Java
250925915756,Python
250925915756,Cybersecurity
250925915756,Linux
250925914966,Python
250925914966,Deep Learning
250925914961,Python
250925914958,Kubernetes
250925914566,Linux
250925914563,SQL
250925913437,SQL
250925913425,Python
250925913425,Power BI
250925913419,Azure
250925913414,Cybersecurity
250925912443,Python
250925912443,Spark
250925912443,Java
250925912323,Python
250925912317,Python
250925912317,SQL
250925912317,AWS
250925912317,Azure
250925912315,Python
250925912315,SQL
250925912310,Python
250925912310,Azure
250925912258,Python
250925912258,AWS
250925912258,GCP
250925912258,Kubernetes
250925911594,Python
250925911594,AWS
250925911594,Azure
250925911594,Spark
250925911594,Kubernetes
250925910351,AWS
250925909408,Python
250925509230,Azure
250925509229,Azure
250925508006,Git
250925507859,Git
250925507689,SQL
250925507515,JavaScript
250925501921,AWS
250925501211,JavaScript
250925501140,Power BI
250925500839,Git
250925500535,AWS
250925500430,Azure
250925023880,AWS
250925023880,Java
250925022083,Python
250925022083,AWS
250925022083,Azure
250925022083,Docker
250925022083,Kubernetes
250925020049,SQL
250925020049,Power BI
250925020049,Tableau
250925019694,Spark
250925019694,Generative AI
250925013987,SQL
250925009035,GCP
250925006734,SQL
250925000089,JavaScript
250825015943,Java
240925507716,AWS
240925507117,Cybersecurity
240925506231,Power BI
240925506090,JavaScript
240925503752,GCP
240925503752,Git
240925503536,SQL
240925503536,AWS
240925503249,Python
240925503248,Python
240925503248,Machine Learning
240925503247,Python
240925503246,Python
240925503246,Machine Learning
240925503026,SQL
240925503026,Machine Learning
240925502503,SQL
240925502152,Power BI
240925501793,GCP
240925501793,Machine Learning
240925501793,JavaScript
240925501788,Power BI
240925501677,JavaScript
240925501003,SQL
240925035849,Python
240925035849,NLP
240925035849,Generative AI
240925035389,AWS
240925035389,Docker
240925035389,Java
240925035342,Java
240925035342,JavaScript
240925035342,React
240925034880,AWS
240925034880,Java
240925034478,JavaScript
240925034478,React
240925034327,Excel
240925034222,Excel
240925031416,AWS
240925031416,Java
240925029210,JavaScript
240925029200,Excel
240925028720,AWS
240925028720,Java
240925028720,React
240925026908,Kubernetes
240925025546,Java
240925024878,Python
240925024878,Spark
240925024878,Java
240925024594,Kubernetes
240925022604,Python
240925022604,SQL
240925022604,Spark
240925022604,Java
240925020616,Azure
240925019021,SQL
240925019021,Java
240925012618,Java
240925011891,Python
240925011891,AWS
240925011891,Git
240925011891,Linux
240925007623,Azure
240125020678,Power BI
240125020678,Tableau
230925931420,Cybersecurity
230925931415,Power BI
230925931405,JavaScript
230925931395,Power BI
230925931383,JavaScript
230925931379,Machine Learning
230925931376,Power BI
230925931306,AWS
230925931306,Java
230925931276,Machine Learning
230925931254,Python
230925931248,Azure
230925931248,Cybersecurity
230925931223,Python
230925931223,SQL
230925931223,Power BI
230925929315,AWS
230925929315,Azure
230925929315,Java
230925925503,Python
230925925503,SQL
230925925453,Python
230925925418,Python
230925925418,SQL
230925918361,React
230925918360,SQL
230925918360,Java
230925918356,Python
230925918356,Java
230925913515,Azure
230925913515,JavaScript
230925911681,SQL
230925911681,Power BI
230925507379,Excel
230925507352,Python
230925507352,JavaScript
230925507262,Java
230925507258,Linux
230925507002,Java
230925506887,AWS
230925506887,Java
230925506713,AWS
230925506713,Docker
230925505971,Azure
230925504501,Linux
230925504498,Python
230925504497,Java
230925500654,Linux
230925500499,Machine Learning
230925500487,AWS
230925500487,Java
230925500143,Linux
230925500052,Linux
230925500032,Linux
230925500028,Linux
230925500008,Linux
230925027227,Java
230925027227,Linux
230925025953,JavaScript
230925025953,React
230925025317,SQL
230925023331,Java
230925021543,Java
230825010120,AWS
230825010120,Java
230825010120,JavaScript
220925029146,GCP
220925029146,React
220925027896,Java
220925027896,Linux
220925013330,Java
220925008218,Java
220925003855,Java
220925002891,Java
210925006111,AWS
210925006111,Kubernetes
210925006111,Linux
190925027541,Java
190625027052,Linux
180925028990,SQL
180825022696,Java
180625018374,Java
180625018374,React
180625015624,Linux
170625018949,JavaScript
161024017644,Python
161024017644,AWS
150825009146,Azure
150825009146,React
140725022651,Python
140725022651,AWS
140725022651,Spark
120925027484,JavaScript
110925021597,Java
110925021597,JavaScript
110325013231,Linux
110225015833,Java
31025915497,SQL
31025915497,Azure
31025915497,Java
31025915497,React
31025910760,Java
31025910751,Python
31025910038,Python
31025910038,Java
31025910038,JavaScript
31025909955,Python
31025909955,SQL
31025909955,Tableau
31025909936,Python
31025909936,AWS
31025909813,Python
31025909813,Machine Learning
31025909781,Python
31025909781,Machine Learning
31025909746,Java
31025909563,Java
31025909560,React
31025909528,Java
31025908698,Python
31025908698,Machine Learning
31025908693,Python
31025908693,Machine Learning
31025908686,Azure
31025908686,Spark
31025908678,Python
31025908671,AWS
31025908671,Git
31025908670,Kubernetes
31025502255,Linux
31025501860,Python
31025501859,Excel
31025501859,Machine Learning
31025501854,Python
31025501854,NLP
31025501851,Azure
31025501851,Kubernetes
31025501849,Python
31025501849,Azure
31025501849,Spark
31025501646,Azure
31025501646,Kubernetes
31025501645,Azure
31025501645,Docker
31025501263,Power BI
31025501262,Power BI
31025501228,Python
31025501228,Power BI
31025500489,Excel
31025500487,Excel
31025500486,Excel
31025500485,Linux
31025500379,Power BI
31025500217,Excel
31025020138,SQL
31025019490,Python
31025019429,SQL
31025019429,Power BI
31025019429,Excel
31025019346,Python
31025019346,AWS
31025019346,Machine Learning
31025019346,Generative AI
31025018139,Cybersecurity
31025012871,Linux
31025012394,SQL
31025010733,Azure
31025009271,Power BI
31025008783,AWS
31025008783,Java
31025008431,Power BI
31025008431,Tableau
31025008035,Tableau
31025007558,Power BI
31025007558,Tableau
31025006338,AWS
31025002572,Python
31025002572,AWS
31025002572,Kubernetes
31025002572,Git
31025002556,Python
31025002556,AWS
31025002556,Kubernetes
31025002556,Git
30625023849,Spark
21025007763,Java
21025007739,Python
21025007739,NLP
21025007739,Java
21025007679,SQL
21025007679,Azure
20525016638,Excel
11025923055,Python
11025923055,Machine Learning
11025923051,Python
11025923051,Java
11025923051,JavaScript
11025923051,React
11025923047,Python
11025923047,AWS
11025923047,Azure
11025923047,GCP
11025923047,Java
11025923041,Python
11025923041,Machine Learning
11025923035,SQL
11025923035,Java
11025921464,Java
11025921458,SQL
11025921458,Java
11025921430,Python
11025921430,SQL
11025914183,Python
11025911670,SQL
11025503555,Machine Learning
11025502716,Git
11025502716,JavaScript
11025502374,JavaScript
11025502371,Python
11025502371,Power BI
11025502371,Azure
11025502370,Python
11025502370,Tableau
11025502369,Excel
11025502368,Power BI
11025501738,SQL
11025501484,Linux
11025501316,Excel
11025500949,Excel
11025500006,SQL
11025500006,Machine Learning
11025022981,SQL
11025022703,Power BI
11025022703,Tableau
11025022261,Python
11025022261,Java
11025021727,Python
11025021727,SQL
11025017078,Power BI
11025017078,Tableau
11025012319,SQL
11025009198,JavaScript
11025009198,React
10825030837,Java
300925504166,Java
300925022914,Power BI
300925022914,Excel
300925021628,Power BI
300925018586,Excel
300925016265,Python
300925016265,SQL
300925016265,Power BI
290925912676,Python
290925912676,JavaScript
270925011799,Docker
270925011799,Kubernetes
270925011799,JavaScript
270925006969,Excel
270925006017,Git
260925927867,Python
260925927867,SQL
260925927867,Azure
260925927867,Spark
260925927862,Python
260925927862,Azure
260925927862,Spark
260925927862,Databricks
260925924193,SQL
260925924193,Azure
260925924193,JavaScript
260925920830,SQL
260925920830,Azure
260925920440,SQL
260925920440,Java
260925919988,Power BI
260925919988,Tableau
260925919988,Azure
260925919942,Azure
260925919942,Spark
260925919942,Databricks
260925919872,Power BI
260925919872,AWS
260925919872,Azure
260925919867,Java
260925919534,Python
260925919416,SQL
260925501898,Python
260925501898,SQL
260925501898,Machine Learning
260925501881,Machine Learning
260925501468,Python
260925501468,SQL
260925501468,GCP
260925501468,Machine Learning
260925501420,Machine Learning
260925500876,Machine Learning
260925500876,Git
260925500876,Linux
260925016622,Python
260925016622,Machine Learning
260925015145,AWS
260925015145,Java
250925930289,Python
250925930289,SQL
250925930289,Power BI
250925930289,Tableau
250925930284,Python
250925930284,SQL
250925928295,Excel
250925928291,Power BI
250925928291,Excel
250925917832,Python
250925917832,AWS
250925917832,Azure
250925917832,NLP
250925917830,Python
250925917830,JavaScript
250925916254,Python
250925916254,Machine Learning
250925916254,Java
250925916243,SQL
250925916242,Python
250925916242,AWS
250925916242,Java
250925916242,JavaScript
250925914972,Python
250925914972,SQL
250925914967,Python
250925914967,SQL
250925914967,Spark
250925914596,SQL
250925914595,JavaScript
250925914592,SQL
250925914592,Java
250925914590,Java
250925914590,JavaScript
250925914589,Java
250925914587,Python
250925914587,AWS
250925914587,JavaScript
250925914585,SQL
250925914585,Java
250925914580,Python
250925914580,AWS
250925914580,Java
250925914576,React
250925914574,Java
250925914572,Python
250925914572,SQL
250925914570,Python
250925914567,Python
250925914567,SQL
250925914558,Python
250925914557,Kubernetes
250925914557,Java
250925913773,Azure
250925913770,Python
250925913770,SQL
250925912450,Python
250925912450,SQL
250925912446,Python
250925912446,SQL
250925912446,Spark
250925911601,Python
250925911595,Python
250925911595,AWS
250925911595,Java
250925911595,JavaScript
250925911391,Python
250925911377,Python
250925911377,AWS
250925911377,Azure
250925911377,GCP
250925911377,Kubernetes
250925911377,Java
250925911376,Python
250925911376,SQL
250925911376,Tableau
250925911376,AWS
250925911134,Python
250925911134,AWS
250925911130,SQL
250925901203,Python
250925901203,Git
250925507714,Excel
250925507640,SQL
250925507640,Machine Learning
250925507640,NLP
250925501631,AWS
250925501631,Git
250925501572,JavaScript
250925021633,AWS
250925021633,Kubernetes
250925021633,Java
250925019769,Docker
250925019769,Kubernetes
250925019769,Java
250925015233,Docker
250925015233,Kubernetes
250925015233,Java
250925011326,Python
250925011326,Machine Learning
250925011326,Deep Learning
250925011326,NLP
250925010982,Java
250925001297,JavaScript
250925001297,React
240925934841,Python
240925932703,Git
240925932703,Java
240925927386,SQL
240925923793,Java
240925502642,Java
240925027433,Git
240925017071,Python
240925017071,SQL
240925017071,Tableau
240925011164,Python
240925011164,SQL
240925011164,Linux
240925009230,Java
240925009180,SQL
240925009180,Spark
240925009180,Java
230925935942,SQL
230925935942,Power BI
230925935942,Tableau
230925935937,Python
230925935937,SQL
230925935937,Spark
230925931588,Python
230925931588,Java
230925925499,AWS
230925925499,Kubernetes
230925918359,Python
230925918359,JavaScript
230925913517,Python
230925913517,Git
230925913513,SQL
230925913512,SQL
230925913512,AWS
230925913512,Java
230925913100,Python
230925913100,AWS
230925507071,AWS
230925507071,Git
230925506455,SQL
230925506042,Power BI
230925505985,Excel
230925504507,Java
230925503727,Machine Learning
230925502873,Excel
230925500855,Git
230925025324,Azure
230925025324,Git
230925021759,AWS
230925021759,Java
230925018721,Python
230925018721,AWS
230925018721,Azure
230925018721,GCP
230925018721,Spark
230925018216,Python
230925018216,AWS
230925018216,Spark
230925003214,Python
230925003214,SQL
230425019394,SQL
230425019394,JavaScript
200925011390,JavaScript
190925035881,SQL
190925035881,Azure
190925035881,React
190925023770,AWS
190925023770,Docker
180925032653,Excel
180625018216,React
170325002417,Docker
170325002417,Java
160925017016,Excel
140525023287,Python
140525023287,Machine Learning
140525023287,Docker
140525023287,Kubernetes
130825026627,SQL
110725031735,AWS
110725031735,Java
110725031735,React
80324005284,Python
80324005284,Machine Learning
80324005284,Docker
80324005284,Kubernetes
31025915157,SQL
31025915157,Azure
31025915157,Java
31025915157,React
31025910783,Python
31025910783,SQL
31025910783,Tableau
31025910781,Docker
31025910780,Java
31025910779,Java
31025910776,Python
31025910774,AWS
31025910774,Docker
31025910774,Kubernetes
31025910769,Python
31025910768,Python
31025910767,Python
31025910767,Java
31025910766,Python
31025910763,Python
31025910763,AWS
31025910762,Python
31025910762,SQL
31025910761,Python
31025910761,Java
31025910758,Python
31025910758,Java
31025910758,JavaScript
31025910757,Git
31025910757,Linux
31025910756,SQL
31025910756,JavaScript
31025910755,Tableau
31025910754,Java
31025910753,SQL
31025910753,JavaScript
31025910752,Cybersecurity
31025910750,SQL
31025910750,JavaScript
31025910749,Python
31025909969,Python
31025909969,Java
31025909969,JavaScript
31025909967,Python
31025909953,Python
31025909946,Python
31025909946,SQL
31025909946,Azure
31025909946,Databricks
31025909894,Linux
31025909886,Python
31025909886,Machine Learning
31025909886,Kubernetes
31025909850,Power BI
31025909850,Tableau
31025909807,Python
31025909807,SQL
31025909796,SQL
31025909791,SQL
31025909791,Azure
31025909773,SQL
31025909773,JavaScript
31025909742,Python
31025909742,SQL
31025909742,Tableau
31025909728,SQL
31025909728,JavaScript
31025909689,Python
31025909689,SQL
31025909689,Tableau
31025909686,Python
31025909686,Azure
31025909686,NLP
31025909681,Java
31025909670,Git
31025909656,Python
31025909656,Azure
31025909656,Java
31025909656,JavaScript
31025909644,Java
31025909640,Java
31025909639,Python
31025909639,Machine Learning
31025909639,Deep Learning
31025909639,Kubernetes
31025909627,Python
31025909623,Python
31025909623,Machine Learning
31025909571,Python
31025909571,Machine Learning
31025909557,Python
31025909557,SQL
31025909557,Tableau
31025909556,JavaScript
31025909554,Cybersecurity
31025909551,JavaScript
31025909545,Python
31025909545,Java
31025909545,JavaScript
31025909541,Java
31025909532,Python
31025909532,SQL
31025909532,Power BI
31025909532,Tableau
31025909530,Java
31025909529,Git
31025909525,JavaScript
31025909521,Python
31025909519,SQL
31025909517,JavaScript
31025909516,Python
31025909516,AWS
31025909515,Power BI
31025909515,Tableau
31025909514,Python
31025909514,Java
31025909513,Python
31025909513,Machine Learning
31025909511,AWS
31025909511,Docker
31025908748,SQL
31025908748,Power BI
31025908748,Tableau
31025908746,JavaScript
31025908746,React
31025908745,Python
31025908745,SQL
31025908744,Python
31025908743,Git
31025908742,Python
31025908742,AWS
31025908741,Python
31025908740,JavaScript
31025908739,SQL
31025908739,Power BI
31025908738,Kubernetes
31025908738,Java
31025908737,Python
31025908737,Azure
31025908737,Databricks
31025908737,Kubernetes
31025908731,Python
31025908731,AWS
31025908730,JavaScript
31025908729,Python
31025908729,AWS
31025908729,Kubernetes
31025908726,Java
31025908724,Python
31025908724,Machine Learning
31025908723,Python
31025908723,Machine Learning
31025908720,Python
31025908720,Java
31025908720,JavaScript
31025908720,React
31025908719,Python
31025908719,SQL
31025908719,Azure
31025908719,Spark
31025908719,Git
31025908718,SQL
31025908718,Power BI
31025908718,Tableau
31025908717,Python
31025908714,Power BI
31025908714,Tableau
31025908713,Python
31025908713,Machine Learning
31025908712,Python
31025908711,Azure
31025908706,AWS
31025908706,Docker
31025908706,Kubernetes
31025908705,JavaScript
31025908700,Python
31025908700,Java
31025908700,JavaScript
31025908697,Git
31025908696,Python
31025908695,Python
31025908695,SQL
31025908688,Python
31025908688,Machine Learning
31025908687,AWS
31025908687,GCP
31025908675,SQL
31025908673,JavaScript
31025908569,Python
31025908569,AWS
31025503015,Git
31025502938,Python
31025502938,SQL
31025502938,JavaScript
31025502937,SQL
31025502928,Linux
31025501253,Python
31025501253,Machine Learning
31025501253,NLP
31025020340,Python
31025020340,SQL
31025013170,SQL
31025008559,JavaScript
31025007590,SQL
31025007231,Python
31025007231,AWS
31025007231,Spark
31025004253,Java
21025009009,Python
21025009008,Python
11025923056,React
11025923049,Python
11025923045,Java
11025921476,Java
11025921475,Python
11025921475,SQL
11025921475,Tableau
11025921466,SQL
11025921455,Python
11025921446,SQL
11025921446,JavaScript
11025921445,Python
11025921445,SQL
11025921443,Python
11025921443,Java
11025921443,JavaScript
11025921443,React
11025921442,React
11025921441,Python
11025921441,Java
11025921441,JavaScript
11025921441,React
11025921437,JavaScript
11025921437,React
11025921431,SQL
11025921429,Java
11025921428,Python
11025921428,SQL
11025921426,Python
11025921426,Machine Learning
11025921418,Python
11025921418,Azure
11025921418,Machine Learning
11025921418,Deep Learning
11025921417,Cybersecurity
11025921414,Java
11025921413,JavaScript
11025921413,React
11025921411,Python
11025921411,Azure
11025921411,Git
11025921411,Java
11025920721,Cybersecurity
11025920580,Python
11025920580,Machine Learning
11025920580,Kubernetes
11025503819,Python
11025503775,SQL
11025503775,JavaScript
11025503765,Git
11025502176,SQL
11025502176,Docker
11025502176,Git
11025502176,Java
11025501705,Git
11025501705,Java
11025501705,Linux
11025501226,Java
11025022206,Kubernetes
11025022206,Linux
11025020178,Kubernetes
11025019908,Kubernetes
11025018103,SQL
11025014086,Python
11025014086,Java
11025014086,Linux
11025013857,Docker
11025013857,Kubernetes
11025000070,Python
11025000070,Spark
11025000070,Java
10925014891,JavaScript
10825015812,Azure
10825015812,Docker
10825015812,Kubernetes
290925503217,AWS
290925503217,GCP
250925913779,Python
250925913779,NLP
250925912453,Python
250925911597,Python
250925911597,Tableau
240925019025,Excel
230925935952,Python
230925935952,SQL
230925935952,Kubernetes
230925935948,SQL
230925935948,Excel
230925506952,SQL
230925506481,Excel
230925506137,SQL
230925504735,Python
230925504735,Power BI
290925013463,Python
260925030297,SQL
250925509338,Linux
250925036824,Azure
250925020798,AWS
250925020798,Azure
250925020798,Java
250925020769,Python
250925020769,Azure
250925020769,Machine Learning
250925020769,Generative AI
250925017360,Python
250925017360,Spark
250925014896,Python
250925014896,SQL
250925014896,Spark
250925014896,Databricks
250925000106,Linux
240925928866,JavaScript
290925926661,Excel
250925021869,Python
250925021869,AWS
250925021869,Java
240925019220,SQL
230925010525,Python
230925010525,Azure
30925034885,Tableau
30925034885,Excel
290925001658,SQL
290925000066,Java
260925028706,Python
260925028706,SQL
260925025803,AWS
260925025803,JavaScript
260925013185,AWS
260925013185,Azure
250925931024,Java
250925929462,Python
250925929334,Python
250925929334,Kubernetes
250925929334,Linux
250925028481,SQL
250925028481,Azure
250925018047,Azure
250925018047,React
250925016355,SQL
250925016325,SQL
250925016291,SQL
250925016215,SQL
240925027530,Excel
240925022569,Python
240925022569,Java
240925022569,React
240925022512,SQL
240925022512,AWS
240925022512,Azure
240925022512,JavaScript
240925014886,Python
240925014886,SQL
240925014886,AWS
240925014886,Spark
240925014794,Python
240925014794,AWS
240925014794,Spark
240925014729,Python
240925014729,Machine Learning
240925014729,Deep Learning
240925009159,AWS
240925009159,Azure
240925009159,GCP
240925009159,Java
230925505218,Linux
230925501170,Power BI
230925023735,Excel
230925019620,Python
230925019620,AWS
230325001312,SQL
250925032724,AWS
250925032724,Linux
250925010616,Linux
240925028332,Machine Learning
240925028332,NLP
240925028202,Machine Learning
240925028202,NLP
230925012668,Cybersecurity
260325009402,SQL
240925036168,SQL
240925036168,AWS
240925023778,SQL
240925023778,Power BI
240925021739,Python
240925021739,AWS
240925021739,Spark
240925018784,Machine Learning
240925018784,NLP
240525017365,Azure
240525017365,Databricks
240525017358,Azure
240525017358,Databricks
200825031055,SQL
200625026409,GCP
80925004760,Power BI
31025919034,Docker
31025919034,Git
31025919034,JavaScript
31025919033,SQL
31025919033,Azure
31025919033,Git
31025018192,Excel
31025017620,SQL
31025017620,Linux
31025017487,AWS
31025017487,Java
31025017445,Spark
31025017445,Databricks
31025017445,Machine Learning
31025017198,JavaScript
31025017198,React
31025016486,Python
31025016486,SQL
31025014693,Java
31025009446,SQL
31025009446,JavaScript
31025008297,SQL
31025008297,JavaScript
31025007387,Kubernetes
31025007094,SQL
31025007094,Java
31025005138,Python
31025005138,AWS
31025005138,Spark
31025003358,Python
31025003358,Java
31025003358,React
20625011047,Azure
20625011047,Spark
20625011047,Databricks
11025918635,Python
11025918635,SQL
11025918635,Machine Learning
11025918583,Python
11025918583,SQL
11025918583,Spark
11025918573,SQL
11025918573,Excel
11025918566,Python
11025918566,SQL
11025911930,AWS
11025911930,Git
11025911930,JavaScript
11025911929,Azure
11025910165,JavaScript
11025023772,Python
11025023772,Java
11025017677,Java
11025016685,SQL
11025016685,Git
11025016685,Java
11025013798,Java
11025012456,SQL
11025011541,Python
11025011360,SQL
11025011360,Linux
11025010765,Python
11025010765,SQL
11025010765,Azure
11025010765,Databricks
11025010234,Generative AI
11025009314,Python
11025009314,SQL
11025009314,Machine Learning
11025009314,Deep Learning
11025009314,NLP
10925021410,Spark
240925029138,Java
240925029138,React
240925029124,Java
240925029124,React
240925029105,Java
240925029105,React
240925028968,AWS
240925028968,JavaScript
240925028968,React
240925028939,AWS
240925028939,JavaScript
240925028939,React
240925028902,AWS
240925028902,JavaScript
240925028902,React
240925023856,Python
240925023856,Machine Learning
240925020542,AWS
240925020542,Linux
31025009268,SQL
31025009268,AWS
31025009065,AWS
31025006959,Python
31025006849,Java
31025006849,JavaScript
31025006784,JavaScript
31025005476,AWS
31025005476,Java
31025005476,JavaScript
31025003288,SQL
11025918569,SQL
11025918569,Excel
11025918562,SQL
11025918562,Excel
11025915242,Python
11025915242,SQL
11025915242,Git
11025023367,SQL
11025020097,GCP
11025020097,Spark
11025014664,Spark
11025014664,Java
11025014333,Machine Learning
11025014333,Generative AI
11025013293,SQL
11025013293,Azure
11025010285,Python
11025010285,Generative AI
11025010068,JavaScript
11025010068,React
11025009359,JavaScript
250225010324,Python
250225010324,SQL
240925036215,SQL
230925025565,Java
180925022155,Spark
180925022155,NLP
180925022155,Generative AI
130525009621,Azure
31025012640,Python
31025012640,SQL
31025012640,AWS
31025012640,Azure
31025012640,Spark
31025009220,Git
31025006958,Java
31025006082,AWS
31025006082,Java
31025001914,Java
21025007975,SQL
21025007975,Azure
21025007975,Databricks
11025915241,Python
11025915241,Git
11025009304,Azure
11025001126,Python
11025000302,Java
11025000295,Java
300925505007,GCP
300925505007,Machine Learning
300925029436,SQL
300925029436,Java
300925029394,SQL
300925029394,Java
300925023100,Excel
300925018196,Excel
300724017295,Java
300425022998,Machine Learning
300425022998,NLP
300425022998,Generative AI
290925501251,SQL
290925501251,Power BI
290825027884,Generative AI
270325017673,Docker
270325017673,Linux
260925504551,SQL
260925502142,Java
260925031536,Python
260925030271,Java
260925025255,Excel
260825003322,Python
250925908411,Python
250925908411,Machine Learning
250925908411,Kubernetes
250925908408,Machine Learning
250925908349,Python
250925908349,SQL
250925908349,Power BI
250925908349,Tableau
250925908348,Python
250925908348,Machine Learning
250925908348,Cybersecurity
250925901611,AWS
250925901611,Azure
250925901609,Azure
250925508497,Linux
250925500863,Git
250925035388,Java
250925031152,Python
250925031152,Machine Learning
250925031152,NLP
250925018103,Java
250925017791,Java
250925017678,GCP
250925017566,AWS
250925017566,Java
250925016951,React
250925011558,Docker
250925011558,Java
250825011897,GCP
250825011180,Java
240925923792,Machine Learning
240925506700,SQL
240925506700,Git
240925506700,JavaScript
240925506225,Machine Learning
240925506141,Git
240925506141,Linux
240925502504,SQL
240925501604,JavaScript
240925017773,Python
240925017773,JavaScript
240925017773,React
240925012307,Azure
240925012307,Kubernetes
240925012307,Git
230925505644,SQL
230925504938,Python
230925503678,Git
230925503678,Java
230925503677,Git
230925503677,Java
230925503676,Machine Learning
230925503675,Linux
230925503673,Machine Learning
230925500094,Excel
230425023970,AWS
190925013455,SQL
190925013455,GCP
180825023837,React
150825011088,Python
150825011053,GCP
150725016740,Python
150725016740,AWS
150725016740,Azure
150725016740,Docker
150725016740,Kubernetes
140825024494,SQL
110925012676,SQL
110925012676,JavaScript
100724008355,SQL
100724008355,Azure
80425025468,SQL
40925023696,SQL
40925023696,Java
40925023696,Linux
31025916207,Azure
31025916207,Spark
31025916207,Databricks
31025916199,Java
31025916199,JavaScript
31025916199,React
31025916174,JavaScript
31025916174,React
31025915173,Java
31025912222,Python
31025912222,Java
31025910114,Python
31025910114,Power BI
31025910114,Excel
31025502960,JavaScript
31025502498,SQL
31025502440,Machine Learning
31025502356,SQL
31025502129,JavaScript
31025502062,SQL
31025502061,Azure
31025502060,JavaScript
31025501552,Java
31025501458,Python
31025501458,SQL
31025500971,GCP
31025500871,Git
31025500844,SQL
31025500820,Git
31025500820,JavaScript
31025500798,AWS
31025500798,GCP
31025500790,GCP
31025500790,Linux
31025500783,Linux
31025500760,JavaScript
31025500720,SQL
31025500708,Excel
31025500467,JavaScript
31025500466,JavaScript
31025020168,Python
31025020168,SQL
31025019893,Docker
31025019893,Kubernetes
31025019751,Azure
31025019386,SQL
31025019386,AWS
31025019386,GCP
31025019386,Java
31025017661,Docker
31025017661,Kubernetes
31025017661,JavaScript
31025017494,JavaScript
31025017494,React
31025017474,Python
31025017474,Machine Learning
31025017474,NLP
31025017474,Generative AI
31025015748,Linux
31025015579,Excel
31025013639,Spark
31025013618,Java
31025013202,Java
31025013202,React
31025012602,Java
31025011782,Python
31025011782,Power BI
31025011499,Cybersecurity
31025011465,React
31025010741,Java
31025010698,JavaScript
31025010698,React
31025008161,SQL
31025008161,JavaScript
31025008161,React
31025007843,Python
31025007843,AWS
31025007843,Docker
31025007488,Azure
31025007488,Docker
31025007245,SQL
31025007245,Power BI
31025006278,Python
31025006278,GCP
31025006278,Spark
31025005871,JavaScript
31025005331,Python
31025005331,Java
31025004562,JavaScript
31025004226,Python
31025004226,Git
31025003646,SQL
31025003646,AWS
31025003646,Azure
31025003646,Java
31025001476,Java
30725016442,Java
21025009323,Cybersecurity
21025009251,Excel
21025007842,Azure
21025007842,Docker
21025007842,Kubernetes
21025007754,AWS
21025007089,JavaScript
21025007089,React
21025005720,AWS
20725014851,SQL
11025918853,Linux
11025918840,Azure
11025914204,SQL
11025913718,Kubernetes
11025913718,Java
11025913364,Kubernetes
11025913364,Java
11025913362,Java
11025913362,JavaScript
11025913164,Linux
11025913163,Java
11025913163,JavaScript
11025912743,AWS
11025912743,Azure
11025912743,GCP
11025911950,SQL
11025909246,Java
11025504020,React
11025504018,JavaScript
11025503951,SQL
11025503842,SQL
11025503842,Tableau
11025503841,Python
11025503841,AWS
11025503841,GCP
11025503757,Linux
11025503217,Java
11025503142,Git
11025503142,JavaScript
11025503123,JavaScript
11025502869,SQL
11025502867,SQL
11025502867,JavaScript
11025502866,SQL
11025502866,JavaScript
11025502761,SQL
11025502635,JavaScript
11025502615,Git
11025502603,SQL
11025502603,JavaScript
11025502503,Docker
11025502503,React
11025502477,Azure
11025502477,GCP
11025502477,Docker
11025502477,Kubernetes
11025502463,SQL
11025502463,AWS
11025502463,Docker
11025502463,Kubernetes
11025502461,SQL
11025502461,AWS
11025502461,Docker
11025502461,Kubernetes
11025502430,SQL
11025502412,Excel
11025502276,JavaScript
11025502253,Python
11025502253,Machine Learning
11025502253,Deep Learning
11025502253,NLP
11025502082,Python
11025502082,SQL
11025502082,Azure
11025501766,Python
11025501655,GCP
11025501655,Git
11025501631,SQL
11025501578,Git
11025501330,Linux
11025501324,JavaScript
11025501277,Machine Learning
11025501182,Java
11025500887,Excel
11025500754,Linux
11025500628,Machine Learning
11025500537,SQL
11025500536,SQL
11025500343,Java
11025500343,Linux
11025500099,JavaScript
11025024347,SQL
11025024347,Java
11025023496,Power BI
11025023496,Excel
11025023275,Docker
11025023275,Git
11025022556,Power BI
11025022556,Excel
11025022477,Python
11025022477,Azure
11025022477,Docker
11025022477,Kubernetes
11025022477,Linux
11025022220,SQL
11025022220,Git
11025022220,Java
11025022111,SQL
11025022111,Java
11025022111,JavaScript
11025022111,React
11025021561,SQL
11025021561,Azure
11025020922,Java
11025020165,Power BI
11025018683,JavaScript
11025018595,Power BI
11025017679,AWS
11025016989,Python
11025016980,Python
11025016980,SQL
11025016980,Power BI
11025016980,Generative AI
11025016505,SQL
11025016505,AWS
11025016505,Azure
11025016505,GCP
11025016244,Python
11025016244,SQL
11025016244,Power BI
11025016244,Tableau
11025016244,Excel
11025015943,Docker
11025015943,Java
11025015892,SQL
11025015892,Linux
11025015775,Java
11025015767,Java
11025015604,Linux
11025015170,Java
11025015170,Linux
11025015114,SQL
11025014430,SQL
11025014430,JavaScript
11025014430,React
11025014150,Tableau
11025013866,SQL
11025013866,Tableau
11025013311,Power BI
11025013311,Java
11025013137,SQL
11025013137,Azure
11025013137,Java
11025013090,SQL
11025013090,Azure
11025013090,Java
11025011856,Python
11025011856,Git
11025011706,AWS
11025011430,Java
11025010957,SQL
11025010181,Azure
11025009564,Excel
11025009499,AWS
11025009499,Azure
11025009499,Kubernetes
11025000042,AWS
11025000042,Docker
11025000042,Kubernetes
270925009702,Machine Learning
240925506695,Linux
230925917607,Python
11025009599,SQL
11025009599,Azure
31025005622,Cybersecurity
290925901811,Git
290925901811,Java
260925929409,Git
260925929409,Java
260925919962,SQL
40825009426,AWS
300925923694,Python
300925914114,Excel
300925503970,Machine Learning
300925019091,Excel
300925012807,SQL
300925012292,SQL
300925011382,Java
300925010267,AWS
300925010267,Docker
290925917477,JavaScript
290925502642,Machine Learning
290925012742,Python
290925012742,Machine Learning
290925008691,Java
290925005033,Cybersecurity
290925003492,Python
270925006193,Cybersecurity
270925006185,Python
270925006185,AWS
270925006185,Java
270925005919,SQL
270925005919,AWS
270925005919,Java
270925005519,Azure
260925923681,JavaScript
260925923679,JavaScript
260925921664,JavaScript
260925921662,JavaScript
260925915599,Python
260925914173,Python
260925914173,Azure
260925914173,Kubernetes
260925910874,Python
260925909342,JavaScript
260925909315,JavaScript
260925909313,JavaScript
260925030161,Java
260925024479,Excel
260925021375,AWS
250925020598,Machine Learning
130925006300,AWS
110625028015,SQL
110625028015,Tableau
100925017465,AWS
100925017465,Azure
100925017465,GCP
90925012621,Python
90925012621,SQL
90925012621,Azure
90925012621,Spark
40523005327,Python
40523005327,SQL
40523005327,Azure
40523005327,Spark
40523005327,Databricks
300925029788,Java
300925026295,SQL
300925026210,Java
300925025982,Python
300925025982,AWS
300925025982,Git
300925025982,Java
300925025982,React
300925023602,Python
300925023602,SQL
300925021858,Python
300925021858,AWS
300925021858,Java
300925021858,React
300925013657,SQL
300925013657,Java
300925012240,Java
290925915106,Machine Learning
290925915106,Deep Learning
290925915106,Docker
290925914934,Azure
290925914934,GCP
290925914934,Docker
290925901821,JavaScript
290925010813,Python
290925010813,React
290925008363,Azure
270925006043,Azure
260925912803,SQL
260925027157,Kubernetes
260925021630,Python
260925021630,SQL
260925021630,AWS
260925021630,Generative AI
260925015301,Azure
250425007052,Cybersecurity
200625019927,Machine Learning
200625019927,Deep Learning
90825009927,Python
90825009927,AWS
90825009927,Kubernetes
60925009421,Python
31025018549,SQL
300925924175,Excel
300925923697,Git
300925913796,AWS
300925913796,Azure
300925913796,GCP
300925913796,Kubernetes
300925912112,AWS
300925912112,Azure
300925912112,GCP
300925912112,Kubernetes
300925504961,SQL
300925504799,Excel
300925504764,Excel
300925504712,Git
300925504712,JavaScript
300925504561,Excel
300925504403,JavaScript
300925504330,JavaScript
300925504319,Excel
300925503832,JavaScript
300925503830,JavaScript
300925502637,Spark
300925502508,Git
300925502508,JavaScript
300925502507,GCP
300925502506,Git
300925502505,GCP
300925500847,SQL
300925500819,Linux
300925500650,Git
300925500597,GCP
300925500597,Machine Learning
300925500597,NLP
300925500597,Git
300925500559,Linux
300925500306,GCP
300925500306,Git
300925500304,SQL
300925500303,SQL
300925500303,GCP
300925500303,Machine Learning
300925500302,JavaScript
300925500301,GCP
300925500301,Machine Learning
300925500300,Git
300925030344,Excel
300925028309,Azure
300925028244,Cybersecurity
300925028234,Machine Learning
300925025393,Excel
300925025346,Azure
300925025346,Kubernetes
300925024956,Linux
300925020477,SQL
300925014924,SQL
300925014924,Java
300925013804,SQL
300925012524,AWS
300925011923,Java
300925010863,Azure
300925010863,GCP
300925010863,Docker
300925010844,Java
291123009920,Git
291123009920,Java
290925920931,SQL
290925920931,Azure
290925919566,Python
290925914401,Cybersecurity
290925914386,JavaScript
290925914386,React
290925914027,JavaScript
290925914002,Java
290925914002,React
290925912839,JavaScript
290925904335,Linux
290925903661,Azure
290925903661,GCP
290925903661,Kubernetes
290925903659,Python
290925903659,Azure
290925903659,Machine Learning
290925903659,Deep Learning
290925903659,Generative AI
290925903050,Azure
290925903050,Git
290925902978,Python
290925902978,Linux
290925902347,SQL
290925901449,Cybersecurity
290925503318,GCP
290925503278,Excel
290925503233,Machine Learning
290925503098,JavaScript
290925502848,JavaScript
290925502840,SQL
290925502840,Docker
290925502582,Python
290925502582,Machine Learning
290925502582,NLP
290925502494,JavaScript
290925502129,SQL
290925502129,GCP
290925501849,Kubernetes
290925501846,SQL
290925501776,Linux
290925501673,SQL
290925501354,SQL
290925501354,Git
290925501354,Java
290925501353,Python
290925501352,Python
290925501331,GCP
290925501331,Docker
290925501331,Kubernetes
290925501331,Git
290925500774,Git
290925500554,Excel
290925500552,Excel
290925500511,Excel
290925020496,Excel
290925020358,Excel
290925020351,SQL
290925020351,AWS
290925020351,Docker
290925020351,Java
290925019744,SQL
290925019031,Linux
290925018904,JavaScript
290925018904,React
290925018854,Java
290925018676,JavaScript
290925018676,React
290925018514,Excel
290925013193,SQL
290925013171,Excel
290925013053,SQL
290925012851,Excel
290925012286,Cybersecurity
290925011065,GCP
290925011065,Docker
290925011065,Git
290925010726,Python
290925010726,SQL
290925010679,Git
290925006710,Cybersecurity
290925004654,Git
290925004654,Java
290925004518,Cybersecurity
290925004052,SQL
290925004052,Power BI
290925004052,Tableau
290925004052,Excel
290925003993,SQL
290925003993,Power BI
290925003993,Tableau
290925003993,Excel
290925003432,Python
290925003432,Azure
290925003432,NLP
290925003188,Docker
290925003188,Kubernetes
290925003188,Linux
290925002947,Python
290925002947,Azure
290925002947,Machine Learning
290925002947,NLP
270925011565,Cybersecurity
270925006929,JavaScript
270925006570,Excel
270925006419,Excel
270925006056,Git
270925006056,JavaScript
270925006056,React
270925005590,Java
270825022046,Excel
270825021886,SQL
270825021886,Excel
260925931019,Excel
260925929358,NLP
260925928091,Azure
260925925649,Azure
260925925649,React
260925922969,Python
260925922969,Linux
260925919948,Kubernetes
260925919948,JavaScript
260925919506,SQL
260925919506,JavaScript
260925919400,Azure
260925919400,Kubernetes
260925919084,Azure
260925919078,Python
260925916595,JavaScript
260925916595,React
260925915749,Python
260925915749,SQL
260925915627,Java
260925915627,JavaScript
260925915604,JavaScript
260925915604,React
260925915590,Python
260925915590,Azure
260925915134,SQL
260925915134,Docker
260925915134,Git
260925915090,Java
260925915090,JavaScript
260925915090,React
260925914291,SQL
260925914291,React
260925914266,Java
260925914206,Java
260925914198,Java
260925913160,Azure
260925913160,Git
260925913160,Java
260925911732,SQL
260925910298,SQL
260925910298,JavaScript
260925504406,Power BI
260925504404,Python
260925504404,SQL
260925504404,JavaScript
260925504369,JavaScript
260925504283,Linux
260925502542,Python
260925502536,Python
260925502536,SQL
260925502536,Power BI
260925502536,Excel
260925502497,Python
260925502497,Azure
260925502497,Kubernetes
260925502464,Azure
260925502463,Excel
260925502048,GCP
260925502048,Java
260925502048,React
260925502032,SQL
260925502032,Java
260925501331,Linux
260925501329,Linux
260925501097,Linux
260925501036,GCP
260925501036,Git
260925500855,Linux
260925500788,JavaScript
260925500460,Java
260925031456,SQL
260925027734,Java
260925026312,Python
260925025973,Excel
260925024699,Java
260925024086,Cybersecurity
260925023170,Python
260925018366,Java
260925017912,Java
260925013363,Excel
250925509741,Excel
250925507926,Python
250925507926,Machine Learning
250925507926,NLP
250925035571,Excel
250925016568,Excel
250925011871,Excel
250925006160,Excel
250925002023,Excel
250325909032,SQL
240925919107,GCP
240925507096,JavaScript
240925501135,JavaScript
240925031262,Excel
240925025024,Python
240925018814,Excel
230925507889,React
230925507789,JavaScript
230925507734,Excel
230925507734,Java
230925012264,JavaScript
230925012264,React
220925028493,SQL
201224016880,AWS
180925029317,Python
180925029317,React
180925028640,Python
180925028640,React
180925025119,GCP
180925025119,JavaScript
180925025119,React
180925017667,Java
170625018529,Git
140825015925,Azure
130825033131,Excel
121124911650,SQL
120925018279,Java
120825029314,GCP
120825029314,JavaScript
70825015359,Python
60825015669,Machine Learning
60525012737,SQL
60525012737,React
31025019675,SQL
31025019675,Azure
31025019324,Java
31025019009,SQL
31025018955,Excel
31025018295,SQL
31025013706,Excel
31025013697,Excel
31025013193,Cybersecurity
31025012818,Python
31025012818,AWS
31025012121,Excel
31025011024,Python
31025011024,AWS
31025011024,React
31025006969,Python
31025006969,JavaScript
31025004121,JavaScript
31025003124,Python
31025003124,SQL
30925034224,Java
30925032115,Power BI
20925010808,Java
11025918078,Excel
11025024250,Git
11025023117,Cybersecurity
11025019775,Excel
11025014681,Excel
11025014256,Excel
11025013588,Linux
11025013584,AWS
11025013584,GCP
11025011398,Excel
11025010958,Excel
11025009866,Python
11025009866,SQL
11025000288,SQL
290925918565,Java
290925918565,JavaScript
290925502411,Linux
290925502218,SQL
290925502218,Machine Learning
290925501927,Linux
260925504371,JavaScript
260925501035,GCP
260925501035,Git
260925012364,SQL
230925020977,Excel
230925020579,Excel
260925504598,Git
260925504598,JavaScript
260925504473,JavaScript
260925504472,Git
260925504472,JavaScript
260925501130,Excel
260925501129,JavaScript
260925501128,GCP
260925501128,Machine Learning
260925501126,Git
260925501126,JavaScript
250925932325,Python
250925932325,GCP
250925932325,Kubernetes
250925932214,AWS
250925932015,AWS
250925932015,Azure
250925932015,GCP
250925930359,Python
250925930359,Machine Learning
250925930359,Kubernetes
250925930226,Azure
250925930226,Kubernetes
250925929535,Linux
250925929516,Azure
250925929516,Kubernetes
250925929382,Python
250925929382,JavaScript
240925034466,Power BI
230925026698,Java
290925926679,Azure
290925926669,SQL
290925926666,Python
290925926666,NLP
290925018070,SQL
290925014371,Java
290925014371,React
290925001984,Docker
290925001984,Kubernetes
290925001984,Java
290825011502,AWS
280925004712,AWS
280925004712,Spark
280925000044,AWS
280925000044,Kubernetes
280825014392,Python
280825014392,SQL
270925008818,AWS
270925008818,Git
260925024609,Java
260925024609,JavaScript
260925024609,React
260925008517,Python
260925008517,Machine Learning
260925008517,NLP
260925008517,Generative AI
260925006423,Java
260925006423,React
250925932632,NLP
250925932632,Git
250925932631,Java
250925932631,JavaScript
250925932627,Azure
250925932627,React
250925932617,Python
250925932617,Azure
250925932616,Python
250925932616,Cybersecurity
250925932614,SQL
250925932614,GCP
250925932333,Azure
250925932328,Python
250925932328,Machine Learning
250925932328,Kubernetes
250925932327,Java
250925932263,GCP
250925932234,JavaScript
250925932234,React
250925932225,Java
250925932225,JavaScript
250925932224,Python
250925932224,SQL
250925932209,Python
250925932209,SQL
250925932195,Java
250925932189,Python
250925932189,AWS
250925932189,Docker
250925932189,Kubernetes
250925932189,Java
250925932173,SQL
250925932173,Azure
250925932173,Docker
250925932150,SQL
250925932150,Git
250925932146,Python
250925932146,Machine Learning
250925932146,Deep Learning
250925932146,NLP
250925932145,SQL
250925932145,Java
250925932136,Azure
250925932126,Azure
250925932126,Docker
250925932118,SQL
250925932118,Git
250925932115,Kubernetes
250925932115,Java
250925932110,Java
250925932089,Python
250925932089,AWS
250925932077,Python
250925932075,Java
250925932075,JavaScript
250925932058,Python
250925932031,SQL
250925932031,Azure
250925932026,Java
250925931999,Python
250925931999,NLP
250925931996,Python
250925931996,Kubernetes
250925931994,Cybersecurity
250925931950,Kubernetes
250925931950,Git
250925931948,Python
250925931948,SQL
250925931948,Power BI
250925931948,Tableau
250925931923,Cybersecurity
250925931921,SQL
250925931913,Python
250925931913,SQL
250925931913,Spark
250925931910,Java
250925931899,Java
250925931866,AWS
250925931866,GCP
250925931866,Java
250925931844,Python
250925931844,Java
250925931817,Java
250925931817,React
250925931812,Git
250925931812,JavaScript
250925931763,Python
250925931713,SQL
250925931713,Java
250925931693,Python
250925931688,Python
250925931688,SQL
250925931688,Spark
250925931682,Kubernetes
250925931678,Python
250925931665,SQL
250925931665,Spark
250925931665,Java
250925931661,Java
250925931661,React
250925931658,SQL
250925931658,Linux
250925931649,Python
250925931649,AWS
250925931649,Kubernetes
250925931647,Python
250925931642,Python
250925931642,SQL
250925931641,SQL
250925931641,Kubernetes
250925931641,Java
250925931640,Python
250925931640,Java
250925931620,Java
250925931620,JavaScript
250925931619,Python
250925931619,SQL
250925931619,Azure
250925931607,Python
250925931607,Azure
250925931607,Java
250925931607,Linux
250925931585,JavaScript
250925931583,Azure
250925931583,JavaScript
250925931568,Java
250925931549,JavaScript
250925931549,React
250925931199,Java
250925931199,React
250925931196,Git
250925931196,Java
250925931188,Azure
250925931188,Docker
250925931188,Kubernetes
250925931188,Java
250925931168,Kubernetes
250925931168,Java
250925931168,JavaScript
250925931153,Java
250925930624,Kubernetes
250925930624,Java
250925930618,Java
250925930618,JavaScript
250925930612,Java
250925930449,Azure
250925930449,React
250925930440,JavaScript
250925930440,Linux
250925930437,JavaScript
250925930437,React
250925930382,SQL
250925930382,Java
250925930381,SQL
250925930381,Azure
250925930378,Python
250925930378,SQL
250925930378,AWS
250925930378,Spark
250925930353,Java
250925930329,Azure
250925930329,Java
250925930325,SQL
250925930290,Python
250925930287,Kubernetes
250925930265,AWS
250925930265,Azure
250925930265,GCP
250925930265,Spark
250925930220,SQL
250925930220,Java
250925930220,JavaScript
250925930151,Machine Learning
250925930127,Java
250925930125,Python
250925930125,SQL
250925930124,Python
250925930124,AWS
250925930124,Azure
250925930124,Java
250925930124,JavaScript
250925930080,Kubernetes
250925930080,JavaScript
250925930077,SQL
250925930077,Kubernetes
250925929544,Python
250925929544,Java
250925929544,JavaScript
250925929532,SQL
250925929532,JavaScript
250925929528,Python
250925929528,SQL
250925929528,Java
250925929528,JavaScript
250925929524,Java
250925929524,JavaScript
250925929520,Git
250925929520,Java
250925929508,SQL
250925929508,React
250925929494,Python
250925929494,React
250925929493,Java
250925929479,JavaScript
250925929470,Python
250925929460,SQL
250925929459,React
250925929456,Java
250925929409,SQL
250925929409,AWS
250925929409,React
250925929401,Python
250925929401,SQL
250925929398,SQL
250925929398,Linux
250925929387,SQL
250925929352,SQL
250925929215,JavaScript
250925929214,Python
250925929214,SQL
250925929214,Java
250925929206,Python
250925928759,Python
250925928759,SQL
250925928757,Java
250925928547,Python
250925928547,SQL
250925928547,Docker
250925928547,Kubernetes
250925928545,Python
250925928545,SQL
250925928545,Spark
250925928543,Python
250925928543,JavaScript
250925928526,Docker
250925928526,Kubernetes
250925928509,Python
250925928508,Java
250925928506,AWS
250925928506,Kubernetes
250925928506,Java
250925928504,Python
250925928504,SQL
250925928504,AWS
250925928504,NLP
250925928503,Java
250925928502,Azure
250925928502,React
250925928460,Git
250925928022,AWS
250925928022,Java
250925928019,Java
250925927860,JavaScript
250925927857,Python
250925927857,AWS
250925927857,Docker
250925927857,Kubernetes
250925927857,Java
250925927847,Python
250925927844,Python
250925927844,AWS
250925927844,Spark
250925927844,Java
250925927839,Python
250925927839,Java
250925927837,Python
250925927837,GCP
250925927837,Java
250925927837,Cybersecurity
250925927835,JavaScript
250925927824,Azure
250925927819,JavaScript
250925927818,NLP
250925927818,Kubernetes
250925927818,Java
250925927814,React
250925927776,JavaScript
250925918741,Python
250925915469,Python
250925915469,AWS
250925915469,Azure
250925915469,GCP
250925915469,JavaScript
250925906213,Python
250925906213,Java
250925905851,JavaScript
250925020366,SQL
250925000139,Java
240925927994,Linux
240925505004,Linux
240925036037,Python
240925036037,Generative AI
240925033689,AWS
240925033689,Java
240925033689,React
240925032945,Docker
240925032945,Kubernetes
240925032945,Linux
240925028606,SQL
240925028606,Java
240925028447,Spark
240925028447,Java
240925025696,Python
240925025696,Azure
240925025696,JavaScript
240925025696,React
240925010884,SQL
240925010884,Tableau
240925007756,Kubernetes
240925007756,Java
230925934029,Python
230925934029,AWS
230925934029,Azure
230925934029,GCP
230925039032,SQL
230925039032,Azure
230925039032,GCP
230925034786,Java
230925034786,React
230925016384,Git
230925013907,Java
230925013798,AWS
230925013798,Java
230925013798,JavaScript
230925013654,AWS
230925013654,Java
230925013450,Java
200825024602,Azure
200825024602,Java
170325019854,Python
170325019854,SQL
170325019854,Power BI
170325019854,Tableau
80925034064,AWS
300925504791,Linux
300925504754,SQL
300925504754,Machine Learning
300925504754,NLP
300925504379,Git
300925504344,SQL
300925504147,Linux
300925503393,JavaScript
300925502746,Git
300925502746,JavaScript
300925502720,Machine Learning
300925502636,Excel
300925500513,Git
300925500513,Linux
300925500448,Excel
300925029555,Azure
300925028572,Tableau
300925028572,Excel
300925028200,Power BI
300925028200,Tableau
300925028200,Excel
300925027930,Power BI
300925027930,Tableau
300925026589,Java
300925021691,Java
300925021691,React
300925019640,NLP
300925019640,Generative AI
300925019640,Java
300925018940,Python
300925018940,Spark
300925018940,Kubernetes
300925018940,Java
300925017709,Java
300925012917,AWS
300925012917,Java
300925012917,React
300925010643,AWS
300925010643,Java
300925000140,Python
300925000140,AWS
300925000140,Git
300925000135,Python
300925000135,AWS
300925000135,Git
300625013793,SQL
290925926683,Java
290925926677,Java
290925926670,SQL
290925926670,Kubernetes
290925926670,Java
290925926670,JavaScript
290925926647,Python
290925926647,SQL
290925926647,Power BI
290925926647,Tableau
290925926647,NLP
290925926646,Python
290925926646,Power BI
290925926646,Tableau
290925912880,Python
290925912880,SQL
290925912880,Java
290925912878,Python
290925912878,Kubernetes
290925912878,Git
290925912459,Python
290925912459,SQL
290925912459,Tableau
290925911956,Java
290925904155,Tableau
290925904148,Spark
290925503566,Machine Learning
290925503203,Git
290925502377,Linux
290925500507,JavaScript
290925025952,AWS
290925025952,Java
290925019066,Excel
290925018844,Python
290925018844,Docker
290925018844,Kubernetes
290925018844,Git
290925018844,Linux
290925018018,SQL
290925018018,Azure
290925017694,SQL
290925014366,AWS
290925014366,Azure
290925014366,GCP
290925014366,Spark
290925014196,SQL
290925014196,Spark
290925014196,Git
290925013770,SQL
290925013770,Azure
290925012399,Python
290925012399,Linux
290925012003,SQL
290925012003,Power BI
290925012003,AWS
290925012003,Azure
290925012003,Databricks
290925006359,JavaScript
290925006031,Python
290925005917,NLP
290925005917,Generative AI
290925005917,Java
290925004379,Java
290925004379,React
280925004830,Python
280925004830,Docker
270925012443,Tableau
270925012362,AWS
270925012362,React
270925012357,Python
270925012357,AWS
270925012357,Docker
270925011696,Python
270925011696,SQL
270925011696,AWS
270925011696,Azure
270925011696,Spark
270925009540,Python
270925009540,SQL
270925009540,Power BI
270925009540,Tableau
270925008711,AWS
270925008633,Python
270925008633,AWS
270925008633,React
270925005552,React
260925921948,Java
260925909597,Kubernetes
260925504307,Git
260925504013,Python
260925504013,Machine Learning
260925504013,NLP
260925503775,JavaScript
260925503774,JavaScript
260925503766,SQL
260925503766,JavaScript
260925503745,JavaScript
260925503655,Linux
260925503503,GCP
260925502453,Excel
260925502199,SQL
260925502186,JavaScript
260925502148,JavaScript
260925502004,Machine Learning
260925501921,Python
260925501921,Git
260925501139,SQL
260925501139,Java
260925500376,JavaScript
260925500373,GCP
260925032291,Power BI
260925030049,Kubernetes
260925030049,Linux
260925025360,Python
260925025360,SQL
260925024852,Linux
260925024660,Python
260925024660,Docker
260925024660,Linux
260925024519,AWS
260925024519,JavaScript
260925024519,React
260925022131,Linux
260925021374,Linux
260925020857,Docker
260925020857,Java
260925018472,AWS
260925018472,Cybersecurity
260925015320,AWS
260925015320,Azure
260925014825,Azure
260925014825,Java
260925011448,Java
260925010355,Linux
260925007233,Azure
260925007108,AWS
260925000197,SQL
260925000197,Azure
250925932618,Python
250925932369,GCP
250925932313,Java
250925932281,AWS
250925932281,Kubernetes
250925932281,Java
250925932281,Linux
250925932277,Kubernetes
250925932277,Java
250925932277,JavaScript
250925932277,React
250925932265,Git
250925932265,Java
250925932255,Java
250925932250,Java
250925932250,JavaScript
250925932210,Python
250925932210,Kubernetes
250925932206,Python
250925932206,AWS
250925932206,Kubernetes
250925932169,Java
250925932143,Python
250925932143,SQL
250925932143,Azure
250925932087,Linux
250925932080,Java
250925932080,JavaScript
250925932073,Java
250925932065,Python
250925932043,Python
250925932041,SQL
250925932037,Python
250925932029,Python
250925932029,Azure
250925932029,Spark
250925932005,Java
250925931973,Python
250925931945,SQL
250925931940,Python
250925931904,Cybersecurity
250925931902,Python
250925931862,Java
250925931862,JavaScript
250925931856,Kubernetes
250925931856,JavaScript
250925931850,Python
250925931850,Linux
250925931818,Kubernetes
250925931818,Linux
250925931805,JavaScript
250925931798,SQL
250925931790,Git
250925931788,Java
250925931788,JavaScript
250925931728,Git
250925931728,Java
250925931727,Python
250925931727,AWS
250925931727,Kubernetes
250925931721,Docker
250925931721,Java
250925931718,Azure
250925931718,Kubernetes
250925931718,JavaScript
250925931717,Python
250925931707,Python
250925931707,Kubernetes
250925931705,Python
250925931694,Java
250925931694,Linux
250925931692,Python
250925931692,Docker
250925931692,Kubernetes
250925931689,SQL
250925931689,Azure
250925931689,Spark
250925931689,Databricks
250925931689,Git
250925931680,SQL
250925931670,Java
250925931643,Java
250925931613,Python
250925931613,AWS
250925931613,GCP
250925931613,Kubernetes
250925931606,Linux
250925931601,Python
250925931601,Java
250925931601,Linux
250925931596,Linux
250925931594,Java
250925931589,Azure
250925931589,JavaScript
250925931588,SQL
250925931588,Java
250925931579,SQL
250925931579,Kubernetes
250925931569,Java
250925931569,React
250925931566,Python
250925931566,SQL
250925931560,Python
250925931560,SQL
250925931560,Kubernetes
250925931552,Java
250925931198,Python
250925931198,Java
250925931197,Python
250925931197,Azure
250925931197,Databricks
250925931193,JavaScript
250925931184,SQL
250925931180,SQL
250925931172,Java
250925931172,JavaScript
250925931172,React
250925931166,JavaScript
250925931162,JavaScript
250925931157,Java
250925931154,Java
250925931154,Linux
250925931147,Java
250925931137,Python
250925931137,SQL
250925931137,Machine Learning
250925931134,Python
250925931119,Python
250925931119,Linux
250925931118,SQL
250925931030,Kubernetes
250925931030,Java
250925930622,SQL
250925930622,Java
250925930620,SQL
250925930620,Azure
250925930620,Java
250925930611,Linux
250925930608,JavaScript
250925930606,Python
250925930599,Java
250925930592,JavaScript
250925930590,Git
250925930589,SQL
250925930589,Linux
250925930477,Python
250925930477,Git
250925930469,Java
250925930452,SQL
250925930452,Java
250925930451,Java
250925930442,GCP
250925930431,SQL
250925930404,Java
250925930387,AWS
250925930376,Python
250925930376,SQL
250925930376,Machine Learning
250925930356,Java
250925930324,Python
250925930296,Java
250925930288,Python
250925930238,AWS
250925930238,Docker
250925930238,Kubernetes
250925930238,Java
250925930233,Python
250925930217,Python
250925930217,AWS
250925930217,Machine Learning
250925930217,Kubernetes
250925930203,SQL
250925930202,SQL
250925930191,SQL
250925930191,Spark
250925930165,Python
250925930165,Java
250925930164,AWS
250925930164,Azure
250925930164,GCP
250925930164,Docker
250925930164,Kubernetes
250925930152,Python
250925930152,Azure
250925930152,Spark
250925930104,Python
250925930104,Azure
250925930104,Linux
250925930078,Python
250925930078,NLP
250925930078,Kubernetes
250925930076,AWS
250925930076,Kubernetes
250925930067,Python
250925930067,SQL
250925930065,Java
250925930065,JavaScript
250925929540,SQL
250925929536,SQL
250925929525,JavaScript
250925929519,Azure
250925929502,SQL
250925929498,Java
250925929492,Python
250925929492,Kubernetes
250925929492,JavaScript
250925929488,Python
250925929488,Azure
250925929488,JavaScript
250925929473,Python
250925929467,Power BI
250925929452,AWS
250925929452,GCP
250925929452,Cybersecurity
250925929444,Python
250925929404,SQL
250925929392,Python
250925929392,Spark
250925929386,AWS
250925929386,Azure
250925929386,GCP
250925929348,SQL
250925929348,Azure
250925929348,Spark
250925929348,Databricks
250925929340,SQL
250925929340,Cybersecurity
250925928892,Python
250925928892,SQL
250925928884,Python
250925928884,Azure
250925928884,Docker
250925928884,Kubernetes
250925928765,Python
250925928541,SQL
250925928541,Spark
250925928538,Python
250925928538,Git
250925928510,Python
250925928510,Linux
250925928470,Linux
250925928462,Java
250925928186,Python
250925928186,Linux
250925928183,Azure
250925928036,Linux
250925928029,Java
250925928029,JavaScript
250925928029,React
250925928024,SQL
250925928024,Java
250925928021,Python
250925928021,SQL
250925928021,Machine Learning
250925928021,Java
250925928018,Kubernetes
250925928007,Java
250925928006,Linux
250925927999,Linux
250925927989,Python
250925927989,Java
250925927988,SQL
250925927985,SQL
250925927977,Java
250925927974,Python
250925927974,AWS
250925927974,Azure
250925927974,Machine Learning
250925927972,Java
250925927972,JavaScript
250925927849,Python
250925927849,Java
250925927849,JavaScript
250925927846,Python
250925927846,Linux
250925927838,Python
250925927838,Spark
250925927834,Git
250925927833,Python
250925927833,Java
250925927832,Java
250925927831,SQL
250925927831,AWS
250925927821,Azure
250925927811,Python
250925927811,Java
250925927811,Linux
250925927799,SQL
250925927794,SQL
250925927794,Power BI
250925927793,JavaScript
250925927789,Python
250925927779,Python
250925927779,Linux
250925927777,Java
250925926325,JavaScript
250925917990,SQL
250925917990,Tableau
250925917351,JavaScript
250925917330,JavaScript
250925917328,SQL
250925914235,SQL
250925913762,SQL
250925913762,Power BI
250925909271,Python
250925906050,SQL
250925906050,Java
250925905640,Linux
250925901046,Python
250925901046,SQL
250925901046,Kubernetes
250925509831,Linux
250925507290,Docker
250925507290,Kubernetes
250925507290,Java
250925501890,GCP
250925501855,Cybersecurity
250925501603,GCP
250925501603,Machine Learning
250925501603,Deep Learning
250925501601,Machine Learning
250925501538,SQL
250925501538,GCP
250925501537,JavaScript
250925501501,Python
250925501501,JavaScript
250925501474,JavaScript
250925501458,GCP
250925501458,Machine Learning
250925501386,Excel
250925501174,Cybersecurity
250925501095,Excel
250925501070,Spark
250925500857,JavaScript
250925500732,Machine Learning
250925500697,SQL
250925500697,JavaScript
250925500626,JavaScript
250925038701,Java
250925037827,Python
250925037827,Machine Learning
250925033695,Azure
250925033695,React
250925033601,Java
250925033501,Java
250925031985,JavaScript
250925029554,Python
250925029554,AWS
250925023644,SQL
250925017739,SQL
250925017739,AWS
250925017739,Java
250925017557,Java
250925017502,SQL
250925017502,Databricks
250925015387,SQL
250925015387,Power BI
250925015387,Tableau
250925015265,AWS
250925015265,React
250925013372,SQL
250925012403,SQL
250925012403,Power BI
250925012403,Tableau
250925010620,Linux
250925005051,Linux
250925003528,Python
250925003147,Python
250925003147,JavaScript
250825007513,GCP
250825007513,Java
240925933189,Docker
240925933189,Java
240925933172,Docker
240925933172,Java
240925933159,Docker
240925933159,Java
240925933158,Docker
240925933158,Java
240925932421,Python
240925932418,Java
240925932418,React
240925932381,Machine Learning
240925932381,Deep Learning
240925932381,NLP
240925931636,Machine Learning
240925931636,Deep Learning
240925931636,NLP
240925931628,Machine Learning
240925931628,Deep Learning
240925931628,NLP
240925931619,Machine Learning
240925931619,Deep Learning
240925931619,NLP
240925930809,Python
240925930341,JavaScript
240925927905,GCP
240925919187,GCP
240925919168,GCP
240925506020,Git
240925506017,Git
240925505025,GCP
240925505025,Linux
240925505002,JavaScript
240925503214,SQL
240925503214,Git
240925501852,SQL
240925501852,JavaScript
240925501666,JavaScript
240925500802,Linux
240925036212,Python
240925036212,AWS
240925036029,Python
240925036029,Java
240925036007,Docker
240925036007,Java
240925035426,SQL
240925035293,GCP
240925035293,React
240925034669,SQL
240925034669,Power BI
240925034669,Excel
240925030979,Linux
240925029579,Python
240925029579,AWS
240925029511,AWS
240925029378,AWS
240925028258,SQL
240925026234,Java
240925026212,Docker
240925026212,Git
240925025919,Python
240925025919,SQL
240925025866,Python
240925025866,Generative AI
240925025741,Generative AI
240925025711,AWS
240925025711,Java
240925025711,React
240925025360,GCP
240925023623,Azure
240925023623,Spark
240925023623,Databricks
240925022434,Python
240925022434,Docker
240925022434,Linux
240925020745,Power BI
240925019569,Excel
240925018004,Java
240925017609,JavaScript
240925017609,React
240925015817,Spark
240925015505,SQL
240925015505,Linux
240925014727,SQL
240925014377,Excel
240925013718,Excel
240925012892,Azure
240925011283,Python
240925011283,AWS
240925010437,Java
240925010437,React
240925010341,JavaScript
240925009444,Python
240925007854,SQL
240725021901,Docker
240725021901,Java
240725019479,Java
230925935917,AWS
230925935917,GCP
230925935917,Kubernetes
230925935916,Azure
230925935915,Azure
230925935908,Python
230925935908,Java
230925935906,Python
230925935906,Java
230925935784,Python
230925935784,SQL
230925935782,Python
230925935752,Python
230925935752,SQL
230925935656,SQL
230925935656,Kubernetes
230925935656,JavaScript
230925930543,SQL
230925930543,AWS
230925930543,GCP
230925930370,Java
230925930203,SQL
230925930203,Java
230925930203,React
230925929896,Git
230925929896,Java
230925929840,AWS
230925929840,Spark
230925926149,JavaScript
230925926072,Power BI
230925925873,SQL
230925918085,Python
230925918054,JavaScript
230925917160,Git
230925913621,Java
230925912172,Java
230925912172,JavaScript
230925508023,SQL
230925507023,Python
230925507023,AWS
230925506893,Docker
230925506893,Kubernetes
230925506893,Java
230925506618,AWS
230925506618,Azure
230925506618,Docker
230925506564,Excel
230925506247,Machine Learning
230925506247,Java
230925505929,SQL
230925505416,Excel
230925501152,Linux
230925500957,JavaScript
230925500957,React
230925500892,SQL
230925500892,JavaScript
230925500859,Python
230925500859,SQL
230925500859,Tableau
230925500759,GCP
230925500759,Spark
230925500759,Deep Learning
230925500559,GCP
230925500559,Linux
230925500485,JavaScript
230925500374,Java
230925500292,Machine Learning
230925500109,GCP
230925500109,Git
230925039037,SQL
230925038331,Azure
230925038331,Kubernetes
230925038331,Linux
230925038217,Python
230925037521,JavaScript
230925037521,React
230925037061,Linux
230925036481,Docker
230925036481,Java
230925036481,JavaScript
230925036457,Java
230925035548,Python
230925035548,SQL
230925035034,Java
230925035034,React
230925034868,Java
230925034316,Python
230925034316,Spark
230925034283,SQL
230925031172,Cybersecurity
230925030852,Machine Learning
230925030852,NLP
230925030852,Generative AI
230925029036,Python
230925028747,Java
230925028674,Machine Learning
230925028674,NLP
230925027545,Python
230925027545,Java
230925027498,Python
230925027498,Java
230925027294,Java
230925026849,Excel
230925023926,Python
230925023926,SQL
230925023926,Azure
230925023926,Spark
230925019406,Python
230925019406,Machine Learning
230925019406,Deep Learning
230925019406,NLP
230925019406,Generative AI
230925019090,Java
230925019040,Python
230925019040,Docker
230925019040,Git
230925018950,Java
230925018552,SQL
230925018552,Java
230925014071,Java
230925014071,React
230925013807,Java
230925013807,Linux
230925013636,Java
230925010641,AWS
230925010641,Java
230425022895,React
220925005863,Java
220925005863,JavaScript
220925005863,React
200824007977,Python
190925020505,SQL
190925020505,AWS
190925020505,Docker
190925020505,Kubernetes
190925020505,Git
190825015936,SQL
190825015936,Azure
190825015936,JavaScript
180825004764,Excel
180325013009,Python
180325013009,SQL
180325013009,AWS
170725037162,Power BI
161024017350,SQL
161024017350,Java
160925936149,Spark
160925029900,Linux
150725015004,Cybersecurity
140625008042,Linux
130925004694,Python
130925004694,NLP
130925004694,Generative AI
110925019701,Python
110925019701,NLP
110925000115,Java
110825010409,GCP
110825010409,Kubernetes
110825010409,React
100925034067,Java
100725015003,Python
100725015003,AWS
100225014119,Excel
90925034230,Python
90925034230,Deep Learning
90925032431,JavaScript
90925029940,SQL
90925029940,Java
90925027480,Python
90925027480,SQL
90925019601,Azure
80925013586,Power BI
80925013586,AWS
70923009195,Excel
70725004562,Java
70525004208,AWS
70525004208,Azure
70525004208,GCP
70525004208,Docker
70525004208,Linux
60925012567,Git
60925012567,Java
60925012567,JavaScript
60825017504,React
50825011622,Linux
31025502333,AWS
31025500895,Machine Learning
31025016034,SQL
31025016034,Power BI
31025016034,Excel
31025004120,Docker
31025004120,Kubernetes
31025004120,Linux
30925014109,Excel
11025502060,JavaScript
11025501800,Python
11025501800,SQL
11025501800,Power BI
11025501629,GCP
11025500511,JavaScript
11025020173,Excel
10925003709,Java
10925002759,GCP
10925000017,Python
10925000017,SQL
10925000017,Azure
10925000017,Spark
10925000017,Databricks
300925504459,Git
300925504284,Machine Learning
300925504235,SQL
300925503097,JavaScript
300925503073,Linux
300925502674,Excel
300925502668,Git
300925502665,Linux
300925502662,Linux
300925030530,Cybersecurity
300925025095,Python
300925025095,Machine Learning
300925025095,Generative AI
300925023000,SQL
300925023000,Java
300925022365,Java
300925022244,AWS
300925022056,Azure
300925022056,Docker
300925022056,Kubernetes
300925022056,Linux
300925021685,SQL
300925012822,Java
300925012822,React
300925011305,Java
290925926678,Power BI
290925926671,Python
290925926671,JavaScript
290925926665,SQL
290925926665,Java
290925926663,Python
290925926663,Machine Learning
290925926663,Kubernetes
290925926662,Java
290925926644,Python
290925926644,Power BI
290925926644,Tableau
290925926644,Excel
290925918121,Python
290925918121,Java
290925918117,Python
290925918117,Java
290925913270,JavaScript
290925913270,React
290925913269,Python
290925913266,SQL
290925913260,SQL
290925913260,Java
290925913259,Python
290925913259,SQL
290925913257,Python
290925913036,SQL
290925913036,Power BI
290925913036,Tableau
290925912776,Python
290925912776,AWS
290925912776,Docker
290925912776,Kubernetes
290925912776,Linux
290925912775,AWS
290925912774,Git
290925912772,JavaScript
290925912679,Python
290925912679,AWS
290925912679,GCP
290925912679,Spark
290925912678,Azure
290925912675,Python
290925912675,AWS
290925912675,GCP
290925912675,Spark
290925912674,Java
290925912458,Java
290925912457,Python
290925912457,AWS
290925912455,AWS
290925912455,Azure
290925912455,Docker
290925912454,AWS
290925912454,Docker
290925912454,Kubernetes
290925912279,JavaScript
290925912279,React
290925912278,Python
290925912278,Java
290925912278,JavaScript
290925912278,React
290925912276,Azure
290925912276,JavaScript
290925912273,Python
290925912273,Java
290925912273,JavaScript
290925912273,React
290925912272,Python
290925912272,Java
290925912272,JavaScript
290925912272,React
290925912270,Python
290925912270,Java
290925912270,JavaScript
290925912270,React
290925912268,Python
290925912268,Java
290925912268,JavaScript
290925912268,React
290925912267,JavaScript
290925912267,React
290925911958,Python
290925911958,Java
290925911958,JavaScript
290925911958,React
290925911957,Python
290925911957,Java
290925911957,JavaScript
290925911957,React
290925911955,Python
290925911955,Java
290925911955,JavaScript
290925911948,Python
290925904818,Python
290925904818,Java
290925904818,JavaScript
290925904818,React
290925904817,Python
290925904817,Java
290925904817,JavaScript
290925904817,React
290925904683,Python
290925904683,Java
290925904683,JavaScript
290925904683,React
290925904345,AWS
290925904345,Azure
290925904190,JavaScript
290925904190,React
290925904159,Tableau
290925904157,Python
290925904157,JavaScript
290925904156,Python
290925904156,AWS
290925903903,Tableau
290925903901,Tableau
290925903899,Python
290925903898,Azure
290925903898,JavaScript
290925903895,Linux
290925903285,Python
290925903285,AWS
290925903280,Python
290925903280,AWS
290925903279,Python
290925903279,JavaScript
290925903277,Tableau
290925903276,Python
290925902863,JavaScript
290925902863,React
290925902861,Tableau
290925902860,AWS
290925902860,Azure
290925902860,GCP
290925902860,Docker
290925902860,Kubernetes
290925902859,Python
290925902859,AWS
290925902743,SQL
290925902743,GCP
290925902743,Java
290925501857,Power BI
290925501857,Azure
290925501857,Databricks
290925501856,Python
290925501856,SQL
290925501487,Python
290925501363,Excel
290925501362,AWS
290925501362,Kubernetes
290925501362,JavaScript
290925501359,Python
290925501358,Python
290925501358,SQL
290925501358,Power BI
290925501324,Python
290925500979,Git
290925500648,SQL
290925027053,Azure
290925019201,SQL
290925019193,Power BI
290925019193,Tableau
290925016304,Python
290925016304,Machine Learning
290925016304,Generative AI
290925015821,Excel
290925015814,Excel
290925011759,Python
290925011759,Machine Learning
290925011759,Deep Learning
290925005911,Azure
290925005911,Kubernetes
290925005650,Azure
290925005650,Docker
290925005650,Kubernetes
290925002158,Python
290925002158,SQL
290925002158,Docker
290925001469,Spark
280925004700,AWS
280725006199,Java
280725006199,JavaScript
280725006199,React
270925010370,Excel
270925008906,Git
